ISO-10303-21;
HEADER;
FILE_DESCRIPTION(('Open CASCADE Model'),'2;1');
FILE_NAME('Open CASCADE Shape Model','2026-06-28T13:43:22',('Author'),(
    'Open CASCADE'),'Open CASCADE STEP processor 7.8','Open CASCADE 7.8'
  ,'Unknown');
FILE_SCHEMA(('AUTOMOTIVE_DESIGN { 1 0 10303 214 1 1 1 1 }'));
ENDSEC;
DATA;
#1 = APPLICATION_PROTOCOL_DEFINITION('international standard',
  'automotive_design',2000,#2);
#2 = APPLICATION_CONTEXT(
  'core data for automotive mechanical design processes');
#3 = SHAPE_DEFINITION_REPRESENTATION(#4,#10);
#4 = PRODUCT_DEFINITION_SHAPE('','',#5);
#5 = PRODUCT_DEFINITION('design','',#6,#9);
#6 = PRODUCT_DEFINITION_FORMATION('','',#7);
#7 = PRODUCT('Open CASCADE STEP translator 7.8 1',
  'Open CASCADE STEP translator 7.8 1','',(#8));
#8 = PRODUCT_CONTEXT('',#2,'mechanical');
#9 = PRODUCT_DEFINITION_CONTEXT('part definition',#2,'design');
#10 = ADVANCED_BREP_SHAPE_REPRESENTATION('',(#11,#15),#6891);
#11 = AXIS2_PLACEMENT_3D('',#12,#13,#14);
#12 = CARTESIAN_POINT('',(0.,0.,0.));
#13 = DIRECTION('',(0.,0.,1.));
#14 = DIRECTION('',(1.,0.,-0.));
#15 = MANIFOLD_SOLID_BREP('',#16);
#16 = CLOSED_SHELL('',(#17,#139,#1125,#1172,#1497,#1524,#1821,#1848,
    #1964,#1991,#2046,#2073,#2128,#2155,#2280,#2307,#2688,#2715,#2722,
    #2796,#2843,#2890,#2937,#2984,#3031,#3078,#3125,#3618,#3700,#3755,
    #3810,#3892,#4282,#4329,#4354,#4436,#4491,#4546,#4606,#4683,#4732,
    #4781,#4835,#4887,#4937,#4986,#5013,#5124,#5206,#5400,#5452,#5669,
    #5716,#5773,#5825,#6037,#6062,#6089,#6100,#6127,#6134,#6208,#6233,
    #6280,#6334,#6456,#6503,#6555,#6582,#6629,#6654,#6701,#6728,#6775,
    #6820,#6827,#6852,#6859,#6884));
#17 = ADVANCED_FACE('',(#18),#31,.F.);
#18 = FACE_BOUND('',#19,.F.);
#19 = EDGE_LOOP('',(#20,#55,#85,#111));
#20 = ORIENTED_EDGE('',*,*,#21,.T.);
#21 = EDGE_CURVE('',#22,#24,#26,.T.);
#22 = VERTEX_POINT('',#23);
#23 = CARTESIAN_POINT('',(20.,0.,0.));
#24 = VERTEX_POINT('',#25);
#25 = CARTESIAN_POINT('',(18.478,11.481,0.));
#26 = SURFACE_CURVE('',#27,(#30,#44),.PCURVE_S1.);
#27 = B_SPLINE_CURVE_WITH_KNOTS('',1,(#28,#29),.UNSPECIFIED.,.F.,.F.,(2,
    2),(0.,1.),.PIECEWISE_BEZIER_KNOTS.);
#28 = CARTESIAN_POINT('',(20.,0.,0.));
#29 = CARTESIAN_POINT('',(18.478,11.481,0.));
#30 = PCURVE('',#31,#38);
#31 = B_SPLINE_SURFACE_WITH_KNOTS('',1,2,(
    (#32,#33,#34)
    ,(#35,#36,#37
    )),.UNSPECIFIED.,.F.,.F.,.F.,(2,2),(3,3),(0.,1.),(0.,1.),
  .PIECEWISE_BEZIER_KNOTS.);
#32 = CARTESIAN_POINT('',(20.,0.,0.));
#33 = CARTESIAN_POINT('',(21.5,0.,-5.));
#34 = CARTESIAN_POINT('',(5.,0.,-10.));
#35 = CARTESIAN_POINT('',(18.478,11.481,0.));
#36 = CARTESIAN_POINT('',(19.8635,12.054,-5.));
#37 = CARTESIAN_POINT('',(4.619,2.679,-10.));
#38 = DEFINITIONAL_REPRESENTATION('',(#39),#43);
#39 = LINE('',#40,#41);
#40 = CARTESIAN_POINT('',(0.,0.));
#41 = VECTOR('',#42,1.);
#42 = DIRECTION('',(1.,0.));
#43 = ( GEOMETRIC_REPRESENTATION_CONTEXT(2) 
PARAMETRIC_REPRESENTATION_CONTEXT() REPRESENTATION_CONTEXT('2D SPACE',''
  ) );
#44 = PCURVE('',#45,#50);
#45 = PLANE('',#46);
#46 = AXIS2_PLACEMENT_3D('',#47,#48,#49);
#47 = CARTESIAN_POINT('',(20.,0.,0.));
#48 = DIRECTION('',(0.,0.,1.));
#49 = DIRECTION('',(-0.849401373794,0.527747388621,0.));
#50 = DEFINITIONAL_REPRESENTATION('',(#51),#54);
#51 = B_SPLINE_CURVE_WITH_KNOTS('',1,(#52,#53),.UNSPECIFIED.,.F.,.F.,(2,
    2),(0.,1.),.PIECEWISE_BEZIER_KNOTS.);
#52 = CARTESIAN_POINT('',(0.,0.));
#53 = CARTESIAN_POINT('',(7.351856659673,-8.948745647051));
#54 = ( GEOMETRIC_REPRESENTATION_CONTEXT(2) 
PARAMETRIC_REPRESENTATION_CONTEXT() REPRESENTATION_CONTEXT('2D SPACE',''
  ) );
#55 = ORIENTED_EDGE('',*,*,#56,.T.);
#56 = EDGE_CURVE('',#24,#57,#59,.T.);
#57 = VERTEX_POINT('',#58);
#58 = CARTESIAN_POINT('',(4.619,2.679,-10.));
#59 = SURFACE_CURVE('',#60,(#64,#71),.PCURVE_S1.);
#60 = B_SPLINE_CURVE_WITH_KNOTS('',2,(#61,#62,#63),.UNSPECIFIED.,.F.,.F.
  ,(3,3),(0.,1.),.PIECEWISE_BEZIER_KNOTS.);
#61 = CARTESIAN_POINT('',(18.478,11.481,0.));
#62 = CARTESIAN_POINT('',(19.8635,12.054,-5.));
#63 = CARTESIAN_POINT('',(4.619,2.679,-10.));
#64 = PCURVE('',#31,#65);
#65 = DEFINITIONAL_REPRESENTATION('',(#66),#70);
#66 = LINE('',#67,#68);
#67 = CARTESIAN_POINT('',(1.,0.));
#68 = VECTOR('',#69,1.);
#69 = DIRECTION('',(0.,1.));
#70 = ( GEOMETRIC_REPRESENTATION_CONTEXT(2) 
PARAMETRIC_REPRESENTATION_CONTEXT() REPRESENTATION_CONTEXT('2D SPACE',''
  ) );
#71 = PCURVE('',#72,#79);
#72 = B_SPLINE_SURFACE_WITH_KNOTS('',1,2,(
    (#73,#74,#75)
    ,(#76,#77,#78
    )),.UNSPECIFIED.,.F.,.F.,.F.,(2,2),(3,3),(1.,2.),(0.,1.),
  .PIECEWISE_BEZIER_KNOTS.);
#73 = CARTESIAN_POINT('',(18.478,11.481,0.));
#74 = CARTESIAN_POINT('',(19.8635,12.054,-5.));
#75 = CARTESIAN_POINT('',(4.619,2.679,-10.));
#76 = CARTESIAN_POINT('',(14.142,21.213,0.));
#77 = CARTESIAN_POINT('',(15.203,22.2745,-5.));
#78 = CARTESIAN_POINT('',(3.536,4.95,-10.));
#79 = DEFINITIONAL_REPRESENTATION('',(#80),#84);
#80 = LINE('',#81,#82);
#81 = CARTESIAN_POINT('',(1.,0.));
#82 = VECTOR('',#83,1.);
#83 = DIRECTION('',(0.,1.));
#84 = ( GEOMETRIC_REPRESENTATION_CONTEXT(2) 
PARAMETRIC_REPRESENTATION_CONTEXT() REPRESENTATION_CONTEXT('2D SPACE',''
  ) );
#85 = ORIENTED_EDGE('',*,*,#86,.F.);
#86 = EDGE_CURVE('',#87,#57,#89,.T.);
#87 = VERTEX_POINT('',#88);
#88 = CARTESIAN_POINT('',(5.,0.,-10.));
#89 = SURFACE_CURVE('',#90,(#93,#100),.PCURVE_S1.);
#90 = B_SPLINE_CURVE_WITH_KNOTS('',1,(#91,#92),.UNSPECIFIED.,.F.,.F.,(2,
    2),(0.,1.),.PIECEWISE_BEZIER_KNOTS.);
#91 = CARTESIAN_POINT('',(5.,0.,-10.));
#92 = CARTESIAN_POINT('',(4.619,2.679,-10.));
#93 = PCURVE('',#31,#94);
#94 = DEFINITIONAL_REPRESENTATION('',(#95),#99);
#95 = LINE('',#96,#97);
#96 = CARTESIAN_POINT('',(0.,1.));
#97 = VECTOR('',#98,1.);
#98 = DIRECTION('',(1.,0.));
#99 = ( GEOMETRIC_REPRESENTATION_CONTEXT(2) 
PARAMETRIC_REPRESENTATION_CONTEXT() REPRESENTATION_CONTEXT('2D SPACE',''
  ) );
#100 = PCURVE('',#101,#106);
#101 = PLANE('',#102);
#102 = AXIS2_PLACEMENT_3D('',#103,#104,#105);
#103 = CARTESIAN_POINT('',(5.,0.,-10.));
#104 = DIRECTION('',(0.,0.,-1.));
#105 = DIRECTION('',(-1.,0.,0.));
#106 = DEFINITIONAL_REPRESENTATION('',(#107),#110);
#107 = B_SPLINE_CURVE_WITH_KNOTS('',1,(#108,#109),.UNSPECIFIED.,.F.,.F.,
  (2,2),(0.,1.),.PIECEWISE_BEZIER_KNOTS.);
#108 = CARTESIAN_POINT('',(0.,0.));
#109 = CARTESIAN_POINT('',(0.381,2.679));
#110 = ( GEOMETRIC_REPRESENTATION_CONTEXT(2) 
PARAMETRIC_REPRESENTATION_CONTEXT() REPRESENTATION_CONTEXT('2D SPACE',''
  ) );
#111 = ORIENTED_EDGE('',*,*,#112,.F.);
#112 = EDGE_CURVE('',#22,#87,#113,.T.);
#113 = SURFACE_CURVE('',#114,(#118,#125),.PCURVE_S1.);
#114 = B_SPLINE_CURVE_WITH_KNOTS('',2,(#115,#116,#117),.UNSPECIFIED.,.F.
  ,.F.,(3,3),(0.,1.),.PIECEWISE_BEZIER_KNOTS.);
#115 = CARTESIAN_POINT('',(20.,0.,0.));
#116 = CARTESIAN_POINT('',(21.5,0.,-5.));
#117 = CARTESIAN_POINT('',(5.,0.,-10.));
#118 = PCURVE('',#31,#119);
#119 = DEFINITIONAL_REPRESENTATION('',(#120),#124);
#120 = LINE('',#121,#122);
#121 = CARTESIAN_POINT('',(0.,0.));
#122 = VECTOR('',#123,1.);
#123 = DIRECTION('',(0.,1.));
#124 = ( GEOMETRIC_REPRESENTATION_CONTEXT(2) 
PARAMETRIC_REPRESENTATION_CONTEXT() REPRESENTATION_CONTEXT('2D SPACE',''
  ) );
#125 = PCURVE('',#126,#133);
#126 = B_SPLINE_SURFACE_WITH_KNOTS('',1,2,(
    (#127,#128,#129)
    ,(#130,#131,#132
    )),.UNSPECIFIED.,.F.,.F.,.F.,(2,2),(3,3),(15.,16.),(0.,1.),
  .PIECEWISE_BEZIER_KNOTS.);
#127 = CARTESIAN_POINT('',(18.478,-11.481,0.));
#128 = CARTESIAN_POINT('',(19.8635,-12.054,-5.));
#129 = CARTESIAN_POINT('',(4.619,-2.679,-10.));
#130 = CARTESIAN_POINT('',(20.,-7.670446974492E-18,0.));
#131 = CARTESIAN_POINT('',(21.5,-1.503347221927E-16,-5.));
#132 = CARTESIAN_POINT('',(5.,-1.380148522185E-17,-10.));
#133 = DEFINITIONAL_REPRESENTATION('',(#134),#138);
#134 = LINE('',#135,#136);
#135 = CARTESIAN_POINT('',(16.,0.));
#136 = VECTOR('',#137,1.);
#137 = DIRECTION('',(0.,1.));
#138 = ( GEOMETRIC_REPRESENTATION_CONTEXT(2) 
PARAMETRIC_REPRESENTATION_CONTEXT() REPRESENTATION_CONTEXT('2D SPACE',''
  ) );
#139 = ADVANCED_FACE('',(#140,#547),#45,.T.);
#140 = FACE_BOUND('',#141,.T.);
#141 = EDGE_LOOP('',(#142,#143,#164,#192,#220,#248,#276,#304,#332,#360,
    #388,#416,#444,#472,#500,#528));
#142 = ORIENTED_EDGE('',*,*,#21,.T.);
#143 = ORIENTED_EDGE('',*,*,#144,.T.);
#144 = EDGE_CURVE('',#24,#145,#147,.T.);
#145 = VERTEX_POINT('',#146);
#146 = CARTESIAN_POINT('',(14.142,21.213,0.));
#147 = SURFACE_CURVE('',#148,(#151,#157),.PCURVE_S1.);
#148 = B_SPLINE_CURVE_WITH_KNOTS('',1,(#149,#150),.UNSPECIFIED.,.F.,.F.,
  (2,2),(1.,2.),.PIECEWISE_BEZIER_KNOTS.);
#149 = CARTESIAN_POINT('',(18.478,11.481,0.));
#150 = CARTESIAN_POINT('',(14.142,21.213,0.));
#151 = PCURVE('',#45,#152);
#152 = DEFINITIONAL_REPRESENTATION('',(#153),#156);
#153 = B_SPLINE_CURVE_WITH_KNOTS('',1,(#154,#155),.UNSPECIFIED.,.F.,.F.,
  (2,2),(1.,2.),.PIECEWISE_BEZIER_KNOTS.);
#154 = CARTESIAN_POINT('',(7.351856659673,-8.948745647051));
#155 = CARTESIAN_POINT('',(16.170898602505,-14.92680713975));
#156 = ( GEOMETRIC_REPRESENTATION_CONTEXT(2) 
PARAMETRIC_REPRESENTATION_CONTEXT() REPRESENTATION_CONTEXT('2D SPACE',''
  ) );
#157 = PCURVE('',#72,#158);
#158 = DEFINITIONAL_REPRESENTATION('',(#159),#163);
#159 = LINE('',#160,#161);
#160 = CARTESIAN_POINT('',(0.,0.));
#161 = VECTOR('',#162,1.);
#162 = DIRECTION('',(1.,0.));
#163 = ( GEOMETRIC_REPRESENTATION_CONTEXT(2) 
PARAMETRIC_REPRESENTATION_CONTEXT() REPRESENTATION_CONTEXT('2D SPACE',''
  ) );
#164 = ORIENTED_EDGE('',*,*,#165,.T.);
#165 = EDGE_CURVE('',#145,#166,#168,.T.);
#166 = VERTEX_POINT('',#167);
#167 = CARTESIAN_POINT('',(7.654,27.716,0.));
#168 = SURFACE_CURVE('',#169,(#172,#178),.PCURVE_S1.);
#169 = B_SPLINE_CURVE_WITH_KNOTS('',1,(#170,#171),.UNSPECIFIED.,.F.,.F.,
  (2,2),(2.,3.),.PIECEWISE_BEZIER_KNOTS.);
#170 = CARTESIAN_POINT('',(14.142,21.213,0.));
#171 = CARTESIAN_POINT('',(7.654,27.716,0.));
#172 = PCURVE('',#45,#173);
#173 = DEFINITIONAL_REPRESENTATION('',(#174),#177);
#174 = B_SPLINE_CURVE_WITH_KNOTS('',1,(#175,#176),.UNSPECIFIED.,.F.,.F.,
  (2,2),(2.,3.),.PIECEWISE_BEZIER_KNOTS.);
#175 = CARTESIAN_POINT('',(16.170898602505,-14.92680713975));
#176 = CARTESIAN_POINT('',(25.113755983885,-17.02643921616));
#177 = ( GEOMETRIC_REPRESENTATION_CONTEXT(2) 
PARAMETRIC_REPRESENTATION_CONTEXT() REPRESENTATION_CONTEXT('2D SPACE',''
  ) );
#178 = PCURVE('',#179,#186);
#179 = B_SPLINE_SURFACE_WITH_KNOTS('',1,2,(
    (#180,#181,#182)
    ,(#183,#184,#185
    )),.UNSPECIFIED.,.F.,.F.,.F.,(2,2),(3,3),(2.,3.),(0.,1.),
  .PIECEWISE_BEZIER_KNOTS.);
#180 = CARTESIAN_POINT('',(14.142,21.213,0.));
#181 = CARTESIAN_POINT('',(15.203,22.2745,-5.));
#182 = CARTESIAN_POINT('',(3.536,4.95,-10.));
#183 = CARTESIAN_POINT('',(7.654,27.716,0.));
#184 = CARTESIAN_POINT('',(8.2285,29.1025,-5.));
#185 = CARTESIAN_POINT('',(1.913,6.467,-10.));
#186 = DEFINITIONAL_REPRESENTATION('',(#187),#191);
#187 = LINE('',#188,#189);
#188 = CARTESIAN_POINT('',(0.,0.));
#189 = VECTOR('',#190,1.);
#190 = DIRECTION('',(1.,0.));
#191 = ( GEOMETRIC_REPRESENTATION_CONTEXT(2) 
PARAMETRIC_REPRESENTATION_CONTEXT() REPRESENTATION_CONTEXT('2D SPACE',''
  ) );
#192 = ORIENTED_EDGE('',*,*,#193,.T.);
#193 = EDGE_CURVE('',#166,#194,#196,.T.);
#194 = VERTEX_POINT('',#195);
#195 = CARTESIAN_POINT('',(0.,30.,0.));
#196 = SURFACE_CURVE('',#197,(#200,#206),.PCURVE_S1.);
#197 = B_SPLINE_CURVE_WITH_KNOTS('',1,(#198,#199),.UNSPECIFIED.,.F.,.F.,
  (2,2),(3.,4.),.PIECEWISE_BEZIER_KNOTS.);
#198 = CARTESIAN_POINT('',(7.654,27.716,0.));
#199 = CARTESIAN_POINT('',(0.,30.,0.));
#200 = PCURVE('',#45,#201);
#201 = DEFINITIONAL_REPRESENTATION('',(#202),#205);
#202 = B_SPLINE_CURVE_WITH_KNOTS('',1,(#203,#204),.UNSPECIFIED.,.F.,.F.,
  (2,2),(3.,4.),.PIECEWISE_BEZIER_KNOTS.);
#203 = CARTESIAN_POINT('',(25.113755983885,-17.02643921616));
#204 = CARTESIAN_POINT('',(32.820449134517,-14.9270934414));
#205 = ( GEOMETRIC_REPRESENTATION_CONTEXT(2) 
PARAMETRIC_REPRESENTATION_CONTEXT() REPRESENTATION_CONTEXT('2D SPACE',''
  ) );
#206 = PCURVE('',#207,#214);
#207 = B_SPLINE_SURFACE_WITH_KNOTS('',1,2,(
    (#208,#209,#210)
    ,(#211,#212,#213
    )),.UNSPECIFIED.,.F.,.F.,.F.,(2,2),(3,3),(3.,4.),(0.,1.),
  .PIECEWISE_BEZIER_KNOTS.);
#208 = CARTESIAN_POINT('',(7.654,27.716,0.));
#209 = CARTESIAN_POINT('',(8.2285,29.1025,-5.));
#210 = CARTESIAN_POINT('',(1.913,6.467,-10.));
#211 = CARTESIAN_POINT('',(0.,30.,0.));
#212 = CARTESIAN_POINT('',(0.,31.5,-5.));
#213 = CARTESIAN_POINT('',(0.,7.,-10.));
#214 = DEFINITIONAL_REPRESENTATION('',(#215),#219);
#215 = LINE('',#216,#217);
#216 = CARTESIAN_POINT('',(0.,0.));
#217 = VECTOR('',#218,1.);
#218 = DIRECTION('',(1.,0.));
#219 = ( GEOMETRIC_REPRESENTATION_CONTEXT(2) 
PARAMETRIC_REPRESENTATION_CONTEXT() REPRESENTATION_CONTEXT('2D SPACE',''
  ) );
#220 = ORIENTED_EDGE('',*,*,#221,.T.);
#221 = EDGE_CURVE('',#194,#222,#224,.T.);
#222 = VERTEX_POINT('',#223);
#223 = CARTESIAN_POINT('',(-7.654,27.716,0.));
#224 = SURFACE_CURVE('',#225,(#228,#234),.PCURVE_S1.);
#225 = B_SPLINE_CURVE_WITH_KNOTS('',1,(#226,#227),.UNSPECIFIED.,.F.,.F.,
  (2,2),(4.,5.),.PIECEWISE_BEZIER_KNOTS.);
#226 = CARTESIAN_POINT('',(0.,30.,0.));
#227 = CARTESIAN_POINT('',(-7.654,27.716,0.));
#228 = PCURVE('',#45,#229);
#229 = DEFINITIONAL_REPRESENTATION('',(#230),#233);
#230 = B_SPLINE_CURVE_WITH_KNOTS('',1,(#231,#232),.UNSPECIFIED.,.F.,.F.,
  (2,2),(4.,5.),.PIECEWISE_BEZIER_KNOTS.);
#231 = CARTESIAN_POINT('',(32.820449134517,-14.9270934414));
#232 = CARTESIAN_POINT('',(38.116392213929,-8.947682191158));
#233 = ( GEOMETRIC_REPRESENTATION_CONTEXT(2) 
PARAMETRIC_REPRESENTATION_CONTEXT() REPRESENTATION_CONTEXT('2D SPACE',''
  ) );
#234 = PCURVE('',#235,#242);
#235 = B_SPLINE_SURFACE_WITH_KNOTS('',1,2,(
    (#236,#237,#238)
    ,(#239,#240,#241
    )),.UNSPECIFIED.,.F.,.F.,.F.,(2,2),(3,3),(4.,5.),(0.,1.),
  .PIECEWISE_BEZIER_KNOTS.);
#236 = CARTESIAN_POINT('',(0.,30.,0.));
#237 = CARTESIAN_POINT('',(0.,31.5,-5.));
#238 = CARTESIAN_POINT('',(0.,7.,-10.));
#239 = CARTESIAN_POINT('',(-7.654,27.716,0.));
#240 = CARTESIAN_POINT('',(-8.2285,29.1025,-5.));
#241 = CARTESIAN_POINT('',(-1.913,6.467,-10.));
#242 = DEFINITIONAL_REPRESENTATION('',(#243),#247);
#243 = LINE('',#244,#245);
#244 = CARTESIAN_POINT('',(0.,0.));
#245 = VECTOR('',#246,1.);
#246 = DIRECTION('',(1.,0.));
#247 = ( GEOMETRIC_REPRESENTATION_CONTEXT(2) 
PARAMETRIC_REPRESENTATION_CONTEXT() REPRESENTATION_CONTEXT('2D SPACE',''
  ) );
#248 = ORIENTED_EDGE('',*,*,#249,.T.);
#249 = EDGE_CURVE('',#222,#250,#252,.T.);
#250 = VERTEX_POINT('',#251);
#251 = CARTESIAN_POINT('',(-14.142,21.213,0.));
#252 = SURFACE_CURVE('',#253,(#256,#262),.PCURVE_S1.);
#253 = B_SPLINE_CURVE_WITH_KNOTS('',1,(#254,#255),.UNSPECIFIED.,.F.,.F.,
  (2,2),(5.,6.),.PIECEWISE_BEZIER_KNOTS.);
#254 = CARTESIAN_POINT('',(-7.654,27.716,0.));
#255 = CARTESIAN_POINT('',(-14.142,21.213,0.));
#256 = PCURVE('',#45,#257);
#257 = DEFINITIONAL_REPRESENTATION('',(#258),#261);
#258 = B_SPLINE_CURVE_WITH_KNOTS('',1,(#259,#260),.UNSPECIFIED.,.F.,.F.,
  (2,2),(5.,6.),.PIECEWISE_BEZIER_KNOTS.);
#259 = CARTESIAN_POINT('',(38.116392213929,-8.947682191158));
#260 = CARTESIAN_POINT('',(40.195367058904,1.7763568394E-15));
#261 = ( GEOMETRIC_REPRESENTATION_CONTEXT(2) 
PARAMETRIC_REPRESENTATION_CONTEXT() REPRESENTATION_CONTEXT('2D SPACE',''
  ) );
#262 = PCURVE('',#263,#270);
#263 = B_SPLINE_SURFACE_WITH_KNOTS('',1,2,(
    (#264,#265,#266)
    ,(#267,#268,#269
    )),.UNSPECIFIED.,.F.,.F.,.F.,(2,2),(3,3),(5.,6.),(0.,1.),
  .PIECEWISE_BEZIER_KNOTS.);
#264 = CARTESIAN_POINT('',(-7.654,27.716,0.));
#265 = CARTESIAN_POINT('',(-8.2285,29.1025,-5.));
#266 = CARTESIAN_POINT('',(-1.913,6.467,-10.));
#267 = CARTESIAN_POINT('',(-14.142,21.213,0.));
#268 = CARTESIAN_POINT('',(-15.203,22.2745,-5.));
#269 = CARTESIAN_POINT('',(-3.536,4.95,-10.));
#270 = DEFINITIONAL_REPRESENTATION('',(#271),#275);
#271 = LINE('',#272,#273);
#272 = CARTESIAN_POINT('',(0.,0.));
#273 = VECTOR('',#274,1.);
#274 = DIRECTION('',(1.,0.));
#275 = ( GEOMETRIC_REPRESENTATION_CONTEXT(2) 
PARAMETRIC_REPRESENTATION_CONTEXT() REPRESENTATION_CONTEXT('2D SPACE',''
  ) );
#276 = ORIENTED_EDGE('',*,*,#277,.T.);
#277 = EDGE_CURVE('',#250,#278,#280,.T.);
#278 = VERTEX_POINT('',#279);
#279 = CARTESIAN_POINT('',(-18.478,11.481,0.));
#280 = SURFACE_CURVE('',#281,(#284,#290),.PCURVE_S1.);
#281 = B_SPLINE_CURVE_WITH_KNOTS('',1,(#282,#283),.UNSPECIFIED.,.F.,.F.,
  (2,2),(6.,7.),.PIECEWISE_BEZIER_KNOTS.);
#282 = CARTESIAN_POINT('',(-14.142,21.213,0.));
#283 = CARTESIAN_POINT('',(-18.478,11.481,0.));
#284 = PCURVE('',#45,#285);
#285 = DEFINITIONAL_REPRESENTATION('',(#286),#289);
#286 = B_SPLINE_CURVE_WITH_KNOTS('',1,(#287,#288),.UNSPECIFIED.,.F.,.F.,
  (2,2),(6.,7.),.PIECEWISE_BEZIER_KNOTS.);
#287 = CARTESIAN_POINT('',(40.195367058904,1.7763568394E-15));
#288 = CARTESIAN_POINT('',(38.742333829616,10.554686846827));
#289 = ( GEOMETRIC_REPRESENTATION_CONTEXT(2) 
PARAMETRIC_REPRESENTATION_CONTEXT() REPRESENTATION_CONTEXT('2D SPACE',''
  ) );
#290 = PCURVE('',#291,#298);
#291 = B_SPLINE_SURFACE_WITH_KNOTS('',1,2,(
    (#292,#293,#294)
    ,(#295,#296,#297
    )),.UNSPECIFIED.,.F.,.F.,.F.,(2,2),(3,3),(6.,7.),(0.,1.),
  .PIECEWISE_BEZIER_KNOTS.);
#292 = CARTESIAN_POINT('',(-14.142,21.213,0.));
#293 = CARTESIAN_POINT('',(-15.203,22.2745,-5.));
#294 = CARTESIAN_POINT('',(-3.536,4.95,-10.));
#295 = CARTESIAN_POINT('',(-18.478,11.481,0.));
#296 = CARTESIAN_POINT('',(-19.8635,12.054,-5.));
#297 = CARTESIAN_POINT('',(-4.619,2.679,-10.));
#298 = DEFINITIONAL_REPRESENTATION('',(#299),#303);
#299 = LINE('',#300,#301);
#300 = CARTESIAN_POINT('',(0.,0.));
#301 = VECTOR('',#302,1.);
#302 = DIRECTION('',(1.,0.));
#303 = ( GEOMETRIC_REPRESENTATION_CONTEXT(2) 
PARAMETRIC_REPRESENTATION_CONTEXT() REPRESENTATION_CONTEXT('2D SPACE',''
  ) );
#304 = ORIENTED_EDGE('',*,*,#305,.T.);
#305 = EDGE_CURVE('',#278,#306,#308,.T.);
#306 = VERTEX_POINT('',#307);
#307 = CARTESIAN_POINT('',(-20.,0.,0.));
#308 = SURFACE_CURVE('',#309,(#312,#318),.PCURVE_S1.);
#309 = B_SPLINE_CURVE_WITH_KNOTS('',1,(#310,#311),.UNSPECIFIED.,.F.,.F.,
  (2,2),(7.,8.),.PIECEWISE_BEZIER_KNOTS.);
#310 = CARTESIAN_POINT('',(-18.478,11.481,0.));
#311 = CARTESIAN_POINT('',(-20.,0.,0.));
#312 = PCURVE('',#45,#313);
#313 = DEFINITIONAL_REPRESENTATION('',(#314),#317);
#314 = B_SPLINE_CURVE_WITH_KNOTS('',1,(#315,#316),.UNSPECIFIED.,.F.,.F.,
  (2,2),(7.,8.),.PIECEWISE_BEZIER_KNOTS.);
#315 = CARTESIAN_POINT('',(38.742333829616,10.554686846827));
#316 = CARTESIAN_POINT('',(33.976054951773,21.109895544841));
#317 = ( GEOMETRIC_REPRESENTATION_CONTEXT(2) 
PARAMETRIC_REPRESENTATION_CONTEXT() REPRESENTATION_CONTEXT('2D SPACE',''
  ) );
#318 = PCURVE('',#319,#326);
#319 = B_SPLINE_SURFACE_WITH_KNOTS('',1,2,(
    (#320,#321,#322)
    ,(#323,#324,#325
    )),.UNSPECIFIED.,.F.,.F.,.F.,(2,2),(3,3),(7.,8.),(0.,1.),
  .PIECEWISE_BEZIER_KNOTS.);
#320 = CARTESIAN_POINT('',(-18.478,11.481,0.));
#321 = CARTESIAN_POINT('',(-19.8635,12.054,-5.));
#322 = CARTESIAN_POINT('',(-4.619,2.679,-10.));
#323 = CARTESIAN_POINT('',(-20.,0.,0.));
#324 = CARTESIAN_POINT('',(-21.5,0.,-5.));
#325 = CARTESIAN_POINT('',(-5.,0.,-10.));
#326 = DEFINITIONAL_REPRESENTATION('',(#327),#331);
#327 = LINE('',#328,#329);
#328 = CARTESIAN_POINT('',(0.,0.));
#329 = VECTOR('',#330,1.);
#330 = DIRECTION('',(1.,0.));
#331 = ( GEOMETRIC_REPRESENTATION_CONTEXT(2) 
PARAMETRIC_REPRESENTATION_CONTEXT() REPRESENTATION_CONTEXT('2D SPACE',''
  ) );
#332 = ORIENTED_EDGE('',*,*,#333,.T.);
#333 = EDGE_CURVE('',#306,#334,#336,.T.);
#334 = VERTEX_POINT('',#335);
#335 = CARTESIAN_POINT('',(-18.478,-11.481,0.));
#336 = SURFACE_CURVE('',#337,(#340,#346),.PCURVE_S1.);
#337 = B_SPLINE_CURVE_WITH_KNOTS('',1,(#338,#339),.UNSPECIFIED.,.F.,.F.,
  (2,2),(8.,9.),.PIECEWISE_BEZIER_KNOTS.);
#338 = CARTESIAN_POINT('',(-20.,0.,0.));
#339 = CARTESIAN_POINT('',(-18.478,-11.481,0.));
#340 = PCURVE('',#45,#341);
#341 = DEFINITIONAL_REPRESENTATION('',(#342),#345);
#342 = B_SPLINE_CURVE_WITH_KNOTS('',1,(#343,#344),.UNSPECIFIED.,.F.,.F.,
  (2,2),(8.,9.),.PIECEWISE_BEZIER_KNOTS.);
#343 = CARTESIAN_POINT('',(33.976054951773,21.109895544841));
#344 = CARTESIAN_POINT('',(26.6241982921,30.058641191892));
#345 = ( GEOMETRIC_REPRESENTATION_CONTEXT(2) 
PARAMETRIC_REPRESENTATION_CONTEXT() REPRESENTATION_CONTEXT('2D SPACE',''
  ) );
#346 = PCURVE('',#347,#354);
#347 = B_SPLINE_SURFACE_WITH_KNOTS('',1,2,(
    (#348,#349,#350)
    ,(#351,#352,#353
    )),.UNSPECIFIED.,.F.,.F.,.F.,(2,2),(3,3),(8.,9.),(0.,1.),
  .PIECEWISE_BEZIER_KNOTS.);
#348 = CARTESIAN_POINT('',(-20.,0.,0.));
#349 = CARTESIAN_POINT('',(-21.5,0.,-5.));
#350 = CARTESIAN_POINT('',(-5.,0.,-10.));
#351 = CARTESIAN_POINT('',(-18.478,-11.481,0.));
#352 = CARTESIAN_POINT('',(-19.8635,-12.054,-5.));
#353 = CARTESIAN_POINT('',(-4.619,-2.679,-10.));
#354 = DEFINITIONAL_REPRESENTATION('',(#355),#359);
#355 = LINE('',#356,#357);
#356 = CARTESIAN_POINT('',(0.,0.));
#357 = VECTOR('',#358,1.);
#358 = DIRECTION('',(1.,0.));
#359 = ( GEOMETRIC_REPRESENTATION_CONTEXT(2) 
PARAMETRIC_REPRESENTATION_CONTEXT() REPRESENTATION_CONTEXT('2D SPACE',''
  ) );
#360 = ORIENTED_EDGE('',*,*,#361,.T.);
#361 = EDGE_CURVE('',#334,#362,#364,.T.);
#362 = VERTEX_POINT('',#363);
#363 = CARTESIAN_POINT('',(-14.142,-21.213,0.));
#364 = SURFACE_CURVE('',#365,(#368,#374),.PCURVE_S1.);
#365 = B_SPLINE_CURVE_WITH_KNOTS('',1,(#366,#367),.UNSPECIFIED.,.F.,.F.,
  (2,2),(9.,10.),.PIECEWISE_BEZIER_KNOTS.);
#366 = CARTESIAN_POINT('',(-18.478,-11.481,0.));
#367 = CARTESIAN_POINT('',(-14.142,-21.213,0.));
#368 = PCURVE('',#45,#369);
#369 = DEFINITIONAL_REPRESENTATION('',(#370),#373);
#370 = B_SPLINE_CURVE_WITH_KNOTS('',1,(#371,#372),.UNSPECIFIED.,.F.,.F.,
  (2,2),(9.,10.),.PIECEWISE_BEZIER_KNOTS.);
#371 = CARTESIAN_POINT('',(26.6241982921,30.058641191892));
#372 = CARTESIAN_POINT('',(17.805156349268,36.036702684598));
#373 = ( GEOMETRIC_REPRESENTATION_CONTEXT(2) 
PARAMETRIC_REPRESENTATION_CONTEXT() REPRESENTATION_CONTEXT('2D SPACE',''
  ) );
#374 = PCURVE('',#375,#382);
#375 = B_SPLINE_SURFACE_WITH_KNOTS('',1,2,(
    (#376,#377,#378)
    ,(#379,#380,#381
    )),.UNSPECIFIED.,.F.,.F.,.F.,(2,2),(3,3),(9.,10.),(0.,1.),
  .PIECEWISE_BEZIER_KNOTS.);
#376 = CARTESIAN_POINT('',(-18.478,-11.481,0.));
#377 = CARTESIAN_POINT('',(-19.8635,-12.054,-5.));
#378 = CARTESIAN_POINT('',(-4.619,-2.679,-10.));
#379 = CARTESIAN_POINT('',(-14.142,-21.213,0.));
#380 = CARTESIAN_POINT('',(-15.203,-22.2745,-5.));
#381 = CARTESIAN_POINT('',(-3.536,-4.95,-10.));
#382 = DEFINITIONAL_REPRESENTATION('',(#383),#387);
#383 = LINE('',#384,#385);
#384 = CARTESIAN_POINT('',(0.,0.));
#385 = VECTOR('',#386,1.);
#386 = DIRECTION('',(1.,0.));
#387 = ( GEOMETRIC_REPRESENTATION_CONTEXT(2) 
PARAMETRIC_REPRESENTATION_CONTEXT() REPRESENTATION_CONTEXT('2D SPACE',''
  ) );
#388 = ORIENTED_EDGE('',*,*,#389,.T.);
#389 = EDGE_CURVE('',#362,#390,#392,.T.);
#390 = VERTEX_POINT('',#391);
#391 = CARTESIAN_POINT('',(-7.654,-27.716,0.));
#392 = SURFACE_CURVE('',#393,(#396,#402),.PCURVE_S1.);
#393 = B_SPLINE_CURVE_WITH_KNOTS('',1,(#394,#395),.UNSPECIFIED.,.F.,.F.,
  (2,2),(10.,11.),.PIECEWISE_BEZIER_KNOTS.);
#394 = CARTESIAN_POINT('',(-14.142,-21.213,0.));
#395 = CARTESIAN_POINT('',(-7.654,-27.716,0.));
#396 = PCURVE('',#45,#397);
#397 = DEFINITIONAL_REPRESENTATION('',(#398),#401);
#398 = B_SPLINE_CURVE_WITH_KNOTS('',1,(#399,#400),.UNSPECIFIED.,.F.,.F.,
  (2,2),(10.,11.),.PIECEWISE_BEZIER_KNOTS.);
#399 = CARTESIAN_POINT('',(17.805156349268,36.036702684598));
#400 = CARTESIAN_POINT('',(8.862298967888,38.136334761009));
#401 = ( GEOMETRIC_REPRESENTATION_CONTEXT(2) 
PARAMETRIC_REPRESENTATION_CONTEXT() REPRESENTATION_CONTEXT('2D SPACE',''
  ) );
#402 = PCURVE('',#403,#410);
#403 = B_SPLINE_SURFACE_WITH_KNOTS('',1,2,(
    (#404,#405,#406)
    ,(#407,#408,#409
    )),.UNSPECIFIED.,.F.,.F.,.F.,(2,2),(3,3),(10.,11.),(0.,1.),
  .PIECEWISE_BEZIER_KNOTS.);
#404 = CARTESIAN_POINT('',(-14.142,-21.213,0.));
#405 = CARTESIAN_POINT('',(-15.203,-22.2745,-5.));
#406 = CARTESIAN_POINT('',(-3.536,-4.95,-10.));
#407 = CARTESIAN_POINT('',(-7.654,-27.716,0.));
#408 = CARTESIAN_POINT('',(-8.2285,-29.1025,-5.));
#409 = CARTESIAN_POINT('',(-1.913,-6.467,-10.));
#410 = DEFINITIONAL_REPRESENTATION('',(#411),#415);
#411 = LINE('',#412,#413);
#412 = CARTESIAN_POINT('',(0.,0.));
#413 = VECTOR('',#414,1.);
#414 = DIRECTION('',(1.,0.));
#415 = ( GEOMETRIC_REPRESENTATION_CONTEXT(2) 
PARAMETRIC_REPRESENTATION_CONTEXT() REPRESENTATION_CONTEXT('2D SPACE',''
  ) );
#416 = ORIENTED_EDGE('',*,*,#417,.T.);
#417 = EDGE_CURVE('',#390,#418,#420,.T.);
#418 = VERTEX_POINT('',#419);
#419 = CARTESIAN_POINT('',(0.,-30.,0.));
#420 = SURFACE_CURVE('',#421,(#424,#430),.PCURVE_S1.);
#421 = B_SPLINE_CURVE_WITH_KNOTS('',1,(#422,#423),.UNSPECIFIED.,.F.,.F.,
  (2,2),(11.,12.),.PIECEWISE_BEZIER_KNOTS.);
#422 = CARTESIAN_POINT('',(-7.654,-27.716,0.));
#423 = CARTESIAN_POINT('',(0.,-30.,0.));
#424 = PCURVE('',#45,#425);
#425 = DEFINITIONAL_REPRESENTATION('',(#426),#429);
#426 = B_SPLINE_CURVE_WITH_KNOTS('',1,(#427,#428),.UNSPECIFIED.,.F.,.F.,
  (2,2),(11.,12.),.PIECEWISE_BEZIER_KNOTS.);
#427 = CARTESIAN_POINT('',(8.862298967888,38.136334761009));
#428 = CARTESIAN_POINT('',(1.155605817256,36.03698898625));
#429 = ( GEOMETRIC_REPRESENTATION_CONTEXT(2) 
PARAMETRIC_REPRESENTATION_CONTEXT() REPRESENTATION_CONTEXT('2D SPACE',''
  ) );
#430 = PCURVE('',#431,#438);
#431 = B_SPLINE_SURFACE_WITH_KNOTS('',1,2,(
    (#432,#433,#434)
    ,(#435,#436,#437
    )),.UNSPECIFIED.,.F.,.F.,.F.,(2,2),(3,3),(11.,12.),(0.,1.),
  .PIECEWISE_BEZIER_KNOTS.);
#432 = CARTESIAN_POINT('',(-7.654,-27.716,0.));
#433 = CARTESIAN_POINT('',(-8.2285,-29.1025,-5.));
#434 = CARTESIAN_POINT('',(-1.913,-6.467,-10.));
#435 = CARTESIAN_POINT('',(0.,-30.,0.));
#436 = CARTESIAN_POINT('',(0.,-31.5,-5.));
#437 = CARTESIAN_POINT('',(0.,-7.,-10.));
#438 = DEFINITIONAL_REPRESENTATION('',(#439),#443);
#439 = LINE('',#440,#441);
#440 = CARTESIAN_POINT('',(0.,0.));
#441 = VECTOR('',#442,1.);
#442 = DIRECTION('',(1.,0.));
#443 = ( GEOMETRIC_REPRESENTATION_CONTEXT(2) 
PARAMETRIC_REPRESENTATION_CONTEXT() REPRESENTATION_CONTEXT('2D SPACE',''
  ) );
#444 = ORIENTED_EDGE('',*,*,#445,.T.);
#445 = EDGE_CURVE('',#418,#446,#448,.T.);
#446 = VERTEX_POINT('',#447);
#447 = CARTESIAN_POINT('',(7.654,-27.716,0.));
#448 = SURFACE_CURVE('',#449,(#452,#458),.PCURVE_S1.);
#449 = B_SPLINE_CURVE_WITH_KNOTS('',1,(#450,#451),.UNSPECIFIED.,.F.,.F.,
  (2,2),(12.,13.),.PIECEWISE_BEZIER_KNOTS.);
#450 = CARTESIAN_POINT('',(0.,-30.,0.));
#451 = CARTESIAN_POINT('',(7.654,-27.716,0.));
#452 = PCURVE('',#45,#453);
#453 = DEFINITIONAL_REPRESENTATION('',(#454),#457);
#454 = B_SPLINE_CURVE_WITH_KNOTS('',1,(#455,#456),.UNSPECIFIED.,.F.,.F.,
  (2,2),(12.,13.),.PIECEWISE_BEZIER_KNOTS.);
#455 = CARTESIAN_POINT('',(1.155605817256,36.03698898625));
#456 = CARTESIAN_POINT('',(-4.140337262156,30.057577735999));
#457 = ( GEOMETRIC_REPRESENTATION_CONTEXT(2) 
PARAMETRIC_REPRESENTATION_CONTEXT() REPRESENTATION_CONTEXT('2D SPACE',''
  ) );
#458 = PCURVE('',#459,#466);
#459 = B_SPLINE_SURFACE_WITH_KNOTS('',1,2,(
    (#460,#461,#462)
    ,(#463,#464,#465
    )),.UNSPECIFIED.,.F.,.F.,.F.,(2,2),(3,3),(12.,13.),(0.,1.),
  .PIECEWISE_BEZIER_KNOTS.);
#460 = CARTESIAN_POINT('',(0.,-30.,0.));
#461 = CARTESIAN_POINT('',(0.,-31.5,-5.));
#462 = CARTESIAN_POINT('',(0.,-7.,-10.));
#463 = CARTESIAN_POINT('',(7.654,-27.716,0.));
#464 = CARTESIAN_POINT('',(8.2285,-29.1025,-5.));
#465 = CARTESIAN_POINT('',(1.913,-6.467,-10.));
#466 = DEFINITIONAL_REPRESENTATION('',(#467),#471);
#467 = LINE('',#468,#469);
#468 = CARTESIAN_POINT('',(0.,0.));
#469 = VECTOR('',#470,1.);
#470 = DIRECTION('',(1.,0.));
#471 = ( GEOMETRIC_REPRESENTATION_CONTEXT(2) 
PARAMETRIC_REPRESENTATION_CONTEXT() REPRESENTATION_CONTEXT('2D SPACE',''
  ) );
#472 = ORIENTED_EDGE('',*,*,#473,.T.);
#473 = EDGE_CURVE('',#446,#474,#476,.T.);
#474 = VERTEX_POINT('',#475);
#475 = CARTESIAN_POINT('',(14.142,-21.213,0.));
#476 = SURFACE_CURVE('',#477,(#480,#486),.PCURVE_S1.);
#477 = B_SPLINE_CURVE_WITH_KNOTS('',1,(#478,#479),.UNSPECIFIED.,.F.,.F.,
  (2,2),(13.,14.),.PIECEWISE_BEZIER_KNOTS.);
#478 = CARTESIAN_POINT('',(7.654,-27.716,0.));
#479 = CARTESIAN_POINT('',(14.142,-21.213,0.));
#480 = PCURVE('',#45,#481);
#481 = DEFINITIONAL_REPRESENTATION('',(#482),#485);
#482 = B_SPLINE_CURVE_WITH_KNOTS('',1,(#483,#484),.UNSPECIFIED.,.F.,.F.,
  (2,2),(13.,14.),.PIECEWISE_BEZIER_KNOTS.);
#483 = CARTESIAN_POINT('',(-4.140337262156,30.057577735999));
#484 = CARTESIAN_POINT('',(-6.219312107131,21.109895544841));
#485 = ( GEOMETRIC_REPRESENTATION_CONTEXT(2) 
PARAMETRIC_REPRESENTATION_CONTEXT() REPRESENTATION_CONTEXT('2D SPACE',''
  ) );
#486 = PCURVE('',#487,#494);
#487 = B_SPLINE_SURFACE_WITH_KNOTS('',1,2,(
    (#488,#489,#490)
    ,(#491,#492,#493
    )),.UNSPECIFIED.,.F.,.F.,.F.,(2,2),(3,3),(13.,14.),(0.,1.),
  .PIECEWISE_BEZIER_KNOTS.);
#488 = CARTESIAN_POINT('',(7.654,-27.716,0.));
#489 = CARTESIAN_POINT('',(8.2285,-29.1025,-5.));
#490 = CARTESIAN_POINT('',(1.913,-6.467,-10.));
#491 = CARTESIAN_POINT('',(14.142,-21.213,0.));
#492 = CARTESIAN_POINT('',(15.203,-22.2745,-5.));
#493 = CARTESIAN_POINT('',(3.536,-4.95,-10.));
#494 = DEFINITIONAL_REPRESENTATION('',(#495),#499);
#495 = LINE('',#496,#497);
#496 = CARTESIAN_POINT('',(0.,0.));
#497 = VECTOR('',#498,1.);
#498 = DIRECTION('',(1.,0.));
#499 = ( GEOMETRIC_REPRESENTATION_CONTEXT(2) 
PARAMETRIC_REPRESENTATION_CONTEXT() REPRESENTATION_CONTEXT('2D SPACE',''
  ) );
#500 = ORIENTED_EDGE('',*,*,#501,.T.);
#501 = EDGE_CURVE('',#474,#502,#504,.T.);
#502 = VERTEX_POINT('',#503);
#503 = CARTESIAN_POINT('',(18.478,-11.481,0.));
#504 = SURFACE_CURVE('',#505,(#508,#514),.PCURVE_S1.);
#505 = B_SPLINE_CURVE_WITH_KNOTS('',1,(#506,#507),.UNSPECIFIED.,.F.,.F.,
  (2,2),(14.,15.),.PIECEWISE_BEZIER_KNOTS.);
#506 = CARTESIAN_POINT('',(14.142,-21.213,0.));
#507 = CARTESIAN_POINT('',(18.478,-11.481,0.));
#508 = PCURVE('',#45,#509);
#509 = DEFINITIONAL_REPRESENTATION('',(#510),#513);
#510 = B_SPLINE_CURVE_WITH_KNOTS('',1,(#511,#512),.UNSPECIFIED.,.F.,.F.,
  (2,2),(14.,15.),.PIECEWISE_BEZIER_KNOTS.);
#511 = CARTESIAN_POINT('',(-6.219312107131,21.109895544841));
#512 = CARTESIAN_POINT('',(-4.766278877843,10.555208698014));
#513 = ( GEOMETRIC_REPRESENTATION_CONTEXT(2) 
PARAMETRIC_REPRESENTATION_CONTEXT() REPRESENTATION_CONTEXT('2D SPACE',''
  ) );
#514 = PCURVE('',#515,#522);
#515 = B_SPLINE_SURFACE_WITH_KNOTS('',1,2,(
    (#516,#517,#518)
    ,(#519,#520,#521
    )),.UNSPECIFIED.,.F.,.F.,.F.,(2,2),(3,3),(14.,15.),(0.,1.),
  .PIECEWISE_BEZIER_KNOTS.);
#516 = CARTESIAN_POINT('',(14.142,-21.213,0.));
#517 = CARTESIAN_POINT('',(15.203,-22.2745,-5.));
#518 = CARTESIAN_POINT('',(3.536,-4.95,-10.));
#519 = CARTESIAN_POINT('',(18.478,-11.481,0.));
#520 = CARTESIAN_POINT('',(19.8635,-12.054,-5.));
#521 = CARTESIAN_POINT('',(4.619,-2.679,-10.));
#522 = DEFINITIONAL_REPRESENTATION('',(#523),#527);
#523 = LINE('',#524,#525);
#524 = CARTESIAN_POINT('',(0.,0.));
#525 = VECTOR('',#526,1.);
#526 = DIRECTION('',(1.,0.));
#527 = ( GEOMETRIC_REPRESENTATION_CONTEXT(2) 
PARAMETRIC_REPRESENTATION_CONTEXT() REPRESENTATION_CONTEXT('2D SPACE',''
  ) );
#528 = ORIENTED_EDGE('',*,*,#529,.T.);
#529 = EDGE_CURVE('',#502,#22,#530,.T.);
#530 = SURFACE_CURVE('',#531,(#534,#540),.PCURVE_S1.);
#531 = B_SPLINE_CURVE_WITH_KNOTS('',1,(#532,#533),.UNSPECIFIED.,.F.,.F.,
  (2,2),(15.,16.),.PIECEWISE_BEZIER_KNOTS.);
#532 = CARTESIAN_POINT('',(18.478,-11.481,0.));
#533 = CARTESIAN_POINT('',(20.,-7.670446974492E-18,0.));
#534 = PCURVE('',#45,#535);
#535 = DEFINITIONAL_REPRESENTATION('',(#536),#539);
#536 = B_SPLINE_CURVE_WITH_KNOTS('',1,(#537,#538),.UNSPECIFIED.,.F.,.F.,
  (2,2),(15.,16.),.PIECEWISE_BEZIER_KNOTS.);
#537 = CARTESIAN_POINT('',(-4.766278877843,10.555208698014));
#538 = CARTESIAN_POINT('',(0.,0.));
#539 = ( GEOMETRIC_REPRESENTATION_CONTEXT(2) 
PARAMETRIC_REPRESENTATION_CONTEXT() REPRESENTATION_CONTEXT('2D SPACE',''
  ) );
#540 = PCURVE('',#126,#541);
#541 = DEFINITIONAL_REPRESENTATION('',(#542),#546);
#542 = LINE('',#543,#544);
#543 = CARTESIAN_POINT('',(0.,0.));
#544 = VECTOR('',#545,1.);
#545 = DIRECTION('',(1.,0.));
#546 = ( GEOMETRIC_REPRESENTATION_CONTEXT(2) 
PARAMETRIC_REPRESENTATION_CONTEXT() REPRESENTATION_CONTEXT('2D SPACE',''
  ) );
#547 = FACE_BOUND('',#548,.T.);
#548 = EDGE_LOOP('',(#549,#587,#623,#659,#695,#731,#767,#803,#839,#875,
    #911,#947,#983,#1019,#1055,#1091));
#549 = ORIENTED_EDGE('',*,*,#550,.T.);
#550 = EDGE_CURVE('',#551,#553,#555,.T.);
#551 = VERTEX_POINT('',#552);
#552 = CARTESIAN_POINT('',(13.16592,20.18116,2.22044604925E-16));
#553 = VERTEX_POINT('',#554);
#554 = CARTESIAN_POINT('',(17.20272,10.9214,2.22044604925E-16));
#555 = SURFACE_CURVE('',#556,(#562,#571),.PCURVE_S1.);
#556 = B_SPLINE_CURVE_WITH_KNOTS('',4,(#557,#558,#559,#560,#561),
  .UNSPECIFIED.,.F.,.F.,(5,5),(0.,1.),.PIECEWISE_BEZIER_KNOTS.);
#557 = CARTESIAN_POINT('',(13.16592,20.18116,0.));
#558 = CARTESIAN_POINT('',(14.17512,17.86622,0.));
#559 = CARTESIAN_POINT('',(15.18432,15.55128,0.));
#560 = CARTESIAN_POINT('',(16.19352,13.23634,0.));
#561 = CARTESIAN_POINT('',(17.20272,10.9214,0.));
#562 = PCURVE('',#45,#563);
#563 = DEFINITIONAL_REPRESENTATION('',(#564),#570);
#564 = B_SPLINE_CURVE_WITH_KNOTS('',4,(#565,#566,#567,#568,#569),
  .UNSPECIFIED.,.F.,.F.,(5,5),(0.,1.),.PIECEWISE_BEZIER_KNOTS.);
#565 = CARTESIAN_POINT('',(16.455431429963,-13.53523715513));
#566 = CARTESIAN_POINT('',(14.376512023716,-12.10152660348));
#567 = CARTESIAN_POINT('',(12.297592617468,-10.66781605182));
#568 = CARTESIAN_POINT('',(10.218673211221,-9.234105500171));
#569 = CARTESIAN_POINT('',(8.139753804973,-7.800394948516));
#570 = ( GEOMETRIC_REPRESENTATION_CONTEXT(2) 
PARAMETRIC_REPRESENTATION_CONTEXT() REPRESENTATION_CONTEXT('2D SPACE',''
  ) );
#571 = PCURVE('',#572,#579);
#572 = B_SPLINE_SURFACE_WITH_KNOTS('',1,2,(
    (#573,#574,#575)
    ,(#576,#577,#578
    )),.UNSPECIFIED.,.F.,.F.,.F.,(2,2),(3,3),(1.,2.),(0.,1.),
  .PIECEWISE_BEZIER_KNOTS.);
#573 = CARTESIAN_POINT('',(17.092,10.906,1.));
#574 = CARTESIAN_POINT('',(18.477,11.4805,-4.));
#575 = CARTESIAN_POINT('',(3.234,2.105,-9.));
#576 = CARTESIAN_POINT('',(13.081,20.153,1.));
#577 = CARTESIAN_POINT('',(14.142,21.213,-4.));
#578 = CARTESIAN_POINT('',(2.475,3.889,-9.));
#579 = DEFINITIONAL_REPRESENTATION('',(#580),#586);
#580 = B_SPLINE_CURVE_WITH_KNOTS('',4,(#581,#582,#583,#584,#585),
  .UNSPECIFIED.,.F.,.F.,(5,5),(0.,1.),.PIECEWISE_BEZIER_KNOTS.);
#581 = CARTESIAN_POINT('',(2.,0.1));
#582 = CARTESIAN_POINT('',(1.75,0.1));
#583 = CARTESIAN_POINT('',(1.5,0.1));
#584 = CARTESIAN_POINT('',(1.25,0.1));
#585 = CARTESIAN_POINT('',(1.,0.1));
#586 = ( GEOMETRIC_REPRESENTATION_CONTEXT(2) 
PARAMETRIC_REPRESENTATION_CONTEXT() REPRESENTATION_CONTEXT('2D SPACE',''
  ) );
#587 = ORIENTED_EDGE('',*,*,#588,.T.);
#588 = EDGE_CURVE('',#553,#589,#591,.T.);
#589 = VERTEX_POINT('',#590);
#590 = CARTESIAN_POINT('',(18.62,0.,2.22044604925E-16));
#591 = SURFACE_CURVE('',#592,(#598,#607),.PCURVE_S1.);
#592 = B_SPLINE_CURVE_WITH_KNOTS('',4,(#593,#594,#595,#596,#597),
  .UNSPECIFIED.,.F.,.F.,(5,5),(0.,1.),.PIECEWISE_BEZIER_KNOTS.);
#593 = CARTESIAN_POINT('',(17.20272,10.9214,0.));
#594 = CARTESIAN_POINT('',(17.55704,8.19105,0.));
#595 = CARTESIAN_POINT('',(17.91136,5.4607,0.));
#596 = CARTESIAN_POINT('',(18.26568,2.73035,0.));
#597 = CARTESIAN_POINT('',(18.62,-6.713443785295E-16,0.));
#598 = PCURVE('',#45,#599);
#599 = DEFINITIONAL_REPRESENTATION('',(#600),#606);
#600 = B_SPLINE_CURVE_WITH_KNOTS('',4,(#601,#602,#603,#604,#605),
  .UNSPECIFIED.,.F.,.F.,(5,5),(0.,1.),.PIECEWISE_BEZIER_KNOTS.);
#601 = CARTESIAN_POINT('',(8.139753804973,-7.800394948516));
#602 = CARTESIAN_POINT('',(6.397858827689,-5.668223362312));
#603 = CARTESIAN_POINT('',(4.655963850405,-3.536051776109));
#604 = CARTESIAN_POINT('',(2.91406887312,-1.403880189906));
#605 = CARTESIAN_POINT('',(1.172173895836,0.728291396297));
#606 = ( GEOMETRIC_REPRESENTATION_CONTEXT(2) 
PARAMETRIC_REPRESENTATION_CONTEXT() REPRESENTATION_CONTEXT('2D SPACE',''
  ) );
#607 = PCURVE('',#608,#615);
#608 = B_SPLINE_SURFACE_WITH_KNOTS('',1,2,(
    (#609,#610,#611)
    ,(#612,#613,#614
    )),.UNSPECIFIED.,.F.,.F.,.F.,(2,2),(3,3),(0.,1.),(0.,1.),
  .PIECEWISE_BEZIER_KNOTS.);
#609 = CARTESIAN_POINT('',(18.5,0.,1.));
#610 = CARTESIAN_POINT('',(20.,0.,-4.));
#611 = CARTESIAN_POINT('',(3.5,0.,-9.));
#612 = CARTESIAN_POINT('',(17.092,10.906,1.));
#613 = CARTESIAN_POINT('',(18.477,11.4805,-4.));
#614 = CARTESIAN_POINT('',(3.234,2.105,-9.));
#615 = DEFINITIONAL_REPRESENTATION('',(#616),#622);
#616 = B_SPLINE_CURVE_WITH_KNOTS('',4,(#617,#618,#619,#620,#621),
  .UNSPECIFIED.,.F.,.F.,(5,5),(0.,1.),.PIECEWISE_BEZIER_KNOTS.);
#617 = CARTESIAN_POINT('',(1.,0.1));
#618 = CARTESIAN_POINT('',(0.75,0.1));
#619 = CARTESIAN_POINT('',(0.5,0.1));
#620 = CARTESIAN_POINT('',(0.25,0.1));
#621 = CARTESIAN_POINT('',(0.,0.1));
#622 = ( GEOMETRIC_REPRESENTATION_CONTEXT(2) 
PARAMETRIC_REPRESENTATION_CONTEXT() REPRESENTATION_CONTEXT('2D SPACE',''
  ) );
#623 = ORIENTED_EDGE('',*,*,#624,.T.);
#624 = EDGE_CURVE('',#589,#625,#627,.T.);
#625 = VERTEX_POINT('',#626);
#626 = CARTESIAN_POINT('',(17.20272,-10.9214,2.22044604925E-16));
#627 = SURFACE_CURVE('',#628,(#634,#643),.PCURVE_S1.);
#628 = B_SPLINE_CURVE_WITH_KNOTS('',4,(#629,#630,#631,#632,#633),
  .UNSPECIFIED.,.F.,.F.,(5,5),(0.,1.),.PIECEWISE_BEZIER_KNOTS.);
#629 = CARTESIAN_POINT('',(18.62,-6.713443785295E-16,0.));
#630 = CARTESIAN_POINT('',(18.26568,-2.73035,0.));
#631 = CARTESIAN_POINT('',(17.91136,-5.4607,0.));
#632 = CARTESIAN_POINT('',(17.55704,-8.19105,0.));
#633 = CARTESIAN_POINT('',(17.20272,-10.9214,0.));
#634 = PCURVE('',#45,#635);
#635 = DEFINITIONAL_REPRESENTATION('',(#636),#642);
#636 = B_SPLINE_CURVE_WITH_KNOTS('',4,(#637,#638,#639,#640,#641),
  .UNSPECIFIED.,.F.,.F.,(5,5),(0.,1.),.PIECEWISE_BEZIER_KNOTS.);
#637 = CARTESIAN_POINT('',(1.172173895836,0.728291396297));
#638 = CARTESIAN_POINT('',(3.219870807756E-02,3.234445891973));
#639 = CARTESIAN_POINT('',(-1.107776479681,5.740600387648));
#640 = CARTESIAN_POINT('',(-2.24775166744,8.246754883324));
#641 = CARTESIAN_POINT('',(-3.387726855198,10.752909378999));
#642 = ( GEOMETRIC_REPRESENTATION_CONTEXT(2) 
PARAMETRIC_REPRESENTATION_CONTEXT() REPRESENTATION_CONTEXT('2D SPACE',''
  ) );
#643 = PCURVE('',#644,#651);
#644 = B_SPLINE_SURFACE_WITH_KNOTS('',1,2,(
    (#645,#646,#647)
    ,(#648,#649,#650
    )),.UNSPECIFIED.,.F.,.F.,.F.,(2,2),(3,3),(15.,16.),(0.,1.),
  .PIECEWISE_BEZIER_KNOTS.);
#645 = CARTESIAN_POINT('',(17.092,-10.906,1.));
#646 = CARTESIAN_POINT('',(18.477,-11.4805,-4.));
#647 = CARTESIAN_POINT('',(3.234,-2.105,-9.));
#648 = CARTESIAN_POINT('',(18.5,3.180128763552E-16,1.));
#649 = CARTESIAN_POINT('',(20.,-4.493230876344E-17,-4.));
#650 = CARTESIAN_POINT('',(3.5,7.86873728686E-17,-9.));
#651 = DEFINITIONAL_REPRESENTATION('',(#652),#658);
#652 = B_SPLINE_CURVE_WITH_KNOTS('',4,(#653,#654,#655,#656,#657),
  .UNSPECIFIED.,.F.,.F.,(5,5),(0.,1.),.PIECEWISE_BEZIER_KNOTS.);
#653 = CARTESIAN_POINT('',(16.,0.1));
#654 = CARTESIAN_POINT('',(15.75,0.1));
#655 = CARTESIAN_POINT('',(15.5,0.1));
#656 = CARTESIAN_POINT('',(15.25,0.1));
#657 = CARTESIAN_POINT('',(15.,0.1));
#658 = ( GEOMETRIC_REPRESENTATION_CONTEXT(2) 
PARAMETRIC_REPRESENTATION_CONTEXT() REPRESENTATION_CONTEXT('2D SPACE',''
  ) );
#659 = ORIENTED_EDGE('',*,*,#660,.T.);
#660 = EDGE_CURVE('',#625,#661,#663,.T.);
#661 = VERTEX_POINT('',#662);
#662 = CARTESIAN_POINT('',(13.16592,-20.18116,2.22044604925E-16));
#663 = SURFACE_CURVE('',#664,(#670,#679),.PCURVE_S1.);
#664 = B_SPLINE_CURVE_WITH_KNOTS('',4,(#665,#666,#667,#668,#669),
  .UNSPECIFIED.,.F.,.F.,(5,5),(0.,1.),.PIECEWISE_BEZIER_KNOTS.);
#665 = CARTESIAN_POINT('',(17.20272,-10.9214,0.));
#666 = CARTESIAN_POINT('',(16.19352,-13.23634,0.));
#667 = CARTESIAN_POINT('',(15.18432,-15.55128,0.));
#668 = CARTESIAN_POINT('',(14.17512,-17.86622,0.));
#669 = CARTESIAN_POINT('',(13.16592,-20.18116,0.));
#670 = PCURVE('',#45,#671);
#671 = DEFINITIONAL_REPRESENTATION('',(#672),#678);
#672 = B_SPLINE_CURVE_WITH_KNOTS('',4,(#673,#674,#675,#676,#677),
  .UNSPECIFIED.,.F.,.F.,(5,5),(0.,1.),.PIECEWISE_BEZIER_KNOTS.);
#673 = CARTESIAN_POINT('',(-3.387726855198,10.752909378999));
#674 = CARTESIAN_POINT('',(-3.752214528579,13.251825259847));
#675 = CARTESIAN_POINT('',(-4.116702201961,15.750741140695));
#676 = CARTESIAN_POINT('',(-4.481189875342,18.249657021543));
#677 = CARTESIAN_POINT('',(-4.845677548723,20.74857290239));
#678 = ( GEOMETRIC_REPRESENTATION_CONTEXT(2) 
PARAMETRIC_REPRESENTATION_CONTEXT() REPRESENTATION_CONTEXT('2D SPACE',''
  ) );
#679 = PCURVE('',#680,#687);
#680 = B_SPLINE_SURFACE_WITH_KNOTS('',1,2,(
    (#681,#682,#683)
    ,(#684,#685,#686
    )),.UNSPECIFIED.,.F.,.F.,.F.,(2,2),(3,3),(14.,15.),(0.,1.),
  .PIECEWISE_BEZIER_KNOTS.);
#681 = CARTESIAN_POINT('',(13.081,-20.153,1.));
#682 = CARTESIAN_POINT('',(14.142,-21.213,-4.));
#683 = CARTESIAN_POINT('',(2.475,-3.889,-9.));
#684 = CARTESIAN_POINT('',(17.092,-10.906,1.));
#685 = CARTESIAN_POINT('',(18.477,-11.4805,-4.));
#686 = CARTESIAN_POINT('',(3.234,-2.105,-9.));
#687 = DEFINITIONAL_REPRESENTATION('',(#688),#694);
#688 = B_SPLINE_CURVE_WITH_KNOTS('',4,(#689,#690,#691,#692,#693),
  .UNSPECIFIED.,.F.,.F.,(5,5),(0.,1.),.PIECEWISE_BEZIER_KNOTS.);
#689 = CARTESIAN_POINT('',(15.,0.1));
#690 = CARTESIAN_POINT('',(14.75,0.1));
#691 = CARTESIAN_POINT('',(14.5,0.1));
#692 = CARTESIAN_POINT('',(14.25,0.1));
#693 = CARTESIAN_POINT('',(14.,0.1));
#694 = ( GEOMETRIC_REPRESENTATION_CONTEXT(2) 
PARAMETRIC_REPRESENTATION_CONTEXT() REPRESENTATION_CONTEXT('2D SPACE',''
  ) );
#695 = ORIENTED_EDGE('',*,*,#696,.T.);
#696 = EDGE_CURVE('',#661,#697,#699,.T.);
#697 = VERTEX_POINT('',#698);
#698 = CARTESIAN_POINT('',(7.126,-26.3678,2.22044604925E-16));
#699 = SURFACE_CURVE('',#700,(#706,#715),.PCURVE_S1.);
#700 = B_SPLINE_CURVE_WITH_KNOTS('',4,(#701,#702,#703,#704,#705),
  .UNSPECIFIED.,.F.,.F.,(5,5),(0.,1.),.PIECEWISE_BEZIER_KNOTS.);
#701 = CARTESIAN_POINT('',(13.16592,-20.18116,0.));
#702 = CARTESIAN_POINT('',(11.65594,-21.72782,0.));
#703 = CARTESIAN_POINT('',(10.14596,-23.27448,0.));
#704 = CARTESIAN_POINT('',(8.63598,-24.82114,0.));
#705 = CARTESIAN_POINT('',(7.126,-26.3678,0.));
#706 = PCURVE('',#45,#707);
#707 = DEFINITIONAL_REPRESENTATION('',(#708),#714);
#708 = B_SPLINE_CURVE_WITH_KNOTS('',4,(#709,#710,#711,#712,#713),
  .UNSPECIFIED.,.F.,.F.,(5,5),(0.,1.),.PIECEWISE_BEZIER_KNOTS.);
#709 = CARTESIAN_POINT('',(-4.845677548723,20.74857290239));
#710 = CARTESIAN_POINT('',(-4.379344238405,22.859196033053));
#711 = CARTESIAN_POINT('',(-3.913010928088,24.969819163716));
#712 = CARTESIAN_POINT('',(-3.446677617771,27.080442294378));
#713 = CARTESIAN_POINT('',(-2.980344307453,29.191065425041));
#714 = ( GEOMETRIC_REPRESENTATION_CONTEXT(2) 
PARAMETRIC_REPRESENTATION_CONTEXT() REPRESENTATION_CONTEXT('2D SPACE',''
  ) );
#715 = PCURVE('',#716,#723);
#716 = B_SPLINE_SURFACE_WITH_KNOTS('',1,2,(
    (#717,#718,#719)
    ,(#720,#721,#722
    )),.UNSPECIFIED.,.F.,.F.,.F.,(2,2),(3,3),(13.,14.),(0.,1.),
  .PIECEWISE_BEZIER_KNOTS.);
#717 = CARTESIAN_POINT('',(7.08,-26.331,1.));
#718 = CARTESIAN_POINT('',(7.6545,-27.716,-4.));
#719 = CARTESIAN_POINT('',(1.339,-5.081,-9.));
#720 = CARTESIAN_POINT('',(13.081,-20.153,1.));
#721 = CARTESIAN_POINT('',(14.142,-21.213,-4.));
#722 = CARTESIAN_POINT('',(2.475,-3.889,-9.));
#723 = DEFINITIONAL_REPRESENTATION('',(#724),#730);
#724 = B_SPLINE_CURVE_WITH_KNOTS('',4,(#725,#726,#727,#728,#729),
  .UNSPECIFIED.,.F.,.F.,(5,5),(0.,1.),.PIECEWISE_BEZIER_KNOTS.);
#725 = CARTESIAN_POINT('',(14.,0.1));
#726 = CARTESIAN_POINT('',(13.75,0.1));
#727 = CARTESIAN_POINT('',(13.5,0.1));
#728 = CARTESIAN_POINT('',(13.25,0.1));
#729 = CARTESIAN_POINT('',(13.,0.1));
#730 = ( GEOMETRIC_REPRESENTATION_CONTEXT(2) 
PARAMETRIC_REPRESENTATION_CONTEXT() REPRESENTATION_CONTEXT('2D SPACE',''
  ) );
#731 = ORIENTED_EDGE('',*,*,#732,.T.);
#732 = EDGE_CURVE('',#697,#733,#735,.T.);
#733 = VERTEX_POINT('',#734);
#734 = CARTESIAN_POINT('',(0.,-28.54,2.22044604925E-16));
#735 = SURFACE_CURVE('',#736,(#742,#751),.PCURVE_S1.);
#736 = B_SPLINE_CURVE_WITH_KNOTS('',4,(#737,#738,#739,#740,#741),
  .UNSPECIFIED.,.F.,.F.,(5,5),(0.,1.),.PIECEWISE_BEZIER_KNOTS.);
#737 = CARTESIAN_POINT('',(7.126,-26.3678,0.));
#738 = CARTESIAN_POINT('',(5.3445,-26.91085,0.));
#739 = CARTESIAN_POINT('',(3.563,-27.4539,0.));
#740 = CARTESIAN_POINT('',(1.7815,-27.99695,0.));
#741 = CARTESIAN_POINT('',(3.552713678801E-15,-28.54,0.));
#742 = PCURVE('',#45,#743);
#743 = DEFINITIONAL_REPRESENTATION('',(#744),#750);
#744 = B_SPLINE_CURVE_WITH_KNOTS('',4,(#745,#746,#747,#748,#749),
  .UNSPECIFIED.,.F.,.F.,(5,5),(0.,1.),.PIECEWISE_BEZIER_KNOTS.);
#745 = CARTESIAN_POINT('',(-2.980344307453,29.191065425041));
#746 = CARTESIAN_POINT('',(-1.753728979429,30.592514813908));
#747 = CARTESIAN_POINT('',(-0.527113651405,31.993964202776));
#748 = CARTESIAN_POINT('',(0.699501676619,33.395413591643));
#749 = CARTESIAN_POINT('',(1.926117004642,34.796862980511));
#750 = ( GEOMETRIC_REPRESENTATION_CONTEXT(2) 
PARAMETRIC_REPRESENTATION_CONTEXT() REPRESENTATION_CONTEXT('2D SPACE',''
  ) );
#751 = PCURVE('',#752,#759);
#752 = B_SPLINE_SURFACE_WITH_KNOTS('',1,2,(
    (#753,#754,#755)
    ,(#756,#757,#758
    )),.UNSPECIFIED.,.F.,.F.,.F.,(2,2),(3,3),(12.,13.),(0.,1.),
  .PIECEWISE_BEZIER_KNOTS.);
#753 = CARTESIAN_POINT('',(0.,-28.5,1.));
#754 = CARTESIAN_POINT('',(0.,-30.,-4.));
#755 = CARTESIAN_POINT('',(0.,-5.5,-9.));
#756 = CARTESIAN_POINT('',(7.08,-26.331,1.));
#757 = CARTESIAN_POINT('',(7.6545,-27.716,-4.));
#758 = CARTESIAN_POINT('',(1.339,-5.081,-9.));
#759 = DEFINITIONAL_REPRESENTATION('',(#760),#766);
#760 = B_SPLINE_CURVE_WITH_KNOTS('',4,(#761,#762,#763,#764,#765),
  .UNSPECIFIED.,.F.,.F.,(5,5),(0.,1.),.PIECEWISE_BEZIER_KNOTS.);
#761 = CARTESIAN_POINT('',(13.,0.1));
#762 = CARTESIAN_POINT('',(12.75,0.1));
#763 = CARTESIAN_POINT('',(12.5,0.1));
#764 = CARTESIAN_POINT('',(12.25,1.E-01));
#765 = CARTESIAN_POINT('',(12.,0.1));
#766 = ( GEOMETRIC_REPRESENTATION_CONTEXT(2) 
PARAMETRIC_REPRESENTATION_CONTEXT() REPRESENTATION_CONTEXT('2D SPACE',''
  ) );
#767 = ORIENTED_EDGE('',*,*,#768,.T.);
#768 = EDGE_CURVE('',#733,#769,#771,.T.);
#769 = VERTEX_POINT('',#770);
#770 = CARTESIAN_POINT('',(-7.126,-26.3678,2.22044604925E-16));
#771 = SURFACE_CURVE('',#772,(#778,#787),.PCURVE_S1.);
#772 = B_SPLINE_CURVE_WITH_KNOTS('',4,(#773,#774,#775,#776,#777),
  .UNSPECIFIED.,.F.,.F.,(5,5),(0.,1.),.PIECEWISE_BEZIER_KNOTS.);
#773 = CARTESIAN_POINT('',(3.552713678801E-15,-28.54,0.));
#774 = CARTESIAN_POINT('',(-1.7815,-27.99695,0.));
#775 = CARTESIAN_POINT('',(-3.563,-27.4539,0.));
#776 = CARTESIAN_POINT('',(-5.3445,-26.91085,0.));
#777 = CARTESIAN_POINT('',(-7.126,-26.3678,0.));
#778 = PCURVE('',#45,#779);
#779 = DEFINITIONAL_REPRESENTATION('',(#780),#786);
#780 = B_SPLINE_CURVE_WITH_KNOTS('',4,(#781,#782,#783,#784,#785),
  .UNSPECIFIED.,.F.,.F.,(5,5),(0.,1.),.PIECEWISE_BEZIER_KNOTS.);
#781 = CARTESIAN_POINT('',(1.926117004642,34.796862980511));
#782 = CARTESIAN_POINT('',(3.725918771448,35.2757775373));
#783 = CARTESIAN_POINT('',(5.525720538253,35.754692094089));
#784 = CARTESIAN_POINT('',(7.325522305058,36.233606650879));
#785 = CARTESIAN_POINT('',(9.125324071863,36.712521207668));
#786 = ( GEOMETRIC_REPRESENTATION_CONTEXT(2) 
PARAMETRIC_REPRESENTATION_CONTEXT() REPRESENTATION_CONTEXT('2D SPACE',''
  ) );
#787 = PCURVE('',#788,#795);
#788 = B_SPLINE_SURFACE_WITH_KNOTS('',1,2,(
    (#789,#790,#791)
    ,(#792,#793,#794
    )),.UNSPECIFIED.,.F.,.F.,.F.,(2,2),(3,3),(11.,12.),(0.,1.),
  .PIECEWISE_BEZIER_KNOTS.);
#789 = CARTESIAN_POINT('',(-7.08,-26.331,1.));
#790 = CARTESIAN_POINT('',(-7.6545,-27.716,-4.));
#791 = CARTESIAN_POINT('',(-1.339,-5.081,-9.));
#792 = CARTESIAN_POINT('',(0.,-28.5,1.));
#793 = CARTESIAN_POINT('',(0.,-30.,-4.));
#794 = CARTESIAN_POINT('',(0.,-5.5,-9.));
#795 = DEFINITIONAL_REPRESENTATION('',(#796),#802);
#796 = B_SPLINE_CURVE_WITH_KNOTS('',4,(#797,#798,#799,#800,#801),
  .UNSPECIFIED.,.F.,.F.,(5,5),(0.,1.),.PIECEWISE_BEZIER_KNOTS.);
#797 = CARTESIAN_POINT('',(12.,0.1));
#798 = CARTESIAN_POINT('',(11.75,1.E-01));
#799 = CARTESIAN_POINT('',(11.5,0.1));
#800 = CARTESIAN_POINT('',(11.25,0.1));
#801 = CARTESIAN_POINT('',(11.,0.1));
#802 = ( GEOMETRIC_REPRESENTATION_CONTEXT(2) 
PARAMETRIC_REPRESENTATION_CONTEXT() REPRESENTATION_CONTEXT('2D SPACE',''
  ) );
#803 = ORIENTED_EDGE('',*,*,#804,.T.);
#804 = EDGE_CURVE('',#769,#805,#807,.T.);
#805 = VERTEX_POINT('',#806);
#806 = CARTESIAN_POINT('',(-13.16592,-20.18116,2.22044604925E-16));
#807 = SURFACE_CURVE('',#808,(#814,#823),.PCURVE_S1.);
#808 = B_SPLINE_CURVE_WITH_KNOTS('',4,(#809,#810,#811,#812,#813),
  .UNSPECIFIED.,.F.,.F.,(5,5),(0.,1.),.PIECEWISE_BEZIER_KNOTS.);
#809 = CARTESIAN_POINT('',(-7.126,-26.3678,0.));
#810 = CARTESIAN_POINT('',(-8.63598,-24.82114,0.));
#811 = CARTESIAN_POINT('',(-10.14596,-23.27448,0.));
#812 = CARTESIAN_POINT('',(-11.65594,-21.72782,0.));
#813 = CARTESIAN_POINT('',(-13.16592,-20.18116,0.));
#814 = PCURVE('',#45,#815);
#815 = DEFINITIONAL_REPRESENTATION('',(#816),#822);
#816 = B_SPLINE_CURVE_WITH_KNOTS('',4,(#817,#818,#819,#820,#821),
  .UNSPECIFIED.,.F.,.F.,(5,5),(0.,1.),.PIECEWISE_BEZIER_KNOTS.);
#817 = CARTESIAN_POINT('',(9.125324071863,36.712521207668));
#818 = CARTESIAN_POINT('',(11.22414893435,36.195674080745));
#819 = CARTESIAN_POINT('',(13.322973796837,35.678826953822));
#820 = CARTESIAN_POINT('',(15.421798659323,35.1619798269));
#821 = CARTESIAN_POINT('',(17.52062352181,34.645132699977));
#822 = ( GEOMETRIC_REPRESENTATION_CONTEXT(2) 
PARAMETRIC_REPRESENTATION_CONTEXT() REPRESENTATION_CONTEXT('2D SPACE',''
  ) );
#823 = PCURVE('',#824,#831);
#824 = B_SPLINE_SURFACE_WITH_KNOTS('',1,2,(
    (#825,#826,#827)
    ,(#828,#829,#830
    )),.UNSPECIFIED.,.F.,.F.,.F.,(2,2),(3,3),(10.,11.),(0.,1.),
  .PIECEWISE_BEZIER_KNOTS.);
#825 = CARTESIAN_POINT('',(-13.081,-20.153,1.));
#826 = CARTESIAN_POINT('',(-14.142,-21.213,-4.));
#827 = CARTESIAN_POINT('',(-2.475,-3.889,-9.));
#828 = CARTESIAN_POINT('',(-7.08,-26.331,1.));
#829 = CARTESIAN_POINT('',(-7.6545,-27.716,-4.));
#830 = CARTESIAN_POINT('',(-1.339,-5.081,-9.));
#831 = DEFINITIONAL_REPRESENTATION('',(#832),#838);
#832 = B_SPLINE_CURVE_WITH_KNOTS('',4,(#833,#834,#835,#836,#837),
  .UNSPECIFIED.,.F.,.F.,(5,5),(0.,1.),.PIECEWISE_BEZIER_KNOTS.);
#833 = CARTESIAN_POINT('',(11.,0.1));
#834 = CARTESIAN_POINT('',(10.75,0.1));
#835 = CARTESIAN_POINT('',(10.5,0.1));
#836 = CARTESIAN_POINT('',(10.25,0.1));
#837 = CARTESIAN_POINT('',(10.,0.1));
#838 = ( GEOMETRIC_REPRESENTATION_CONTEXT(2) 
PARAMETRIC_REPRESENTATION_CONTEXT() REPRESENTATION_CONTEXT('2D SPACE',''
  ) );
#839 = ORIENTED_EDGE('',*,*,#840,.T.);
#840 = EDGE_CURVE('',#805,#841,#843,.T.);
#841 = VERTEX_POINT('',#842);
#842 = CARTESIAN_POINT('',(-17.20272,-10.9214,2.22044604925E-16));
#843 = SURFACE_CURVE('',#844,(#850,#859),.PCURVE_S1.);
#844 = B_SPLINE_CURVE_WITH_KNOTS('',4,(#845,#846,#847,#848,#849),
  .UNSPECIFIED.,.F.,.F.,(5,5),(0.,1.),.PIECEWISE_BEZIER_KNOTS.);
#845 = CARTESIAN_POINT('',(-13.16592,-20.18116,0.));
#846 = CARTESIAN_POINT('',(-14.17512,-17.86622,0.));
#847 = CARTESIAN_POINT('',(-15.18432,-15.55128,0.));
#848 = CARTESIAN_POINT('',(-16.19352,-13.23634,0.));
#849 = CARTESIAN_POINT('',(-17.20272,-10.9214,0.));
#850 = PCURVE('',#45,#851);
#851 = DEFINITIONAL_REPRESENTATION('',(#852),#858);
#852 = B_SPLINE_CURVE_WITH_KNOTS('',4,(#853,#854,#855,#856,#857),
  .UNSPECIFIED.,.F.,.F.,(5,5),(0.,1.),.PIECEWISE_BEZIER_KNOTS.);
#853 = CARTESIAN_POINT('',(17.52062352181,34.645132699977));
#854 = CARTESIAN_POINT('',(19.599542928057,33.211422148322));
#855 = CARTESIAN_POINT('',(21.678462334305,31.777711596667));
#856 = CARTESIAN_POINT('',(23.757381740552,30.344001045012));
#857 = CARTESIAN_POINT('',(25.8363011468,28.910290493357));
#858 = ( GEOMETRIC_REPRESENTATION_CONTEXT(2) 
PARAMETRIC_REPRESENTATION_CONTEXT() REPRESENTATION_CONTEXT('2D SPACE',''
  ) );
#859 = PCURVE('',#860,#867);
#860 = B_SPLINE_SURFACE_WITH_KNOTS('',1,2,(
    (#861,#862,#863)
    ,(#864,#865,#866
    )),.UNSPECIFIED.,.F.,.F.,.F.,(2,2),(3,3),(9.,10.),(0.,1.),
  .PIECEWISE_BEZIER_KNOTS.);
#861 = CARTESIAN_POINT('',(-17.092,-10.906,1.));
#862 = CARTESIAN_POINT('',(-18.477,-11.4805,-4.));
#863 = CARTESIAN_POINT('',(-3.234,-2.105,-9.));
#864 = CARTESIAN_POINT('',(-13.081,-20.153,1.));
#865 = CARTESIAN_POINT('',(-14.142,-21.213,-4.));
#866 = CARTESIAN_POINT('',(-2.475,-3.889,-9.));
#867 = DEFINITIONAL_REPRESENTATION('',(#868),#874);
#868 = B_SPLINE_CURVE_WITH_KNOTS('',4,(#869,#870,#871,#872,#873),
  .UNSPECIFIED.,.F.,.F.,(5,5),(0.,1.),.PIECEWISE_BEZIER_KNOTS.);
#869 = CARTESIAN_POINT('',(10.,0.1));
#870 = CARTESIAN_POINT('',(9.75,0.1));
#871 = CARTESIAN_POINT('',(9.5,0.1));
#872 = CARTESIAN_POINT('',(9.25,0.1));
#873 = CARTESIAN_POINT('',(9.,0.1));
#874 = ( GEOMETRIC_REPRESENTATION_CONTEXT(2) 
PARAMETRIC_REPRESENTATION_CONTEXT() REPRESENTATION_CONTEXT('2D SPACE',''
  ) );
#875 = ORIENTED_EDGE('',*,*,#876,.T.);
#876 = EDGE_CURVE('',#841,#877,#879,.T.);
#877 = VERTEX_POINT('',#878);
#878 = CARTESIAN_POINT('',(-18.62,0.,2.22044604925E-16));
#879 = SURFACE_CURVE('',#880,(#886,#895),.PCURVE_S1.);
#880 = B_SPLINE_CURVE_WITH_KNOTS('',4,(#881,#882,#883,#884,#885),
  .UNSPECIFIED.,.F.,.F.,(5,5),(0.,1.),.PIECEWISE_BEZIER_KNOTS.);
#881 = CARTESIAN_POINT('',(-17.20272,-10.9214,0.));
#882 = CARTESIAN_POINT('',(-17.55704,-8.19105,0.));
#883 = CARTESIAN_POINT('',(-17.91136,-5.4607,0.));
#884 = CARTESIAN_POINT('',(-18.26568,-2.73035,0.));
#885 = CARTESIAN_POINT('',(-18.62,-8.308364436892E-16,0.));
#886 = PCURVE('',#45,#887);
#887 = DEFINITIONAL_REPRESENTATION('',(#888),#894);
#888 = B_SPLINE_CURVE_WITH_KNOTS('',4,(#889,#890,#891,#892,#893),
  .UNSPECIFIED.,.F.,.F.,(5,5),(0.,1.),.PIECEWISE_BEZIER_KNOTS.);
#889 = CARTESIAN_POINT('',(25.8363011468,28.910290493357));
#890 = CARTESIAN_POINT('',(27.578196124084,26.778118907153));
#891 = CARTESIAN_POINT('',(29.320091101368,24.64594732095));
#892 = CARTESIAN_POINT('',(31.061986078653,22.513775734747));
#893 = CARTESIAN_POINT('',(32.803881055937,20.381604148544));
#894 = ( GEOMETRIC_REPRESENTATION_CONTEXT(2) 
PARAMETRIC_REPRESENTATION_CONTEXT() REPRESENTATION_CONTEXT('2D SPACE',''
  ) );
#895 = PCURVE('',#896,#903);
#896 = B_SPLINE_SURFACE_WITH_KNOTS('',1,2,(
    (#897,#898,#899)
    ,(#900,#901,#902
    )),.UNSPECIFIED.,.F.,.F.,.F.,(2,2),(3,3),(8.,9.),(0.,1.),
  .PIECEWISE_BEZIER_KNOTS.);
#897 = CARTESIAN_POINT('',(-18.5,0.,1.));
#898 = CARTESIAN_POINT('',(-20.,0.,-4.));
#899 = CARTESIAN_POINT('',(-3.5,0.,-9.));
#900 = CARTESIAN_POINT('',(-17.092,-10.906,1.));
#901 = CARTESIAN_POINT('',(-18.477,-11.4805,-4.));
#902 = CARTESIAN_POINT('',(-3.234,-2.105,-9.));
#903 = DEFINITIONAL_REPRESENTATION('',(#904),#910);
#904 = B_SPLINE_CURVE_WITH_KNOTS('',4,(#905,#906,#907,#908,#909),
  .UNSPECIFIED.,.F.,.F.,(5,5),(0.,1.),.PIECEWISE_BEZIER_KNOTS.);
#905 = CARTESIAN_POINT('',(9.,0.1));
#906 = CARTESIAN_POINT('',(8.75,0.1));
#907 = CARTESIAN_POINT('',(8.5,0.1));
#908 = CARTESIAN_POINT('',(8.25,0.1));
#909 = CARTESIAN_POINT('',(8.,0.1));
#910 = ( GEOMETRIC_REPRESENTATION_CONTEXT(2) 
PARAMETRIC_REPRESENTATION_CONTEXT() REPRESENTATION_CONTEXT('2D SPACE',''
  ) );
#911 = ORIENTED_EDGE('',*,*,#912,.T.);
#912 = EDGE_CURVE('',#877,#913,#915,.T.);
#913 = VERTEX_POINT('',#914);
#914 = CARTESIAN_POINT('',(-17.20272,10.9214,2.22044604925E-16));
#915 = SURFACE_CURVE('',#916,(#922,#931),.PCURVE_S1.);
#916 = B_SPLINE_CURVE_WITH_KNOTS('',4,(#917,#918,#919,#920,#921),
  .UNSPECIFIED.,.F.,.F.,(5,5),(0.,1.),.PIECEWISE_BEZIER_KNOTS.);
#917 = CARTESIAN_POINT('',(-18.62,-8.308364436892E-16,0.));
#918 = CARTESIAN_POINT('',(-18.26568,2.73035,0.));
#919 = CARTESIAN_POINT('',(-17.91136,5.4607,0.));
#920 = CARTESIAN_POINT('',(-17.55704,8.19105,0.));
#921 = CARTESIAN_POINT('',(-17.20272,10.9214,0.));
#922 = PCURVE('',#45,#923);
#923 = DEFINITIONAL_REPRESENTATION('',(#924),#930);
#924 = B_SPLINE_CURVE_WITH_KNOTS('',4,(#925,#926,#927,#928,#929),
  .UNSPECIFIED.,.F.,.F.,(5,5),(0.,1.),.PIECEWISE_BEZIER_KNOTS.);
#925 = CARTESIAN_POINT('',(32.803881055937,20.381604148544));
#926 = CARTESIAN_POINT('',(33.943856243695,17.875449652868));
#927 = CARTESIAN_POINT('',(35.083831431454,15.369295157193));
#928 = CARTESIAN_POINT('',(36.223806619213,12.863140661517));
#929 = CARTESIAN_POINT('',(37.363781806971,10.356986165842));
#930 = ( GEOMETRIC_REPRESENTATION_CONTEXT(2) 
PARAMETRIC_REPRESENTATION_CONTEXT() REPRESENTATION_CONTEXT('2D SPACE',''
  ) );
#931 = PCURVE('',#932,#939);
#932 = B_SPLINE_SURFACE_WITH_KNOTS('',1,2,(
    (#933,#934,#935)
    ,(#936,#937,#938
    )),.UNSPECIFIED.,.F.,.F.,.F.,(2,2),(3,3),(7.,8.),(0.,1.),
  .PIECEWISE_BEZIER_KNOTS.);
#933 = CARTESIAN_POINT('',(-17.092,10.906,1.));
#934 = CARTESIAN_POINT('',(-18.477,11.4805,-4.));
#935 = CARTESIAN_POINT('',(-3.234,2.105,-9.));
#936 = CARTESIAN_POINT('',(-18.5,0.,1.));
#937 = CARTESIAN_POINT('',(-20.,0.,-4.));
#938 = CARTESIAN_POINT('',(-3.5,0.,-9.));
#939 = DEFINITIONAL_REPRESENTATION('',(#940),#946);
#940 = B_SPLINE_CURVE_WITH_KNOTS('',4,(#941,#942,#943,#944,#945),
  .UNSPECIFIED.,.F.,.F.,(5,5),(0.,1.),.PIECEWISE_BEZIER_KNOTS.);
#941 = CARTESIAN_POINT('',(8.,0.1));
#942 = CARTESIAN_POINT('',(7.75,0.1));
#943 = CARTESIAN_POINT('',(7.5,0.1));
#944 = CARTESIAN_POINT('',(7.25,0.1));
#945 = CARTESIAN_POINT('',(7.,0.1));
#946 = ( GEOMETRIC_REPRESENTATION_CONTEXT(2) 
PARAMETRIC_REPRESENTATION_CONTEXT() REPRESENTATION_CONTEXT('2D SPACE',''
  ) );
#947 = ORIENTED_EDGE('',*,*,#948,.T.);
#948 = EDGE_CURVE('',#913,#949,#951,.T.);
#949 = VERTEX_POINT('',#950);
#950 = CARTESIAN_POINT('',(-13.16592,20.18116,2.22044604925E-16));
#951 = SURFACE_CURVE('',#952,(#958,#967),.PCURVE_S1.);
#952 = B_SPLINE_CURVE_WITH_KNOTS('',4,(#953,#954,#955,#956,#957),
  .UNSPECIFIED.,.F.,.F.,(5,5),(0.,1.),.PIECEWISE_BEZIER_KNOTS.);
#953 = CARTESIAN_POINT('',(-17.20272,10.9214,0.));
#954 = CARTESIAN_POINT('',(-16.19352,13.23634,0.));
#955 = CARTESIAN_POINT('',(-15.18432,15.55128,0.));
#956 = CARTESIAN_POINT('',(-14.17512,17.86622,0.));
#957 = CARTESIAN_POINT('',(-13.16592,20.18116,0.));
#958 = PCURVE('',#45,#959);
#959 = DEFINITIONAL_REPRESENTATION('',(#960),#966);
#960 = B_SPLINE_CURVE_WITH_KNOTS('',4,(#961,#962,#963,#964,#965),
  .UNSPECIFIED.,.F.,.F.,(5,5),(0.,1.),.PIECEWISE_BEZIER_KNOTS.);
#961 = CARTESIAN_POINT('',(37.363781806971,10.356986165842));
#962 = CARTESIAN_POINT('',(37.728269480352,7.858070284994));
#963 = CARTESIAN_POINT('',(38.092757153734,5.359154404146));
#964 = CARTESIAN_POINT('',(38.457244827115,2.860238523299));
#965 = CARTESIAN_POINT('',(38.821732500496,0.361322642451));
#966 = ( GEOMETRIC_REPRESENTATION_CONTEXT(2) 
PARAMETRIC_REPRESENTATION_CONTEXT() REPRESENTATION_CONTEXT('2D SPACE',''
  ) );
#967 = PCURVE('',#968,#975);
#968 = B_SPLINE_SURFACE_WITH_KNOTS('',1,2,(
    (#969,#970,#971)
    ,(#972,#973,#974
    )),.UNSPECIFIED.,.F.,.F.,.F.,(2,2),(3,3),(6.,7.),(0.,1.),
  .PIECEWISE_BEZIER_KNOTS.);
#969 = CARTESIAN_POINT('',(-13.081,20.153,1.));
#970 = CARTESIAN_POINT('',(-14.142,21.213,-4.));
#971 = CARTESIAN_POINT('',(-2.475,3.889,-9.));
#972 = CARTESIAN_POINT('',(-17.092,10.906,1.));
#973 = CARTESIAN_POINT('',(-18.477,11.4805,-4.));
#974 = CARTESIAN_POINT('',(-3.234,2.105,-9.));
#975 = DEFINITIONAL_REPRESENTATION('',(#976),#982);
#976 = B_SPLINE_CURVE_WITH_KNOTS('',4,(#977,#978,#979,#980,#981),
  .UNSPECIFIED.,.F.,.F.,(5,5),(0.,1.),.PIECEWISE_BEZIER_KNOTS.);
#977 = CARTESIAN_POINT('',(7.,0.1));
#978 = CARTESIAN_POINT('',(6.75,0.1));
#979 = CARTESIAN_POINT('',(6.5,0.1));
#980 = CARTESIAN_POINT('',(6.25,0.1));
#981 = CARTESIAN_POINT('',(6.,0.1));
#982 = ( GEOMETRIC_REPRESENTATION_CONTEXT(2) 
PARAMETRIC_REPRESENTATION_CONTEXT() REPRESENTATION_CONTEXT('2D SPACE',''
  ) );
#983 = ORIENTED_EDGE('',*,*,#984,.T.);
#984 = EDGE_CURVE('',#949,#985,#987,.T.);
#985 = VERTEX_POINT('',#986);
#986 = CARTESIAN_POINT('',(-7.126,26.3678,2.22044604925E-16));
#987 = SURFACE_CURVE('',#988,(#994,#1003),.PCURVE_S1.);
#988 = B_SPLINE_CURVE_WITH_KNOTS('',4,(#989,#990,#991,#992,#993),
  .UNSPECIFIED.,.F.,.F.,(5,5),(0.,1.),.PIECEWISE_BEZIER_KNOTS.);
#989 = CARTESIAN_POINT('',(-13.16592,20.18116,0.));
#990 = CARTESIAN_POINT('',(-11.65594,21.72782,0.));
#991 = CARTESIAN_POINT('',(-10.14596,23.27448,0.));
#992 = CARTESIAN_POINT('',(-8.63598,24.82114,0.));
#993 = CARTESIAN_POINT('',(-7.126,26.3678,0.));
#994 = PCURVE('',#45,#995);
#995 = DEFINITIONAL_REPRESENTATION('',(#996),#1002);
#996 = B_SPLINE_CURVE_WITH_KNOTS('',4,(#997,#998,#999,#1000,#1001),
  .UNSPECIFIED.,.F.,.F.,(5,5),(0.,1.),.PIECEWISE_BEZIER_KNOTS.);
#997 = CARTESIAN_POINT('',(38.821732500496,0.361322642451));
#998 = CARTESIAN_POINT('',(38.355399190178,-1.749300488212));
#999 = CARTESIAN_POINT('',(37.889065879861,-3.859923618875));
#1000 = CARTESIAN_POINT('',(37.422732569544,-5.970546749537));
#1001 = CARTESIAN_POINT('',(36.956399259226,-8.0811698802));
#1002 = ( GEOMETRIC_REPRESENTATION_CONTEXT(2) 
PARAMETRIC_REPRESENTATION_CONTEXT() REPRESENTATION_CONTEXT('2D SPACE',''
  ) );
#1003 = PCURVE('',#1004,#1011);
#1004 = B_SPLINE_SURFACE_WITH_KNOTS('',1,2,(
    (#1005,#1006,#1007)
    ,(#1008,#1009,#1010
  )),.UNSPECIFIED.,.F.,.F.,.F.,(2,2),(3,3),(5.,6.),(0.,1.),
  .PIECEWISE_BEZIER_KNOTS.);
#1005 = CARTESIAN_POINT('',(-7.08,26.331,1.));
#1006 = CARTESIAN_POINT('',(-7.6545,27.716,-4.));
#1007 = CARTESIAN_POINT('',(-1.339,5.081,-9.));
#1008 = CARTESIAN_POINT('',(-13.081,20.153,1.));
#1009 = CARTESIAN_POINT('',(-14.142,21.213,-4.));
#1010 = CARTESIAN_POINT('',(-2.475,3.889,-9.));
#1011 = DEFINITIONAL_REPRESENTATION('',(#1012),#1018);
#1012 = B_SPLINE_CURVE_WITH_KNOTS('',4,(#1013,#1014,#1015,#1016,#1017),
  .UNSPECIFIED.,.F.,.F.,(5,5),(0.,1.),.PIECEWISE_BEZIER_KNOTS.);
#1013 = CARTESIAN_POINT('',(6.,0.1));
#1014 = CARTESIAN_POINT('',(5.75,0.1));
#1015 = CARTESIAN_POINT('',(5.5,0.1));
#1016 = CARTESIAN_POINT('',(5.25,0.1));
#1017 = CARTESIAN_POINT('',(5.,0.1));
#1018 = ( GEOMETRIC_REPRESENTATION_CONTEXT(2) 
PARAMETRIC_REPRESENTATION_CONTEXT() REPRESENTATION_CONTEXT('2D SPACE',''
  ) );
#1019 = ORIENTED_EDGE('',*,*,#1020,.T.);
#1020 = EDGE_CURVE('',#985,#1021,#1023,.T.);
#1021 = VERTEX_POINT('',#1022);
#1022 = CARTESIAN_POINT('',(0.,28.54,2.22044604925E-16));
#1023 = SURFACE_CURVE('',#1024,(#1030,#1039),.PCURVE_S1.);
#1024 = B_SPLINE_CURVE_WITH_KNOTS('',4,(#1025,#1026,#1027,#1028,#1029),
  .UNSPECIFIED.,.F.,.F.,(5,5),(0.,1.),.PIECEWISE_BEZIER_KNOTS.);
#1025 = CARTESIAN_POINT('',(-7.126,26.3678,0.));
#1026 = CARTESIAN_POINT('',(-5.3445,26.91085,0.));
#1027 = CARTESIAN_POINT('',(-3.563,27.4539,0.));
#1028 = CARTESIAN_POINT('',(-1.7815,27.99695,0.));
#1029 = CARTESIAN_POINT('',(-3.552713678801E-15,28.54,0.));
#1030 = PCURVE('',#45,#1031);
#1031 = DEFINITIONAL_REPRESENTATION('',(#1032),#1038);
#1032 = B_SPLINE_CURVE_WITH_KNOTS('',4,(#1033,#1034,#1035,#1036,#1037),
  .UNSPECIFIED.,.F.,.F.,(5,5),(0.,1.),.PIECEWISE_BEZIER_KNOTS.);
#1033 = CARTESIAN_POINT('',(36.956399259226,-8.0811698802));
#1034 = CARTESIAN_POINT('',(35.729783931202,-9.482619269067));
#1035 = CARTESIAN_POINT('',(34.503168603179,-10.88406865793));
#1036 = CARTESIAN_POINT('',(33.276553275155,-12.2855180468));
#1037 = CARTESIAN_POINT('',(32.049937947131,-13.68696743567));
#1038 = ( GEOMETRIC_REPRESENTATION_CONTEXT(2) 
PARAMETRIC_REPRESENTATION_CONTEXT() REPRESENTATION_CONTEXT('2D SPACE',''
  ) );
#1039 = PCURVE('',#1040,#1047);
#1040 = B_SPLINE_SURFACE_WITH_KNOTS('',1,2,(
    (#1041,#1042,#1043)
    ,(#1044,#1045,#1046
  )),.UNSPECIFIED.,.F.,.F.,.F.,(2,2),(3,3),(4.,5.),(0.,1.),
  .PIECEWISE_BEZIER_KNOTS.);
#1041 = CARTESIAN_POINT('',(0.,28.5,1.));
#1042 = CARTESIAN_POINT('',(0.,30.,-4.));
#1043 = CARTESIAN_POINT('',(0.,5.5,-9.));
#1044 = CARTESIAN_POINT('',(-7.08,26.331,1.));
#1045 = CARTESIAN_POINT('',(-7.6545,27.716,-4.));
#1046 = CARTESIAN_POINT('',(-1.339,5.081,-9.));
#1047 = DEFINITIONAL_REPRESENTATION('',(#1048),#1054);
#1048 = B_SPLINE_CURVE_WITH_KNOTS('',4,(#1049,#1050,#1051,#1052,#1053),
  .UNSPECIFIED.,.F.,.F.,(5,5),(0.,1.),.PIECEWISE_BEZIER_KNOTS.);
#1049 = CARTESIAN_POINT('',(5.,0.1));
#1050 = CARTESIAN_POINT('',(4.75,0.1));
#1051 = CARTESIAN_POINT('',(4.5,0.1));
#1052 = CARTESIAN_POINT('',(4.25,1.E-01));
#1053 = CARTESIAN_POINT('',(4.,0.1));
#1054 = ( GEOMETRIC_REPRESENTATION_CONTEXT(2) 
PARAMETRIC_REPRESENTATION_CONTEXT() REPRESENTATION_CONTEXT('2D SPACE',''
  ) );
#1055 = ORIENTED_EDGE('',*,*,#1056,.T.);
#1056 = EDGE_CURVE('',#1021,#1057,#1059,.T.);
#1057 = VERTEX_POINT('',#1058);
#1058 = CARTESIAN_POINT('',(7.126,26.3678,2.22044604925E-16));
#1059 = SURFACE_CURVE('',#1060,(#1066,#1075),.PCURVE_S1.);
#1060 = B_SPLINE_CURVE_WITH_KNOTS('',4,(#1061,#1062,#1063,#1064,#1065),
  .UNSPECIFIED.,.F.,.F.,(5,5),(0.,1.),.PIECEWISE_BEZIER_KNOTS.);
#1061 = CARTESIAN_POINT('',(-3.552713678801E-15,28.54,0.));
#1062 = CARTESIAN_POINT('',(1.7815,27.99695,0.));
#1063 = CARTESIAN_POINT('',(3.563,27.4539,0.));
#1064 = CARTESIAN_POINT('',(5.3445,26.91085,0.));
#1065 = CARTESIAN_POINT('',(7.126,26.3678,0.));
#1066 = PCURVE('',#45,#1067);
#1067 = DEFINITIONAL_REPRESENTATION('',(#1068),#1074);
#1068 = B_SPLINE_CURVE_WITH_KNOTS('',4,(#1069,#1070,#1071,#1072,#1073),
  .UNSPECIFIED.,.F.,.F.,(5,5),(0.,1.),.PIECEWISE_BEZIER_KNOTS.);
#1069 = CARTESIAN_POINT('',(32.049937947131,-13.68696743567));
#1070 = CARTESIAN_POINT('',(30.250136180325,-14.16588199245));
#1071 = CARTESIAN_POINT('',(28.45033441352,-14.64479654924));
#1072 = CARTESIAN_POINT('',(26.650532646715,-15.12371110603));
#1073 = CARTESIAN_POINT('',(24.85073087991,-15.60262566282));
#1074 = ( GEOMETRIC_REPRESENTATION_CONTEXT(2) 
PARAMETRIC_REPRESENTATION_CONTEXT() REPRESENTATION_CONTEXT('2D SPACE',''
  ) );
#1075 = PCURVE('',#1076,#1083);
#1076 = B_SPLINE_SURFACE_WITH_KNOTS('',1,2,(
    (#1077,#1078,#1079)
    ,(#1080,#1081,#1082
  )),.UNSPECIFIED.,.F.,.F.,.F.,(2,2),(3,3),(3.,4.),(0.,1.),
  .PIECEWISE_BEZIER_KNOTS.);
#1077 = CARTESIAN_POINT('',(7.08,26.331,1.));
#1078 = CARTESIAN_POINT('',(7.6545,27.716,-4.));
#1079 = CARTESIAN_POINT('',(1.339,5.081,-9.));
#1080 = CARTESIAN_POINT('',(0.,28.5,1.));
#1081 = CARTESIAN_POINT('',(0.,30.,-4.));
#1082 = CARTESIAN_POINT('',(0.,5.5,-9.));
#1083 = DEFINITIONAL_REPRESENTATION('',(#1084),#1090);
#1084 = B_SPLINE_CURVE_WITH_KNOTS('',4,(#1085,#1086,#1087,#1088,#1089),
  .UNSPECIFIED.,.F.,.F.,(5,5),(0.,1.),.PIECEWISE_BEZIER_KNOTS.);
#1085 = CARTESIAN_POINT('',(4.,0.1));
#1086 = CARTESIAN_POINT('',(3.75,1.E-01));
#1087 = CARTESIAN_POINT('',(3.5,0.1));
#1088 = CARTESIAN_POINT('',(3.25,0.1));
#1089 = CARTESIAN_POINT('',(3.,0.1));
#1090 = ( GEOMETRIC_REPRESENTATION_CONTEXT(2) 
PARAMETRIC_REPRESENTATION_CONTEXT() REPRESENTATION_CONTEXT('2D SPACE',''
  ) );
#1091 = ORIENTED_EDGE('',*,*,#1092,.T.);
#1092 = EDGE_CURVE('',#1057,#551,#1093,.T.);
#1093 = SURFACE_CURVE('',#1094,(#1100,#1109),.PCURVE_S1.);
#1094 = B_SPLINE_CURVE_WITH_KNOTS('',4,(#1095,#1096,#1097,#1098,#1099),
  .UNSPECIFIED.,.F.,.F.,(5,5),(0.,1.),.PIECEWISE_BEZIER_KNOTS.);
#1095 = CARTESIAN_POINT('',(7.126,26.3678,0.));
#1096 = CARTESIAN_POINT('',(8.63598,24.82114,0.));
#1097 = CARTESIAN_POINT('',(10.14596,23.27448,0.));
#1098 = CARTESIAN_POINT('',(11.65594,21.72782,0.));
#1099 = CARTESIAN_POINT('',(13.16592,20.18116,0.));
#1100 = PCURVE('',#45,#1101);
#1101 = DEFINITIONAL_REPRESENTATION('',(#1102),#1108);
#1102 = B_SPLINE_CURVE_WITH_KNOTS('',4,(#1103,#1104,#1105,#1106,#1107),
  .UNSPECIFIED.,.F.,.F.,(5,5),(0.,1.),.PIECEWISE_BEZIER_KNOTS.);
#1103 = CARTESIAN_POINT('',(24.85073087991,-15.60262566282));
#1104 = CARTESIAN_POINT('',(22.751906017423,-15.0857785359));
#1105 = CARTESIAN_POINT('',(20.653081154937,-14.56893140898));
#1106 = CARTESIAN_POINT('',(18.55425629245,-14.05208428205));
#1107 = CARTESIAN_POINT('',(16.455431429963,-13.53523715513));
#1108 = ( GEOMETRIC_REPRESENTATION_CONTEXT(2) 
PARAMETRIC_REPRESENTATION_CONTEXT() REPRESENTATION_CONTEXT('2D SPACE',''
  ) );
#1109 = PCURVE('',#1110,#1117);
#1110 = B_SPLINE_SURFACE_WITH_KNOTS('',1,2,(
    (#1111,#1112,#1113)
    ,(#1114,#1115,#1116
  )),.UNSPECIFIED.,.F.,.F.,.F.,(2,2),(3,3),(2.,3.),(0.,1.),
  .PIECEWISE_BEZIER_KNOTS.);
#1111 = CARTESIAN_POINT('',(13.081,20.153,1.));
#1112 = CARTESIAN_POINT('',(14.142,21.213,-4.));
#1113 = CARTESIAN_POINT('',(2.475,3.889,-9.));
#1114 = CARTESIAN_POINT('',(7.08,26.331,1.));
#1115 = CARTESIAN_POINT('',(7.6545,27.716,-4.));
#1116 = CARTESIAN_POINT('',(1.339,5.081,-9.));
#1117 = DEFINITIONAL_REPRESENTATION('',(#1118),#1124);
#1118 = B_SPLINE_CURVE_WITH_KNOTS('',4,(#1119,#1120,#1121,#1122,#1123),
  .UNSPECIFIED.,.F.,.F.,(5,5),(0.,1.),.PIECEWISE_BEZIER_KNOTS.);
#1119 = CARTESIAN_POINT('',(3.,0.1));
#1120 = CARTESIAN_POINT('',(2.75,0.1));
#1121 = CARTESIAN_POINT('',(2.5,0.1));
#1122 = CARTESIAN_POINT('',(2.25,0.1));
#1123 = CARTESIAN_POINT('',(2.,0.1));
#1124 = ( GEOMETRIC_REPRESENTATION_CONTEXT(2) 
PARAMETRIC_REPRESENTATION_CONTEXT() REPRESENTATION_CONTEXT('2D SPACE',''
  ) );
#1125 = ADVANCED_FACE('',(#1126),#72,.F.);
#1126 = FACE_BOUND('',#1127,.F.);
#1127 = EDGE_LOOP('',(#1128,#1129,#1152,#1171));
#1128 = ORIENTED_EDGE('',*,*,#144,.T.);
#1129 = ORIENTED_EDGE('',*,*,#1130,.T.);
#1130 = EDGE_CURVE('',#145,#1131,#1133,.T.);
#1131 = VERTEX_POINT('',#1132);
#1132 = CARTESIAN_POINT('',(3.536,4.95,-10.));
#1133 = SURFACE_CURVE('',#1134,(#1138,#1145),.PCURVE_S1.);
#1134 = B_SPLINE_CURVE_WITH_KNOTS('',2,(#1135,#1136,#1137),
  .UNSPECIFIED.,.F.,.F.,(3,3),(0.,1.),.PIECEWISE_BEZIER_KNOTS.);
#1135 = CARTESIAN_POINT('',(14.142,21.213,0.));
#1136 = CARTESIAN_POINT('',(15.203,22.2745,-5.));
#1137 = CARTESIAN_POINT('',(3.536,4.95,-10.));
#1138 = PCURVE('',#72,#1139);
#1139 = DEFINITIONAL_REPRESENTATION('',(#1140),#1144);
#1140 = LINE('',#1141,#1142);
#1141 = CARTESIAN_POINT('',(2.,0.));
#1142 = VECTOR('',#1143,1.);
#1143 = DIRECTION('',(0.,1.));
#1144 = ( GEOMETRIC_REPRESENTATION_CONTEXT(2) 
PARAMETRIC_REPRESENTATION_CONTEXT() REPRESENTATION_CONTEXT('2D SPACE',''
  ) );
#1145 = PCURVE('',#179,#1146);
#1146 = DEFINITIONAL_REPRESENTATION('',(#1147),#1151);
#1147 = LINE('',#1148,#1149);
#1148 = CARTESIAN_POINT('',(2.,0.));
#1149 = VECTOR('',#1150,1.);
#1150 = DIRECTION('',(0.,1.));
#1151 = ( GEOMETRIC_REPRESENTATION_CONTEXT(2) 
PARAMETRIC_REPRESENTATION_CONTEXT() REPRESENTATION_CONTEXT('2D SPACE',''
  ) );
#1152 = ORIENTED_EDGE('',*,*,#1153,.F.);
#1153 = EDGE_CURVE('',#57,#1131,#1154,.T.);
#1154 = SURFACE_CURVE('',#1155,(#1158,#1165),.PCURVE_S1.);
#1155 = B_SPLINE_CURVE_WITH_KNOTS('',1,(#1156,#1157),.UNSPECIFIED.,.F.,
  .F.,(2,2),(1.,2.),.PIECEWISE_BEZIER_KNOTS.);
#1156 = CARTESIAN_POINT('',(4.619,2.679,-10.));
#1157 = CARTESIAN_POINT('',(3.536,4.95,-10.));
#1158 = PCURVE('',#72,#1159);
#1159 = DEFINITIONAL_REPRESENTATION('',(#1160),#1164);
#1160 = LINE('',#1161,#1162);
#1161 = CARTESIAN_POINT('',(0.,1.));
#1162 = VECTOR('',#1163,1.);
#1163 = DIRECTION('',(1.,0.));
#1164 = ( GEOMETRIC_REPRESENTATION_CONTEXT(2) 
PARAMETRIC_REPRESENTATION_CONTEXT() REPRESENTATION_CONTEXT('2D SPACE',''
  ) );
#1165 = PCURVE('',#101,#1166);
#1166 = DEFINITIONAL_REPRESENTATION('',(#1167),#1170);
#1167 = B_SPLINE_CURVE_WITH_KNOTS('',1,(#1168,#1169),.UNSPECIFIED.,.F.,
  .F.,(2,2),(1.,2.),.PIECEWISE_BEZIER_KNOTS.);
#1168 = CARTESIAN_POINT('',(0.381,2.679));
#1169 = CARTESIAN_POINT('',(1.464,4.95));
#1170 = ( GEOMETRIC_REPRESENTATION_CONTEXT(2) 
PARAMETRIC_REPRESENTATION_CONTEXT() REPRESENTATION_CONTEXT('2D SPACE',''
  ) );
#1171 = ORIENTED_EDGE('',*,*,#56,.F.);
#1172 = ADVANCED_FACE('',(#1173),#101,.T.);
#1173 = FACE_BOUND('',#1174,.F.);
#1174 = EDGE_LOOP('',(#1175,#1176,#1177,#1198,#1219,#1240,#1261,#1282,
    #1303,#1324,#1345,#1373,#1401,#1429,#1457,#1478));
#1175 = ORIENTED_EDGE('',*,*,#86,.T.);
#1176 = ORIENTED_EDGE('',*,*,#1153,.T.);
#1177 = ORIENTED_EDGE('',*,*,#1178,.T.);
#1178 = EDGE_CURVE('',#1131,#1179,#1181,.T.);
#1179 = VERTEX_POINT('',#1180);
#1180 = CARTESIAN_POINT('',(1.913,6.467,-10.));
#1181 = SURFACE_CURVE('',#1182,(#1185,#1191),.PCURVE_S1.);
#1182 = B_SPLINE_CURVE_WITH_KNOTS('',1,(#1183,#1184),.UNSPECIFIED.,.F.,
  .F.,(2,2),(2.,3.),.PIECEWISE_BEZIER_KNOTS.);
#1183 = CARTESIAN_POINT('',(3.536,4.95,-10.));
#1184 = CARTESIAN_POINT('',(1.913,6.467,-10.));
#1185 = PCURVE('',#101,#1186);
#1186 = DEFINITIONAL_REPRESENTATION('',(#1187),#1190);
#1187 = B_SPLINE_CURVE_WITH_KNOTS('',1,(#1188,#1189),.UNSPECIFIED.,.F.,
  .F.,(2,2),(2.,3.),.PIECEWISE_BEZIER_KNOTS.);
#1188 = CARTESIAN_POINT('',(1.464,4.95));
#1189 = CARTESIAN_POINT('',(3.087,6.467));
#1190 = ( GEOMETRIC_REPRESENTATION_CONTEXT(2) 
PARAMETRIC_REPRESENTATION_CONTEXT() REPRESENTATION_CONTEXT('2D SPACE',''
  ) );
#1191 = PCURVE('',#179,#1192);
#1192 = DEFINITIONAL_REPRESENTATION('',(#1193),#1197);
#1193 = LINE('',#1194,#1195);
#1194 = CARTESIAN_POINT('',(0.,1.));
#1195 = VECTOR('',#1196,1.);
#1196 = DIRECTION('',(1.,0.));
#1197 = ( GEOMETRIC_REPRESENTATION_CONTEXT(2) 
PARAMETRIC_REPRESENTATION_CONTEXT() REPRESENTATION_CONTEXT('2D SPACE',''
  ) );
#1198 = ORIENTED_EDGE('',*,*,#1199,.T.);
#1199 = EDGE_CURVE('',#1179,#1200,#1202,.T.);
#1200 = VERTEX_POINT('',#1201);
#1201 = CARTESIAN_POINT('',(0.,7.,-10.));
#1202 = SURFACE_CURVE('',#1203,(#1206,#1212),.PCURVE_S1.);
#1203 = B_SPLINE_CURVE_WITH_KNOTS('',1,(#1204,#1205),.UNSPECIFIED.,.F.,
  .F.,(2,2),(3.,4.),.PIECEWISE_BEZIER_KNOTS.);
#1204 = CARTESIAN_POINT('',(1.913,6.467,-10.));
#1205 = CARTESIAN_POINT('',(0.,7.,-10.));
#1206 = PCURVE('',#101,#1207);
#1207 = DEFINITIONAL_REPRESENTATION('',(#1208),#1211);
#1208 = B_SPLINE_CURVE_WITH_KNOTS('',1,(#1209,#1210),.UNSPECIFIED.,.F.,
  .F.,(2,2),(3.,4.),.PIECEWISE_BEZIER_KNOTS.);
#1209 = CARTESIAN_POINT('',(3.087,6.467));
#1210 = CARTESIAN_POINT('',(5.,7.));
#1211 = ( GEOMETRIC_REPRESENTATION_CONTEXT(2) 
PARAMETRIC_REPRESENTATION_CONTEXT() REPRESENTATION_CONTEXT('2D SPACE',''
  ) );
#1212 = PCURVE('',#207,#1213);
#1213 = DEFINITIONAL_REPRESENTATION('',(#1214),#1218);
#1214 = LINE('',#1215,#1216);
#1215 = CARTESIAN_POINT('',(0.,1.));
#1216 = VECTOR('',#1217,1.);
#1217 = DIRECTION('',(1.,0.));
#1218 = ( GEOMETRIC_REPRESENTATION_CONTEXT(2) 
PARAMETRIC_REPRESENTATION_CONTEXT() REPRESENTATION_CONTEXT('2D SPACE',''
  ) );
#1219 = ORIENTED_EDGE('',*,*,#1220,.T.);
#1220 = EDGE_CURVE('',#1200,#1221,#1223,.T.);
#1221 = VERTEX_POINT('',#1222);
#1222 = CARTESIAN_POINT('',(-1.913,6.467,-10.));
#1223 = SURFACE_CURVE('',#1224,(#1227,#1233),.PCURVE_S1.);
#1224 = B_SPLINE_CURVE_WITH_KNOTS('',1,(#1225,#1226),.UNSPECIFIED.,.F.,
  .F.,(2,2),(4.,5.),.PIECEWISE_BEZIER_KNOTS.);
#1225 = CARTESIAN_POINT('',(0.,7.,-10.));
#1226 = CARTESIAN_POINT('',(-1.913,6.467,-10.));
#1227 = PCURVE('',#101,#1228);
#1228 = DEFINITIONAL_REPRESENTATION('',(#1229),#1232);
#1229 = B_SPLINE_CURVE_WITH_KNOTS('',1,(#1230,#1231),.UNSPECIFIED.,.F.,
  .F.,(2,2),(4.,5.),.PIECEWISE_BEZIER_KNOTS.);
#1230 = CARTESIAN_POINT('',(5.,7.));
#1231 = CARTESIAN_POINT('',(6.913,6.467));
#1232 = ( GEOMETRIC_REPRESENTATION_CONTEXT(2) 
PARAMETRIC_REPRESENTATION_CONTEXT() REPRESENTATION_CONTEXT('2D SPACE',''
  ) );
#1233 = PCURVE('',#235,#1234);
#1234 = DEFINITIONAL_REPRESENTATION('',(#1235),#1239);
#1235 = LINE('',#1236,#1237);
#1236 = CARTESIAN_POINT('',(0.,1.));
#1237 = VECTOR('',#1238,1.);
#1238 = DIRECTION('',(1.,0.));
#1239 = ( GEOMETRIC_REPRESENTATION_CONTEXT(2) 
PARAMETRIC_REPRESENTATION_CONTEXT() REPRESENTATION_CONTEXT('2D SPACE',''
  ) );
#1240 = ORIENTED_EDGE('',*,*,#1241,.T.);
#1241 = EDGE_CURVE('',#1221,#1242,#1244,.T.);
#1242 = VERTEX_POINT('',#1243);
#1243 = CARTESIAN_POINT('',(-3.536,4.95,-10.));
#1244 = SURFACE_CURVE('',#1245,(#1248,#1254),.PCURVE_S1.);
#1245 = B_SPLINE_CURVE_WITH_KNOTS('',1,(#1246,#1247),.UNSPECIFIED.,.F.,
  .F.,(2,2),(5.,6.),.PIECEWISE_BEZIER_KNOTS.);
#1246 = CARTESIAN_POINT('',(-1.913,6.467,-10.));
#1247 = CARTESIAN_POINT('',(-3.536,4.95,-10.));
#1248 = PCURVE('',#101,#1249);
#1249 = DEFINITIONAL_REPRESENTATION('',(#1250),#1253);
#1250 = B_SPLINE_CURVE_WITH_KNOTS('',1,(#1251,#1252),.UNSPECIFIED.,.F.,
  .F.,(2,2),(5.,6.),.PIECEWISE_BEZIER_KNOTS.);
#1251 = CARTESIAN_POINT('',(6.913,6.467));
#1252 = CARTESIAN_POINT('',(8.536,4.95));
#1253 = ( GEOMETRIC_REPRESENTATION_CONTEXT(2) 
PARAMETRIC_REPRESENTATION_CONTEXT() REPRESENTATION_CONTEXT('2D SPACE',''
  ) );
#1254 = PCURVE('',#263,#1255);
#1255 = DEFINITIONAL_REPRESENTATION('',(#1256),#1260);
#1256 = LINE('',#1257,#1258);
#1257 = CARTESIAN_POINT('',(0.,1.));
#1258 = VECTOR('',#1259,1.);
#1259 = DIRECTION('',(1.,0.));
#1260 = ( GEOMETRIC_REPRESENTATION_CONTEXT(2) 
PARAMETRIC_REPRESENTATION_CONTEXT() REPRESENTATION_CONTEXT('2D SPACE',''
  ) );
#1261 = ORIENTED_EDGE('',*,*,#1262,.T.);
#1262 = EDGE_CURVE('',#1242,#1263,#1265,.T.);
#1263 = VERTEX_POINT('',#1264);
#1264 = CARTESIAN_POINT('',(-4.619,2.679,-10.));
#1265 = SURFACE_CURVE('',#1266,(#1269,#1275),.PCURVE_S1.);
#1266 = B_SPLINE_CURVE_WITH_KNOTS('',1,(#1267,#1268),.UNSPECIFIED.,.F.,
  .F.,(2,2),(6.,7.),.PIECEWISE_BEZIER_KNOTS.);
#1267 = CARTESIAN_POINT('',(-3.536,4.95,-10.));
#1268 = CARTESIAN_POINT('',(-4.619,2.679,-10.));
#1269 = PCURVE('',#101,#1270);
#1270 = DEFINITIONAL_REPRESENTATION('',(#1271),#1274);
#1271 = B_SPLINE_CURVE_WITH_KNOTS('',1,(#1272,#1273),.UNSPECIFIED.,.F.,
  .F.,(2,2),(6.,7.),.PIECEWISE_BEZIER_KNOTS.);
#1272 = CARTESIAN_POINT('',(8.536,4.95));
#1273 = CARTESIAN_POINT('',(9.619,2.679));
#1274 = ( GEOMETRIC_REPRESENTATION_CONTEXT(2) 
PARAMETRIC_REPRESENTATION_CONTEXT() REPRESENTATION_CONTEXT('2D SPACE',''
  ) );
#1275 = PCURVE('',#291,#1276);
#1276 = DEFINITIONAL_REPRESENTATION('',(#1277),#1281);
#1277 = LINE('',#1278,#1279);
#1278 = CARTESIAN_POINT('',(0.,1.));
#1279 = VECTOR('',#1280,1.);
#1280 = DIRECTION('',(1.,0.));
#1281 = ( GEOMETRIC_REPRESENTATION_CONTEXT(2) 
PARAMETRIC_REPRESENTATION_CONTEXT() REPRESENTATION_CONTEXT('2D SPACE',''
  ) );
#1282 = ORIENTED_EDGE('',*,*,#1283,.T.);
#1283 = EDGE_CURVE('',#1263,#1284,#1286,.T.);
#1284 = VERTEX_POINT('',#1285);
#1285 = CARTESIAN_POINT('',(-5.,0.,-10.));
#1286 = SURFACE_CURVE('',#1287,(#1290,#1296),.PCURVE_S1.);
#1287 = B_SPLINE_CURVE_WITH_KNOTS('',1,(#1288,#1289),.UNSPECIFIED.,.F.,
  .F.,(2,2),(7.,8.),.PIECEWISE_BEZIER_KNOTS.);
#1288 = CARTESIAN_POINT('',(-4.619,2.679,-10.));
#1289 = CARTESIAN_POINT('',(-5.,0.,-10.));
#1290 = PCURVE('',#101,#1291);
#1291 = DEFINITIONAL_REPRESENTATION('',(#1292),#1295);
#1292 = B_SPLINE_CURVE_WITH_KNOTS('',1,(#1293,#1294),.UNSPECIFIED.,.F.,
  .F.,(2,2),(7.,8.),.PIECEWISE_BEZIER_KNOTS.);
#1293 = CARTESIAN_POINT('',(9.619,2.679));
#1294 = CARTESIAN_POINT('',(10.,0.));
#1295 = ( GEOMETRIC_REPRESENTATION_CONTEXT(2) 
PARAMETRIC_REPRESENTATION_CONTEXT() REPRESENTATION_CONTEXT('2D SPACE',''
  ) );
#1296 = PCURVE('',#319,#1297);
#1297 = DEFINITIONAL_REPRESENTATION('',(#1298),#1302);
#1298 = LINE('',#1299,#1300);
#1299 = CARTESIAN_POINT('',(0.,1.));
#1300 = VECTOR('',#1301,1.);
#1301 = DIRECTION('',(1.,0.));
#1302 = ( GEOMETRIC_REPRESENTATION_CONTEXT(2) 
PARAMETRIC_REPRESENTATION_CONTEXT() REPRESENTATION_CONTEXT('2D SPACE',''
  ) );
#1303 = ORIENTED_EDGE('',*,*,#1304,.T.);
#1304 = EDGE_CURVE('',#1284,#1305,#1307,.T.);
#1305 = VERTEX_POINT('',#1306);
#1306 = CARTESIAN_POINT('',(-4.619,-2.679,-10.));
#1307 = SURFACE_CURVE('',#1308,(#1311,#1317),.PCURVE_S1.);
#1308 = B_SPLINE_CURVE_WITH_KNOTS('',1,(#1309,#1310),.UNSPECIFIED.,.F.,
  .F.,(2,2),(8.,9.),.PIECEWISE_BEZIER_KNOTS.);
#1309 = CARTESIAN_POINT('',(-5.,0.,-10.));
#1310 = CARTESIAN_POINT('',(-4.619,-2.679,-10.));
#1311 = PCURVE('',#101,#1312);
#1312 = DEFINITIONAL_REPRESENTATION('',(#1313),#1316);
#1313 = B_SPLINE_CURVE_WITH_KNOTS('',1,(#1314,#1315),.UNSPECIFIED.,.F.,
  .F.,(2,2),(8.,9.),.PIECEWISE_BEZIER_KNOTS.);
#1314 = CARTESIAN_POINT('',(10.,0.));
#1315 = CARTESIAN_POINT('',(9.619,-2.679));
#1316 = ( GEOMETRIC_REPRESENTATION_CONTEXT(2) 
PARAMETRIC_REPRESENTATION_CONTEXT() REPRESENTATION_CONTEXT('2D SPACE',''
  ) );
#1317 = PCURVE('',#347,#1318);
#1318 = DEFINITIONAL_REPRESENTATION('',(#1319),#1323);
#1319 = LINE('',#1320,#1321);
#1320 = CARTESIAN_POINT('',(0.,1.));
#1321 = VECTOR('',#1322,1.);
#1322 = DIRECTION('',(1.,0.));
#1323 = ( GEOMETRIC_REPRESENTATION_CONTEXT(2) 
PARAMETRIC_REPRESENTATION_CONTEXT() REPRESENTATION_CONTEXT('2D SPACE',''
  ) );
#1324 = ORIENTED_EDGE('',*,*,#1325,.T.);
#1325 = EDGE_CURVE('',#1305,#1326,#1328,.T.);
#1326 = VERTEX_POINT('',#1327);
#1327 = CARTESIAN_POINT('',(-3.536,-4.95,-10.));
#1328 = SURFACE_CURVE('',#1329,(#1332,#1338),.PCURVE_S1.);
#1329 = B_SPLINE_CURVE_WITH_KNOTS('',1,(#1330,#1331),.UNSPECIFIED.,.F.,
  .F.,(2,2),(9.,10.),.PIECEWISE_BEZIER_KNOTS.);
#1330 = CARTESIAN_POINT('',(-4.619,-2.679,-10.));
#1331 = CARTESIAN_POINT('',(-3.536,-4.95,-10.));
#1332 = PCURVE('',#101,#1333);
#1333 = DEFINITIONAL_REPRESENTATION('',(#1334),#1337);
#1334 = B_SPLINE_CURVE_WITH_KNOTS('',1,(#1335,#1336),.UNSPECIFIED.,.F.,
  .F.,(2,2),(9.,10.),.PIECEWISE_BEZIER_KNOTS.);
#1335 = CARTESIAN_POINT('',(9.619,-2.679));
#1336 = CARTESIAN_POINT('',(8.536,-4.95));
#1337 = ( GEOMETRIC_REPRESENTATION_CONTEXT(2) 
PARAMETRIC_REPRESENTATION_CONTEXT() REPRESENTATION_CONTEXT('2D SPACE',''
  ) );
#1338 = PCURVE('',#375,#1339);
#1339 = DEFINITIONAL_REPRESENTATION('',(#1340),#1344);
#1340 = LINE('',#1341,#1342);
#1341 = CARTESIAN_POINT('',(0.,1.));
#1342 = VECTOR('',#1343,1.);
#1343 = DIRECTION('',(1.,0.));
#1344 = ( GEOMETRIC_REPRESENTATION_CONTEXT(2) 
PARAMETRIC_REPRESENTATION_CONTEXT() REPRESENTATION_CONTEXT('2D SPACE',''
  ) );
#1345 = ORIENTED_EDGE('',*,*,#1346,.T.);
#1346 = EDGE_CURVE('',#1326,#1347,#1349,.T.);
#1347 = VERTEX_POINT('',#1348);
#1348 = CARTESIAN_POINT('',(-1.913,-6.467,-10.));
#1349 = SURFACE_CURVE('',#1350,(#1353,#1359),.PCURVE_S1.);
#1350 = B_SPLINE_CURVE_WITH_KNOTS('',1,(#1351,#1352),.UNSPECIFIED.,.F.,
  .F.,(2,2),(10.,11.),.PIECEWISE_BEZIER_KNOTS.);
#1351 = CARTESIAN_POINT('',(-3.536,-4.95,-10.));
#1352 = CARTESIAN_POINT('',(-1.913,-6.467,-10.));
#1353 = PCURVE('',#101,#1354);
#1354 = DEFINITIONAL_REPRESENTATION('',(#1355),#1358);
#1355 = B_SPLINE_CURVE_WITH_KNOTS('',1,(#1356,#1357),.UNSPECIFIED.,.F.,
  .F.,(2,2),(10.,11.),.PIECEWISE_BEZIER_KNOTS.);
#1356 = CARTESIAN_POINT('',(8.536,-4.95));
#1357 = CARTESIAN_POINT('',(6.913,-6.467));
#1358 = ( GEOMETRIC_REPRESENTATION_CONTEXT(2) 
PARAMETRIC_REPRESENTATION_CONTEXT() REPRESENTATION_CONTEXT('2D SPACE',''
  ) );
#1359 = PCURVE('',#1360,#1367);
#1360 = B_SPLINE_SURFACE_WITH_KNOTS('',1,2,(
    (#1361,#1362,#1363)
    ,(#1364,#1365,#1366
    )),.UNSPECIFIED.,.F.,.F.,.F.,(2,2),(3,3),(10.,11.),(0.,1.),
  .PIECEWISE_BEZIER_KNOTS.);
#1361 = CARTESIAN_POINT('',(-14.142,-21.213,0.));
#1362 = CARTESIAN_POINT('',(-15.203,-22.2745,-5.));
#1363 = CARTESIAN_POINT('',(-3.536,-4.95,-10.));
#1364 = CARTESIAN_POINT('',(-7.654,-27.716,0.));
#1365 = CARTESIAN_POINT('',(-8.2285,-29.1025,-5.));
#1366 = CARTESIAN_POINT('',(-1.913,-6.467,-10.));
#1367 = DEFINITIONAL_REPRESENTATION('',(#1368),#1372);
#1368 = LINE('',#1369,#1370);
#1369 = CARTESIAN_POINT('',(0.,1.));
#1370 = VECTOR('',#1371,1.);
#1371 = DIRECTION('',(1.,0.));
#1372 = ( GEOMETRIC_REPRESENTATION_CONTEXT(2) 
PARAMETRIC_REPRESENTATION_CONTEXT() REPRESENTATION_CONTEXT('2D SPACE',''
  ) );
#1373 = ORIENTED_EDGE('',*,*,#1374,.T.);
#1374 = EDGE_CURVE('',#1347,#1375,#1377,.T.);
#1375 = VERTEX_POINT('',#1376);
#1376 = CARTESIAN_POINT('',(0.,-7.,-10.));
#1377 = SURFACE_CURVE('',#1378,(#1381,#1387),.PCURVE_S1.);
#1378 = B_SPLINE_CURVE_WITH_KNOTS('',1,(#1379,#1380),.UNSPECIFIED.,.F.,
  .F.,(2,2),(11.,12.),.PIECEWISE_BEZIER_KNOTS.);
#1379 = CARTESIAN_POINT('',(-1.913,-6.467,-10.));
#1380 = CARTESIAN_POINT('',(0.,-7.,-10.));
#1381 = PCURVE('',#101,#1382);
#1382 = DEFINITIONAL_REPRESENTATION('',(#1383),#1386);
#1383 = B_SPLINE_CURVE_WITH_KNOTS('',1,(#1384,#1385),.UNSPECIFIED.,.F.,
  .F.,(2,2),(11.,12.),.PIECEWISE_BEZIER_KNOTS.);
#1384 = CARTESIAN_POINT('',(6.913,-6.467));
#1385 = CARTESIAN_POINT('',(5.,-7.));
#1386 = ( GEOMETRIC_REPRESENTATION_CONTEXT(2) 
PARAMETRIC_REPRESENTATION_CONTEXT() REPRESENTATION_CONTEXT('2D SPACE',''
  ) );
#1387 = PCURVE('',#1388,#1395);
#1388 = B_SPLINE_SURFACE_WITH_KNOTS('',1,2,(
    (#1389,#1390,#1391)
    ,(#1392,#1393,#1394
    )),.UNSPECIFIED.,.F.,.F.,.F.,(2,2),(3,3),(11.,12.),(0.,1.),
  .PIECEWISE_BEZIER_KNOTS.);
#1389 = CARTESIAN_POINT('',(-7.654,-27.716,0.));
#1390 = CARTESIAN_POINT('',(-8.2285,-29.1025,-5.));
#1391 = CARTESIAN_POINT('',(-1.913,-6.467,-10.));
#1392 = CARTESIAN_POINT('',(0.,-30.,0.));
#1393 = CARTESIAN_POINT('',(0.,-31.5,-5.));
#1394 = CARTESIAN_POINT('',(0.,-7.,-10.));
#1395 = DEFINITIONAL_REPRESENTATION('',(#1396),#1400);
#1396 = LINE('',#1397,#1398);
#1397 = CARTESIAN_POINT('',(0.,1.));
#1398 = VECTOR('',#1399,1.);
#1399 = DIRECTION('',(1.,0.));
#1400 = ( GEOMETRIC_REPRESENTATION_CONTEXT(2) 
PARAMETRIC_REPRESENTATION_CONTEXT() REPRESENTATION_CONTEXT('2D SPACE',''
  ) );
#1401 = ORIENTED_EDGE('',*,*,#1402,.T.);
#1402 = EDGE_CURVE('',#1375,#1403,#1405,.T.);
#1403 = VERTEX_POINT('',#1404);
#1404 = CARTESIAN_POINT('',(1.913,-6.467,-10.));
#1405 = SURFACE_CURVE('',#1406,(#1409,#1415),.PCURVE_S1.);
#1406 = B_SPLINE_CURVE_WITH_KNOTS('',1,(#1407,#1408),.UNSPECIFIED.,.F.,
  .F.,(2,2),(12.,13.),.PIECEWISE_BEZIER_KNOTS.);
#1407 = CARTESIAN_POINT('',(0.,-7.,-10.));
#1408 = CARTESIAN_POINT('',(1.913,-6.467,-10.));
#1409 = PCURVE('',#101,#1410);
#1410 = DEFINITIONAL_REPRESENTATION('',(#1411),#1414);
#1411 = B_SPLINE_CURVE_WITH_KNOTS('',1,(#1412,#1413),.UNSPECIFIED.,.F.,
  .F.,(2,2),(12.,13.),.PIECEWISE_BEZIER_KNOTS.);
#1412 = CARTESIAN_POINT('',(5.,-7.));
#1413 = CARTESIAN_POINT('',(3.087,-6.467));
#1414 = ( GEOMETRIC_REPRESENTATION_CONTEXT(2) 
PARAMETRIC_REPRESENTATION_CONTEXT() REPRESENTATION_CONTEXT('2D SPACE',''
  ) );
#1415 = PCURVE('',#1416,#1423);
#1416 = B_SPLINE_SURFACE_WITH_KNOTS('',1,2,(
    (#1417,#1418,#1419)
    ,(#1420,#1421,#1422
    )),.UNSPECIFIED.,.F.,.F.,.F.,(2,2),(3,3),(12.,13.),(0.,1.),
  .PIECEWISE_BEZIER_KNOTS.);
#1417 = CARTESIAN_POINT('',(0.,-30.,0.));
#1418 = CARTESIAN_POINT('',(0.,-31.5,-5.));
#1419 = CARTESIAN_POINT('',(0.,-7.,-10.));
#1420 = CARTESIAN_POINT('',(7.654,-27.716,0.));
#1421 = CARTESIAN_POINT('',(8.2285,-29.1025,-5.));
#1422 = CARTESIAN_POINT('',(1.913,-6.467,-10.));
#1423 = DEFINITIONAL_REPRESENTATION('',(#1424),#1428);
#1424 = LINE('',#1425,#1426);
#1425 = CARTESIAN_POINT('',(0.,1.));
#1426 = VECTOR('',#1427,1.);
#1427 = DIRECTION('',(1.,0.));
#1428 = ( GEOMETRIC_REPRESENTATION_CONTEXT(2) 
PARAMETRIC_REPRESENTATION_CONTEXT() REPRESENTATION_CONTEXT('2D SPACE',''
  ) );
#1429 = ORIENTED_EDGE('',*,*,#1430,.T.);
#1430 = EDGE_CURVE('',#1403,#1431,#1433,.T.);
#1431 = VERTEX_POINT('',#1432);
#1432 = CARTESIAN_POINT('',(3.536,-4.95,-10.));
#1433 = SURFACE_CURVE('',#1434,(#1437,#1443),.PCURVE_S1.);
#1434 = B_SPLINE_CURVE_WITH_KNOTS('',1,(#1435,#1436),.UNSPECIFIED.,.F.,
  .F.,(2,2),(13.,14.),.PIECEWISE_BEZIER_KNOTS.);
#1435 = CARTESIAN_POINT('',(1.913,-6.467,-10.));
#1436 = CARTESIAN_POINT('',(3.536,-4.95,-10.));
#1437 = PCURVE('',#101,#1438);
#1438 = DEFINITIONAL_REPRESENTATION('',(#1439),#1442);
#1439 = B_SPLINE_CURVE_WITH_KNOTS('',1,(#1440,#1441),.UNSPECIFIED.,.F.,
  .F.,(2,2),(13.,14.),.PIECEWISE_BEZIER_KNOTS.);
#1440 = CARTESIAN_POINT('',(3.087,-6.467));
#1441 = CARTESIAN_POINT('',(1.464,-4.95));
#1442 = ( GEOMETRIC_REPRESENTATION_CONTEXT(2) 
PARAMETRIC_REPRESENTATION_CONTEXT() REPRESENTATION_CONTEXT('2D SPACE',''
  ) );
#1443 = PCURVE('',#1444,#1451);
#1444 = B_SPLINE_SURFACE_WITH_KNOTS('',1,2,(
    (#1445,#1446,#1447)
    ,(#1448,#1449,#1450
    )),.UNSPECIFIED.,.F.,.F.,.F.,(2,2),(3,3),(13.,14.),(0.,1.),
  .PIECEWISE_BEZIER_KNOTS.);
#1445 = CARTESIAN_POINT('',(7.654,-27.716,0.));
#1446 = CARTESIAN_POINT('',(8.2285,-29.1025,-5.));
#1447 = CARTESIAN_POINT('',(1.913,-6.467,-10.));
#1448 = CARTESIAN_POINT('',(14.142,-21.213,0.));
#1449 = CARTESIAN_POINT('',(15.203,-22.2745,-5.));
#1450 = CARTESIAN_POINT('',(3.536,-4.95,-10.));
#1451 = DEFINITIONAL_REPRESENTATION('',(#1452),#1456);
#1452 = LINE('',#1453,#1454);
#1453 = CARTESIAN_POINT('',(0.,1.));
#1454 = VECTOR('',#1455,1.);
#1455 = DIRECTION('',(1.,0.));
#1456 = ( GEOMETRIC_REPRESENTATION_CONTEXT(2) 
PARAMETRIC_REPRESENTATION_CONTEXT() REPRESENTATION_CONTEXT('2D SPACE',''
  ) );
#1457 = ORIENTED_EDGE('',*,*,#1458,.T.);
#1458 = EDGE_CURVE('',#1431,#1459,#1461,.T.);
#1459 = VERTEX_POINT('',#1460);
#1460 = CARTESIAN_POINT('',(4.619,-2.679,-10.));
#1461 = SURFACE_CURVE('',#1462,(#1465,#1471),.PCURVE_S1.);
#1462 = B_SPLINE_CURVE_WITH_KNOTS('',1,(#1463,#1464),.UNSPECIFIED.,.F.,
  .F.,(2,2),(14.,15.),.PIECEWISE_BEZIER_KNOTS.);
#1463 = CARTESIAN_POINT('',(3.536,-4.95,-10.));
#1464 = CARTESIAN_POINT('',(4.619,-2.679,-10.));
#1465 = PCURVE('',#101,#1466);
#1466 = DEFINITIONAL_REPRESENTATION('',(#1467),#1470);
#1467 = B_SPLINE_CURVE_WITH_KNOTS('',1,(#1468,#1469),.UNSPECIFIED.,.F.,
  .F.,(2,2),(14.,15.),.PIECEWISE_BEZIER_KNOTS.);
#1468 = CARTESIAN_POINT('',(1.464,-4.95));
#1469 = CARTESIAN_POINT('',(0.381,-2.679));
#1470 = ( GEOMETRIC_REPRESENTATION_CONTEXT(2) 
PARAMETRIC_REPRESENTATION_CONTEXT() REPRESENTATION_CONTEXT('2D SPACE',''
  ) );
#1471 = PCURVE('',#515,#1472);
#1472 = DEFINITIONAL_REPRESENTATION('',(#1473),#1477);
#1473 = LINE('',#1474,#1475);
#1474 = CARTESIAN_POINT('',(0.,1.));
#1475 = VECTOR('',#1476,1.);
#1476 = DIRECTION('',(1.,0.));
#1477 = ( GEOMETRIC_REPRESENTATION_CONTEXT(2) 
PARAMETRIC_REPRESENTATION_CONTEXT() REPRESENTATION_CONTEXT('2D SPACE',''
  ) );
#1478 = ORIENTED_EDGE('',*,*,#1479,.T.);
#1479 = EDGE_CURVE('',#1459,#87,#1480,.T.);
#1480 = SURFACE_CURVE('',#1481,(#1484,#1490),.PCURVE_S1.);
#1481 = B_SPLINE_CURVE_WITH_KNOTS('',1,(#1482,#1483),.UNSPECIFIED.,.F.,
  .F.,(2,2),(15.,16.),.PIECEWISE_BEZIER_KNOTS.);
#1482 = CARTESIAN_POINT('',(4.619,-2.679,-10.));
#1483 = CARTESIAN_POINT('',(5.,-1.380148522185E-17,-10.));
#1484 = PCURVE('',#101,#1485);
#1485 = DEFINITIONAL_REPRESENTATION('',(#1486),#1489);
#1486 = B_SPLINE_CURVE_WITH_KNOTS('',1,(#1487,#1488),.UNSPECIFIED.,.F.,
  .F.,(2,2),(15.,16.),.PIECEWISE_BEZIER_KNOTS.);
#1487 = CARTESIAN_POINT('',(0.381,-2.679));
#1488 = CARTESIAN_POINT('',(0.,-1.380148522185E-17));
#1489 = ( GEOMETRIC_REPRESENTATION_CONTEXT(2) 
PARAMETRIC_REPRESENTATION_CONTEXT() REPRESENTATION_CONTEXT('2D SPACE',''
  ) );
#1490 = PCURVE('',#126,#1491);
#1491 = DEFINITIONAL_REPRESENTATION('',(#1492),#1496);
#1492 = LINE('',#1493,#1494);
#1493 = CARTESIAN_POINT('',(0.,1.));
#1494 = VECTOR('',#1495,1.);
#1495 = DIRECTION('',(1.,0.));
#1496 = ( GEOMETRIC_REPRESENTATION_CONTEXT(2) 
PARAMETRIC_REPRESENTATION_CONTEXT() REPRESENTATION_CONTEXT('2D SPACE',''
  ) );
#1497 = ADVANCED_FACE('',(#1498),#126,.F.);
#1498 = FACE_BOUND('',#1499,.F.);
#1499 = EDGE_LOOP('',(#1500,#1501,#1502,#1503));
#1500 = ORIENTED_EDGE('',*,*,#529,.T.);
#1501 = ORIENTED_EDGE('',*,*,#112,.T.);
#1502 = ORIENTED_EDGE('',*,*,#1479,.F.);
#1503 = ORIENTED_EDGE('',*,*,#1504,.F.);
#1504 = EDGE_CURVE('',#502,#1459,#1505,.T.);
#1505 = SURFACE_CURVE('',#1506,(#1510,#1517),.PCURVE_S1.);
#1506 = B_SPLINE_CURVE_WITH_KNOTS('',2,(#1507,#1508,#1509),
  .UNSPECIFIED.,.F.,.F.,(3,3),(0.,1.),.PIECEWISE_BEZIER_KNOTS.);
#1507 = CARTESIAN_POINT('',(18.478,-11.481,0.));
#1508 = CARTESIAN_POINT('',(19.8635,-12.054,-5.));
#1509 = CARTESIAN_POINT('',(4.619,-2.679,-10.));
#1510 = PCURVE('',#126,#1511);
#1511 = DEFINITIONAL_REPRESENTATION('',(#1512),#1516);
#1512 = LINE('',#1513,#1514);
#1513 = CARTESIAN_POINT('',(15.,0.));
#1514 = VECTOR('',#1515,1.);
#1515 = DIRECTION('',(0.,1.));
#1516 = ( GEOMETRIC_REPRESENTATION_CONTEXT(2) 
PARAMETRIC_REPRESENTATION_CONTEXT() REPRESENTATION_CONTEXT('2D SPACE',''
  ) );
#1517 = PCURVE('',#515,#1518);
#1518 = DEFINITIONAL_REPRESENTATION('',(#1519),#1523);
#1519 = LINE('',#1520,#1521);
#1520 = CARTESIAN_POINT('',(15.,0.));
#1521 = VECTOR('',#1522,1.);
#1522 = DIRECTION('',(0.,1.));
#1523 = ( GEOMETRIC_REPRESENTATION_CONTEXT(2) 
PARAMETRIC_REPRESENTATION_CONTEXT() REPRESENTATION_CONTEXT('2D SPACE',''
  ) );
#1524 = ADVANCED_FACE('',(#1525),#515,.F.);
#1525 = FACE_BOUND('',#1526,.F.);
#1526 = EDGE_LOOP('',(#1527,#1550,#1551,#1552,#1553,#1576,#1613,#1701,
    #1762));
#1527 = ORIENTED_EDGE('',*,*,#1528,.F.);
#1528 = EDGE_CURVE('',#474,#1529,#1531,.T.);
#1529 = VERTEX_POINT('',#1530);
#1530 = CARTESIAN_POINT('',(6.787235710057,-9.78967132913,
    -8.480752391146));
#1531 = SURFACE_CURVE('',#1532,(#1536,#1543),.PCURVE_S1.);
#1532 = B_SPLINE_CURVE_WITH_KNOTS('',2,(#1533,#1534,#1535),
  .UNSPECIFIED.,.F.,.F.,(3,3),(0.,1.),.PIECEWISE_BEZIER_KNOTS.);
#1533 = CARTESIAN_POINT('',(14.142,-21.213,0.));
#1534 = CARTESIAN_POINT('',(15.203,-22.2745,-5.));
#1535 = CARTESIAN_POINT('',(3.536,-4.95,-10.));
#1536 = PCURVE('',#515,#1537);
#1537 = DEFINITIONAL_REPRESENTATION('',(#1538),#1542);
#1538 = LINE('',#1539,#1540);
#1539 = CARTESIAN_POINT('',(14.,0.));
#1540 = VECTOR('',#1541,1.);
#1541 = DIRECTION('',(0.,1.));
#1542 = ( GEOMETRIC_REPRESENTATION_CONTEXT(2) 
PARAMETRIC_REPRESENTATION_CONTEXT() REPRESENTATION_CONTEXT('2D SPACE',''
  ) );
#1543 = PCURVE('',#487,#1544);
#1544 = DEFINITIONAL_REPRESENTATION('',(#1545),#1549);
#1545 = LINE('',#1546,#1547);
#1546 = CARTESIAN_POINT('',(14.,0.));
#1547 = VECTOR('',#1548,1.);
#1548 = DIRECTION('',(0.,1.));
#1549 = ( GEOMETRIC_REPRESENTATION_CONTEXT(2) 
PARAMETRIC_REPRESENTATION_CONTEXT() REPRESENTATION_CONTEXT('2D SPACE',''
  ) );
#1550 = ORIENTED_EDGE('',*,*,#501,.T.);
#1551 = ORIENTED_EDGE('',*,*,#1504,.T.);
#1552 = ORIENTED_EDGE('',*,*,#1458,.F.);
#1553 = ORIENTED_EDGE('',*,*,#1554,.F.);
#1554 = EDGE_CURVE('',#1555,#1431,#1557,.T.);
#1555 = VERTEX_POINT('',#1556);
#1556 = CARTESIAN_POINT('',(4.884830830731,-6.954733923925,
    -9.402470620121));
#1557 = SURFACE_CURVE('',#1558,(#1562,#1569),.PCURVE_S1.);
#1558 = B_SPLINE_CURVE_WITH_KNOTS('',2,(#1559,#1560,#1561),
  .UNSPECIFIED.,.F.,.F.,(3,3),(0.,1.),.PIECEWISE_BEZIER_KNOTS.);
#1559 = CARTESIAN_POINT('',(14.142,-21.213,0.));
#1560 = CARTESIAN_POINT('',(15.203,-22.2745,-5.));
#1561 = CARTESIAN_POINT('',(3.536,-4.95,-10.));
#1562 = PCURVE('',#515,#1563);
#1563 = DEFINITIONAL_REPRESENTATION('',(#1564),#1568);
#1564 = LINE('',#1565,#1566);
#1565 = CARTESIAN_POINT('',(14.,0.));
#1566 = VECTOR('',#1567,1.);
#1567 = DIRECTION('',(0.,1.));
#1568 = ( GEOMETRIC_REPRESENTATION_CONTEXT(2) 
PARAMETRIC_REPRESENTATION_CONTEXT() REPRESENTATION_CONTEXT('2D SPACE',''
  ) );
#1569 = PCURVE('',#1444,#1570);
#1570 = DEFINITIONAL_REPRESENTATION('',(#1571),#1575);
#1571 = LINE('',#1572,#1573);
#1572 = CARTESIAN_POINT('',(14.,0.));
#1573 = VECTOR('',#1574,1.);
#1574 = DIRECTION('',(0.,1.));
#1575 = ( GEOMETRIC_REPRESENTATION_CONTEXT(2) 
PARAMETRIC_REPRESENTATION_CONTEXT() REPRESENTATION_CONTEXT('2D SPACE',''
  ) );
#1576 = ORIENTED_EDGE('',*,*,#1577,.F.);
#1577 = EDGE_CURVE('',#1578,#1555,#1580,.T.);
#1578 = VERTEX_POINT('',#1579);
#1579 = CARTESIAN_POINT('',(6.5,-6.575120175563,-9.003876184341));
#1580 = SURFACE_CURVE('',#1581,(#1588,#1598),.PCURVE_S1.);
#1581 = B_SPLINE_CURVE_WITH_KNOTS('',5,(#1582,#1583,#1584,#1585,#1586,
    #1587),.UNSPECIFIED.,.F.,.F.,(6,6),(0.,1.),
  .PIECEWISE_BEZIER_KNOTS.);
#1582 = CARTESIAN_POINT('',(6.5,-6.575120175563,-9.003876184341));
#1583 = CARTESIAN_POINT('',(6.174926630784,-6.653369139839,
    -9.086037596831));
#1584 = CARTESIAN_POINT('',(5.850531281937,-6.730499128395,
    -9.167024084814));
#1585 = CARTESIAN_POINT('',(5.527076711784,-6.806485326917,
    -9.246809593262));
#1586 = CARTESIAN_POINT('',(5.204979611646,-6.88126400415,
    -9.325327204357));
#1587 = CARTESIAN_POINT('',(4.884830830731,-6.954733923925,
    -9.402470620121));
#1588 = PCURVE('',#515,#1589);
#1589 = DEFINITIONAL_REPRESENTATION('',(#1590),#1597);
#1590 = B_SPLINE_CURVE_WITH_KNOTS('',5,(#1591,#1592,#1593,#1594,#1595,
    #1596),.UNSPECIFIED.,.F.,.F.,(6,6),(0.,1.),
  .PIECEWISE_BEZIER_KNOTS.);
#1591 = CARTESIAN_POINT('',(14.435934055005,0.900387618034));
#1592 = CARTESIAN_POINT('',(14.361176786925,0.908603759283));
#1593 = CARTESIAN_POINT('',(14.281040936583,0.916702409466));
#1594 = CARTESIAN_POINT('',(14.194778995449,0.924680958782));
#1595 = CARTESIAN_POINT('',(14.101480917875,0.932532720436));
#1596 = CARTESIAN_POINT('',(14.,0.940247062012));
#1597 = ( GEOMETRIC_REPRESENTATION_CONTEXT(2) 
PARAMETRIC_REPRESENTATION_CONTEXT() REPRESENTATION_CONTEXT('2D SPACE',''
  ) );
#1598 = PCURVE('',#1599,#1604);
#1599 = PLANE('',#1600);
#1600 = AXIS2_PLACEMENT_3D('',#1601,#1602,#1603);
#1601 = CARTESIAN_POINT('',(6.5,-12.28571428571,-15.));
#1602 = DIRECTION('',(0.,0.724137931034,-0.689655172414));
#1603 = DIRECTION('',(-1.,0.,0.));
#1604 = DEFINITIONAL_REPRESENTATION('',(#1605),#1612);
#1605 = B_SPLINE_CURVE_WITH_KNOTS('',5,(#1606,#1607,#1608,#1609,#1610,
    #1611),.UNSPECIFIED.,.F.,.F.,(6,6),(0.,1.),
  .PIECEWISE_BEZIER_KNOTS.);
#1606 = CARTESIAN_POINT('',(0.,8.28036145972));
#1607 = CARTESIAN_POINT('',(0.325073369216,8.166900461519));
#1608 = CARTESIAN_POINT('',(0.649468718063,8.055061978113));
#1609 = CARTESIAN_POINT('',(0.972923288216,7.944881990257));
#1610 = CARTESIAN_POINT('',(1.295020388354,7.836452908269));
#1611 = CARTESIAN_POINT('',(1.615169169269,7.729921524594));
#1612 = ( GEOMETRIC_REPRESENTATION_CONTEXT(2) 
PARAMETRIC_REPRESENTATION_CONTEXT() REPRESENTATION_CONTEXT('2D SPACE',''
  ) );
#1613 = ORIENTED_EDGE('',*,*,#1614,.F.);
#1614 = EDGE_CURVE('',#1615,#1578,#1617,.T.);
#1615 = VERTEX_POINT('',#1616);
#1616 = CARTESIAN_POINT('',(7.5,-7.214776913381,-8.625515759051));
#1617 = SURFACE_CURVE('',#1618,(#1642,#1669),.PCURVE_S1.);
#1618 = B_SPLINE_CURVE_WITH_KNOTS('',8,(#1619,#1620,#1621,#1622,#1623,
    #1624,#1625,#1626,#1627,#1628,#1629,#1630,#1631,#1632,#1633,#1634,
    #1635,#1636,#1637,#1638,#1639,#1640,#1641),.UNSPECIFIED.,.F.,.F.,(9,
    7,7,9),(0.,3.665567995891E-02,0.540910724359,1.),.UNSPECIFIED.);
#1619 = CARTESIAN_POINT('',(11.307114853706,-9.478599432008,
    -7.005058807218));
#1620 = CARTESIAN_POINT('',(11.293125293073,-9.470917127621,
    -7.011681426276));
#1621 = CARTESIAN_POINT('',(11.262316827744,-9.453992261457,
    -7.026259205399));
#1622 = CARTESIAN_POINT('',(11.225501405397,-9.433733873376,
    -7.043644091377));
#1623 = CARTESIAN_POINT('',(11.189510095373,-9.413849650145,
    -7.06055653251));
#1624 = CARTESIAN_POINT('',(11.157431354259,-9.396101414796,
    -7.075603563564));
#1625 = CARTESIAN_POINT('',(11.128861684349,-9.380266736737,
    -7.088975305007));
#1626 = CARTESIAN_POINT('',(11.100142564846,-9.364335718477,
    -7.102402811313));
#1627 = CARTESIAN_POINT('',(10.57570965769,-9.072679687377,
    -7.346818531172));
#1628 = CARTESIAN_POINT('',(10.087176984301,-8.793296596284,
    -7.566425592582));
#1629 = CARTESIAN_POINT('',(9.599111419258,-8.507449581774,
    -7.778755070641));
#1630 = CARTESIAN_POINT('',(9.111606909802,-8.215929445162,
    -7.984538662127));
#1631 = CARTESIAN_POINT('',(8.624738289789,-7.919376200549,
    -8.184369806298));
#1632 = CARTESIAN_POINT('',(8.13855781292,-7.618317820484,
    -8.378748007943));
#1633 = CARTESIAN_POINT('',(7.653095424174,-7.313187429127,
    -8.568096605201));
#1634 = CARTESIAN_POINT('',(6.727047378537,-6.723164853672,
    -8.920923348891));
#1635 = CARTESIAN_POINT('',(6.286555985196,-6.439047453985,
    -9.085116042228));
#1636 = CARTESIAN_POINT('',(5.846731654133,-6.152163991864,
    -9.245703954618));
#1637 = CARTESIAN_POINT('',(5.40755167552,-5.862719270066,
    -9.402925974274));
#1638 = CARTESIAN_POINT('',(4.969116300721,-5.570965512542,
    -9.556941672412));
#1639 = CARTESIAN_POINT('',(4.53169824737,-5.277242352918,
    -9.707821310826));
#1640 = CARTESIAN_POINT('',(4.095723476598,-4.981974178532,
    -9.855563237031));
#1641 = CARTESIAN_POINT('',(3.661991736945,-4.685801260755,-10.));
#1642 = PCURVE('',#515,#1643);
#1643 = DEFINITIONAL_REPRESENTATION('',(#1644),#1668);
#1644 = B_SPLINE_CURVE_WITH_KNOTS('',8,(#1645,#1646,#1647,#1648,#1649,
    #1650,#1651,#1652,#1653,#1654,#1655,#1656,#1657,#1658,#1659,#1660,
    #1661,#1662,#1663,#1664,#1665,#1666,#1667),.UNSPECIFIED.,.F.,.F.,(9,
    7,7,9),(0.,3.665567995891E-02,0.540910724359,1.),.UNSPECIFIED.);
#1645 = CARTESIAN_POINT('',(14.66914344504,0.700505667331));
#1646 = CARTESIAN_POINT('',(14.668639112395,0.701167929237));
#1647 = CARTESIAN_POINT('',(14.667528653241,0.70262754691));
#1648 = CARTESIAN_POINT('',(14.666196549434,0.704361276723));
#1649 = CARTESIAN_POINT('',(14.664892310375,0.706058836935));
#1650 = CARTESIAN_POINT('',(14.66372347597,0.70755856487));
#1651 = CARTESIAN_POINT('',(14.662682717783,0.708897991454));
#1652 = CARTESIAN_POINT('',(14.661634339901,0.710240281131));
#1653 = CARTESIAN_POINT('',(14.642426501151,0.734681853117));
#1654 = CARTESIAN_POINT('',(14.623840704357,0.756642559258));
#1655 = CARTESIAN_POINT('',(14.604333901416,0.777875507064));
#1656 = CARTESIAN_POINT('',(14.583639217009,0.798453866213));
#1657 = CARTESIAN_POINT('',(14.561423546569,0.81843698063));
#1658 = CARTESIAN_POINT('',(14.53726931772,0.837874800794));
#1659 = CARTESIAN_POINT('',(14.510609275091,0.85680966052));
#1660 = CARTESIAN_POINT('',(14.453173175451,0.892092334889));
#1661 = CARTESIAN_POINT('',(14.422991607988,0.908511604223));
#1662 = CARTESIAN_POINT('',(14.38932540422,0.924570395462));
#1663 = CARTESIAN_POINT('',(14.351224707973,0.940292597427));
#1664 = CARTESIAN_POINT('',(14.307508596383,0.955694167241));
#1665 = CARTESIAN_POINT('',(14.256163965851,0.970782131083));
#1666 = CARTESIAN_POINT('',(14.194526373126,0.985556323703));
#1667 = CARTESIAN_POINT('',(14.116335860522,1.));
#1668 = ( GEOMETRIC_REPRESENTATION_CONTEXT(2) 
PARAMETRIC_REPRESENTATION_CONTEXT() REPRESENTATION_CONTEXT('2D SPACE',''
  ) );
#1669 = PCURVE('',#1670,#1675);
#1670 = PLANE('',#1671);
#1671 = AXIS2_PLACEMENT_3D('',#1672,#1673,#1674);
#1672 = CARTESIAN_POINT('',(7.,9.797295389132,8.712160158588));
#1673 = DIRECTION('',(0.586509812152,0.586509812152,-0.558580773478));
#1674 = DIRECTION('',(-0.707106781187,0.707106781187,-8.816188767719E-17
    ));
#1675 = DEFINITIONAL_REPRESENTATION('',(#1676),#1700);
#1676 = B_SPLINE_CURVE_WITH_KNOTS('',8,(#1677,#1678,#1679,#1680,#1681,
    #1682,#1683,#1684,#1685,#1686,#1687,#1688,#1689,#1690,#1691,#1692,
    #1693,#1694,#1695,#1696,#1697,#1698,#1699),.UNSPECIFIED.,.F.,.F.,(9,
    7,7,9),(0.,3.665567995891E-02,0.540910724359,1.),.UNSPECIFIED.);
#1677 = CARTESIAN_POINT('',(-16.67570606187,-18.94896194718));
#1678 = CARTESIAN_POINT('',(-16.66038173915,-18.95694629586));
#1679 = CARTESIAN_POINT('',(-16.62662917676,-18.97452152863));
#1680 = CARTESIAN_POINT('',(-16.58627189838,-18.99548105993));
#1681 = CARTESIAN_POINT('',(-16.54676192991,-19.01587100323));
#1682 = CARTESIAN_POINT('',(-16.51152893697,-19.03401197457));
#1683 = CARTESIAN_POINT('',(-16.48013032141,-19.05013318662));
#1684 = CARTESIAN_POINT('',(-16.44855790621,-19.06632162979));
#1685 = CARTESIAN_POINT('',(-15.87149588392,-19.36099361884));
#1686 = CARTESIAN_POINT('',(-15.32849743948,-19.62575584293));
#1687 = CARTESIAN_POINT('',(-14.78125860643,-19.88174408161));
#1688 = CARTESIAN_POINT('',(-14.23040499648,-20.12984048168));
#1689 = CARTESIAN_POINT('',(-13.67644208348,-20.37076050417));
#1690 = CARTESIAN_POINT('',(-13.11978014933,-20.60510636105));
#1691 = CARTESIAN_POINT('',(-12.56074663336,-20.8333884364));
#1692 = CARTESIAN_POINT('',(-11.48872281643,-21.25876270615));
#1693 = CARTESIAN_POINT('',(-10.97634702517,-21.45671637116));
#1694 = CARTESIAN_POINT('',(-10.46248701667,-21.65032404741));
#1695 = CARTESIAN_POINT('',(-9.947271550071,-21.83987374282));
#1696 = CARTESIAN_POINT('',(-9.430949863057,-22.02555783933));
#1697 = CARTESIAN_POINT('',(-8.913954953356,-22.20746104582));
#1698 = CARTESIAN_POINT('',(-8.396888108141,-22.38558137001));
#1699 = CARTESIAN_POINT('',(-7.880767575252,-22.55971692995));
#1700 = ( GEOMETRIC_REPRESENTATION_CONTEXT(2) 
PARAMETRIC_REPRESENTATION_CONTEXT() REPRESENTATION_CONTEXT('2D SPACE',''
  ) );
#1701 = ORIENTED_EDGE('',*,*,#1702,.T.);
#1702 = EDGE_CURVE('',#1615,#1703,#1705,.T.);
#1703 = VERTEX_POINT('',#1704);
#1704 = CARTESIAN_POINT('',(7.5,-8.978573949262,-8.377502646725));
#1705 = SURFACE_CURVE('',#1706,(#1721,#1739),.PCURVE_S1.);
#1706 = B_SPLINE_CURVE_WITH_KNOTS('',4,(#1707,#1708,#1709,#1710,#1711,
    #1712,#1713,#1714,#1715,#1716,#1717,#1718,#1719,#1720),
  .UNSPECIFIED.,.F.,.F.,(5,3,3,3,5),(0.,0.20397094496,0.433192217663,
    0.696214009074,1.),.UNSPECIFIED.);
#1707 = CARTESIAN_POINT('',(7.5,-4.453532752256,-9.000589015316));
#1708 = CARTESIAN_POINT('',(7.5,-4.77755487426,-8.95742492979));
#1709 = CARTESIAN_POINT('',(7.5,-5.102101624377,-8.91394294957));
#1710 = CARTESIAN_POINT('',(7.5,-5.427086234716,-8.870140370459));
#1711 = CARTESIAN_POINT('',(7.5,-6.11808570716,-8.77641957444));
#1712 = CARTESIAN_POINT('',(7.5,-6.484198953408,-8.726415598008));
#1713 = CARTESIAN_POINT('',(7.5,-6.850699275781,-8.675991330261));
#1714 = CARTESIAN_POINT('',(7.5,-7.638443515327,-8.566778816416));
#1715 = CARTESIAN_POINT('',(7.5,-8.059790013179,-8.507853701046));
#1716 = CARTESIAN_POINT('',(7.5,-8.481472639254,-8.448341142367));
#1717 = CARTESIAN_POINT('',(7.5,-9.390779794629,-8.318774502718));
#1718 = CARTESIAN_POINT('',(7.5,-9.878494605748,-8.248516178323));
#1719 = CARTESIAN_POINT('',(7.5,-10.36647440025,-8.177404888405));
#1720 = CARTESIAN_POINT('',(7.5,-10.85465195494,-8.105392930789));
#1721 = PCURVE('',#515,#1722);
#1722 = DEFINITIONAL_REPRESENTATION('',(#1723),#1738);
#1723 = B_SPLINE_CURVE_WITH_KNOTS('',4,(#1724,#1725,#1726,#1727,#1728,
    #1729,#1730,#1731,#1732,#1733,#1734,#1735,#1736,#1737),
  .UNSPECIFIED.,.F.,.F.,(5,3,3,3,5),(0.,0.20397094496,0.433192217663,
    0.696214009074,1.),.UNSPECIFIED.);
#1724 = CARTESIAN_POINT('',(15.,0.900058901532));
#1725 = CARTESIAN_POINT('',(14.933343891288,0.895742492979));
#1726 = CARTESIAN_POINT('',(14.869446867471,0.891394294957));
#1727 = CARTESIAN_POINT('',(14.808064595597,0.887014037046));
#1728 = CARTESIAN_POINT('',(14.682624310596,0.877641957444));
#1729 = CARTESIAN_POINT('',(14.619175263915,0.872641559801));
#1730 = CARTESIAN_POINT('',(14.558374100649,0.867599133026));
#1731 = CARTESIAN_POINT('',(14.433019982452,0.856677881642));
#1732 = CARTESIAN_POINT('',(14.369235135866,0.850785370105));
#1733 = CARTESIAN_POINT('',(14.308314092906,0.844834114237));
#1734 = CARTESIAN_POINT('',(14.18265159229,0.831877450272));
#1735 = CARTESIAN_POINT('',(14.118780297571,0.824851617832));
#1736 = CARTESIAN_POINT('',(14.057994503272,0.817740488841));
#1737 = CARTESIAN_POINT('',(14.,0.810539293079));
#1738 = ( GEOMETRIC_REPRESENTATION_CONTEXT(2) 
PARAMETRIC_REPRESENTATION_CONTEXT() REPRESENTATION_CONTEXT('2D SPACE',''
  ) );
#1739 = PCURVE('',#1740,#1745);
#1740 = PLANE('',#1741);
#1741 = AXIS2_PLACEMENT_3D('',#1742,#1743,#1744);
#1742 = CARTESIAN_POINT('',(7.5,8.297295389132,8.712160158588));
#1743 = DIRECTION('',(1.,0.,0.));
#1744 = DIRECTION('',(-0.,1.,7.260673763898E-19));
#1745 = DEFINITIONAL_REPRESENTATION('',(#1746),#1761);
#1746 = B_SPLINE_CURVE_WITH_KNOTS('',4,(#1747,#1748,#1749,#1750,#1751,
    #1752,#1753,#1754,#1755,#1756,#1757,#1758,#1759,#1760),
  .UNSPECIFIED.,.F.,.F.,(5,3,3,3,5),(0.,0.20397094496,0.433192217663,
    0.696214009074,1.),.UNSPECIFIED.);
#1747 = CARTESIAN_POINT('',(-12.75082814138,-17.7127491739));
#1748 = CARTESIAN_POINT('',(-13.07485026339,-17.66958508837));
#1749 = CARTESIAN_POINT('',(-13.3993970135,-17.62610310815));
#1750 = CARTESIAN_POINT('',(-13.72438162384,-17.58230052904));
#1751 = CARTESIAN_POINT('',(-14.41538109629,-17.48857973302));
#1752 = CARTESIAN_POINT('',(-14.78149434254,-17.43857575659));
#1753 = CARTESIAN_POINT('',(-15.14799466491,-17.38815148884));
#1754 = CARTESIAN_POINT('',(-15.93573890445,-17.278938975));
#1755 = CARTESIAN_POINT('',(-16.35708540231,-17.22001385963));
#1756 = CARTESIAN_POINT('',(-16.77876802838,-17.16050130095));
#1757 = CARTESIAN_POINT('',(-17.68807518376,-17.0309346613));
#1758 = CARTESIAN_POINT('',(-18.17578999487,-16.96067633691));
#1759 = CARTESIAN_POINT('',(-18.66376978939,-16.88956504699));
#1760 = CARTESIAN_POINT('',(-19.15194734407,-16.81755308937));
#1761 = ( GEOMETRIC_REPRESENTATION_CONTEXT(2) 
PARAMETRIC_REPRESENTATION_CONTEXT() REPRESENTATION_CONTEXT('2D SPACE',''
  ) );
#1762 = ORIENTED_EDGE('',*,*,#1763,.T.);
#1763 = EDGE_CURVE('',#1703,#1529,#1764,.T.);
#1764 = SURFACE_CURVE('',#1765,(#1780,#1798),.PCURVE_S1.);
#1765 = B_SPLINE_CURVE_WITH_KNOTS('',4,(#1766,#1767,#1768,#1769,#1770,
    #1771,#1772,#1773,#1774,#1775,#1776,#1777,#1778,#1779),
  .UNSPECIFIED.,.F.,.F.,(5,3,3,3,5),(0.,0.275340124148,0.531298093718,
    0.772716209013,1.),.UNSPECIFIED.);
#1766 = CARTESIAN_POINT('',(10.069608946416,-6.042239600917,
    -7.992440974699));
#1767 = CARTESIAN_POINT('',(9.843265104422,-6.301766756434,
    -8.027283453899));
#1768 = CARTESIAN_POINT('',(9.616953014207,-6.561042924056,
    -8.061895735176));
#1769 = CARTESIAN_POINT('',(9.390687747352,-6.820055459229,
    -8.09628036691));
#1770 = CARTESIAN_POINT('',(8.954208671017,-7.319308831573,
    -8.162193377719));
#1771 = CARTESIAN_POINT('',(8.743986164036,-7.559587581106,
    -8.193752432399));
#1772 = CARTESIAN_POINT('',(8.533833092468,-7.799612395545,
    -8.225117762413));
#1773 = CARTESIAN_POINT('',(8.125631005472,-8.265504167446,
    -8.285691931563));
#1774 = CARTESIAN_POINT('',(7.927572568552,-8.491400819687,
    -8.314922057651));
#1775 = CARTESIAN_POINT('',(7.729603721115,-8.71704517193,
    -8.343981337697));
#1776 = CARTESIAN_POINT('',(7.345460659617,-9.154603468509,
    -8.400067334532));
#1777 = CARTESIAN_POINT('',(7.159274510009,-9.366547815816,
    -8.427113442116));
#1778 = CARTESIAN_POINT('',(6.973194551705,-9.578242144855,
    -8.454008531388));
#1779 = CARTESIAN_POINT('',(6.787235710057,-9.78967132913,
    -8.480752391146));
#1780 = PCURVE('',#515,#1781);
#1781 = DEFINITIONAL_REPRESENTATION('',(#1782),#1797);
#1782 = B_SPLINE_CURVE_WITH_KNOTS('',4,(#1783,#1784,#1785,#1786,#1787,
    #1788,#1789,#1790,#1791,#1792,#1793,#1794,#1795,#1796),
  .UNSPECIFIED.,.F.,.F.,(5,3,3,3,5),(0.,0.275340124148,0.531298093718,
    0.772716209013,1.),.UNSPECIFIED.);
#1783 = CARTESIAN_POINT('',(15.,0.79924409747));
#1784 = CARTESIAN_POINT('',(14.939302059999,0.80272834539));
#1785 = CARTESIAN_POINT('',(14.877279195717,0.806189573518));
#1786 = CARTESIAN_POINT('',(14.813868506467,0.809628036691));
#1787 = CARTESIAN_POINT('',(14.688697563507,0.816219337772));
#1788 = CARTESIAN_POINT('',(14.627135327319,0.81937524324));
#1789 = CARTESIAN_POINT('',(14.564256821394,0.822511776241));
#1790 = CARTESIAN_POINT('',(14.439392871826,0.828569193156));
#1791 = CARTESIAN_POINT('',(14.377559586085,0.831492205765));
#1792 = CARTESIAN_POINT('',(14.314447643391,0.83439813377));
#1793 = CARTESIAN_POINT('',(14.189324955167,0.840006733453));
#1794 = CARTESIAN_POINT('',(14.127466062231,0.842711344212));
#1795 = CARTESIAN_POINT('',(14.064375127327,0.845400853139));
#1796 = CARTESIAN_POINT('',(14.,0.848075239115));
#1797 = ( GEOMETRIC_REPRESENTATION_CONTEXT(2) 
PARAMETRIC_REPRESENTATION_CONTEXT() REPRESENTATION_CONTEXT('2D SPACE',''
  ) );
#1798 = PCURVE('',#1799,#1804);
#1799 = PLANE('',#1800);
#1800 = AXIS2_PLACEMENT_3D('',#1801,#1802,#1803);
#1801 = CARTESIAN_POINT('',(7.,6.797295389132,8.712160158588));
#1802 = DIRECTION('',(0.586509812152,-0.586509812152,0.558580773478));
#1803 = DIRECTION('',(0.707106781187,0.707106781187,-8.816188767719E-17)
  );
#1804 = DEFINITIONAL_REPRESENTATION('',(#1805),#1820);
#1805 = B_SPLINE_CURVE_WITH_KNOTS('',4,(#1806,#1807,#1808,#1809,#1810,
    #1811,#1812,#1813,#1814,#1815,#1816,#1817,#1818,#1819),
  .UNSPECIFIED.,.F.,.F.,(5,3,3,3,5),(0.,0.275340124148,0.531298093718,
    0.772716209013,1.),.UNSPECIFIED.);
#1806 = CARTESIAN_POINT('',(-6.908380957144,-20.13936765188));
#1807 = CARTESIAN_POINT('',(-7.251943634265,-20.18137437164));
#1808 = CARTESIAN_POINT('',(-7.595306384246,-20.22310356064));
#1809 = CARTESIAN_POINT('',(-7.93844960882,-20.26455829126));
#1810 = CARTESIAN_POINT('',(-8.600112368658,-20.34402420291));
#1811 = CARTESIAN_POINT('',(-8.918664862071,-20.38207236699));
#1812 = CARTESIAN_POINT('',(-9.236988698007,-20.41988697314));
#1813 = CARTESIAN_POINT('',(-9.855066393027,-20.49291628123));
#1814 = CARTESIAN_POINT('',(-10.15484791149,-20.52815664711));
#1815 = CARTESIAN_POINT('',(-10.45438767758,-20.56319103793));
#1816 = CARTESIAN_POINT('',(-11.03541827999,-20.63080932473));
#1817 = CARTESIAN_POINT('',(-11.31693905415,-20.66341659861));
#1818 = CARTESIAN_POINT('',(-11.59820795011,-20.6958418021));
#1819 = CARTESIAN_POINT('',(-11.87920371801,-20.72808468056));
#1820 = ( GEOMETRIC_REPRESENTATION_CONTEXT(2) 
PARAMETRIC_REPRESENTATION_CONTEXT() REPRESENTATION_CONTEXT('2D SPACE',''
  ) );
#1821 = ADVANCED_FACE('',(#1822),#179,.F.);
#1822 = FACE_BOUND('',#1823,.F.);
#1823 = EDGE_LOOP('',(#1824,#1825,#1846,#1847));
#1824 = ORIENTED_EDGE('',*,*,#165,.T.);
#1825 = ORIENTED_EDGE('',*,*,#1826,.T.);
#1826 = EDGE_CURVE('',#166,#1179,#1827,.T.);
#1827 = SURFACE_CURVE('',#1828,(#1832,#1839),.PCURVE_S1.);
#1828 = B_SPLINE_CURVE_WITH_KNOTS('',2,(#1829,#1830,#1831),
  .UNSPECIFIED.,.F.,.F.,(3,3),(0.,1.),.PIECEWISE_BEZIER_KNOTS.);
#1829 = CARTESIAN_POINT('',(7.654,27.716,0.));
#1830 = CARTESIAN_POINT('',(8.2285,29.1025,-5.));
#1831 = CARTESIAN_POINT('',(1.913,6.467,-10.));
#1832 = PCURVE('',#179,#1833);
#1833 = DEFINITIONAL_REPRESENTATION('',(#1834),#1838);
#1834 = LINE('',#1835,#1836);
#1835 = CARTESIAN_POINT('',(3.,0.));
#1836 = VECTOR('',#1837,1.);
#1837 = DIRECTION('',(0.,1.));
#1838 = ( GEOMETRIC_REPRESENTATION_CONTEXT(2) 
PARAMETRIC_REPRESENTATION_CONTEXT() REPRESENTATION_CONTEXT('2D SPACE',''
  ) );
#1839 = PCURVE('',#207,#1840);
#1840 = DEFINITIONAL_REPRESENTATION('',(#1841),#1845);
#1841 = LINE('',#1842,#1843);
#1842 = CARTESIAN_POINT('',(3.,0.));
#1843 = VECTOR('',#1844,1.);
#1844 = DIRECTION('',(0.,1.));
#1845 = ( GEOMETRIC_REPRESENTATION_CONTEXT(2) 
PARAMETRIC_REPRESENTATION_CONTEXT() REPRESENTATION_CONTEXT('2D SPACE',''
  ) );
#1846 = ORIENTED_EDGE('',*,*,#1178,.F.);
#1847 = ORIENTED_EDGE('',*,*,#1130,.F.);
#1848 = ADVANCED_FACE('',(#1849),#487,.F.);
#1849 = FACE_BOUND('',#1850,.F.);
#1850 = EDGE_LOOP('',(#1851,#1874,#1875,#1876,#1905));
#1851 = ORIENTED_EDGE('',*,*,#1852,.F.);
#1852 = EDGE_CURVE('',#446,#1853,#1855,.T.);
#1853 = VERTEX_POINT('',#1854);
#1854 = CARTESIAN_POINT('',(3.066109924139,-10.60612714324,
    -9.036433500403));
#1855 = SURFACE_CURVE('',#1856,(#1860,#1867),.PCURVE_S1.);
#1856 = B_SPLINE_CURVE_WITH_KNOTS('',2,(#1857,#1858,#1859),
  .UNSPECIFIED.,.F.,.F.,(3,3),(0.,1.),.PIECEWISE_BEZIER_KNOTS.);
#1857 = CARTESIAN_POINT('',(7.654,-27.716,0.));
#1858 = CARTESIAN_POINT('',(8.2285,-29.1025,-5.));
#1859 = CARTESIAN_POINT('',(1.913,-6.467,-10.));
#1860 = PCURVE('',#487,#1861);
#1861 = DEFINITIONAL_REPRESENTATION('',(#1862),#1866);
#1862 = LINE('',#1863,#1864);
#1863 = CARTESIAN_POINT('',(13.,0.));
#1864 = VECTOR('',#1865,1.);
#1865 = DIRECTION('',(0.,1.));
#1866 = ( GEOMETRIC_REPRESENTATION_CONTEXT(2) 
PARAMETRIC_REPRESENTATION_CONTEXT() REPRESENTATION_CONTEXT('2D SPACE',''
  ) );
#1867 = PCURVE('',#459,#1868);
#1868 = DEFINITIONAL_REPRESENTATION('',(#1869),#1873);
#1869 = LINE('',#1870,#1871);
#1870 = CARTESIAN_POINT('',(13.,0.));
#1871 = VECTOR('',#1872,1.);
#1872 = DIRECTION('',(0.,1.));
#1873 = ( GEOMETRIC_REPRESENTATION_CONTEXT(2) 
PARAMETRIC_REPRESENTATION_CONTEXT() REPRESENTATION_CONTEXT('2D SPACE',''
  ) );
#1874 = ORIENTED_EDGE('',*,*,#473,.T.);
#1875 = ORIENTED_EDGE('',*,*,#1528,.T.);
#1876 = ORIENTED_EDGE('',*,*,#1877,.T.);
#1877 = EDGE_CURVE('',#1529,#1878,#1880,.T.);
#1878 = VERTEX_POINT('',#1879);
#1879 = CARTESIAN_POINT('',(6.5,-10.07516690616,-8.478925251469));
#1880 = SURFACE_CURVE('',#1881,(#1887,#1896),.PCURVE_S1.);
#1881 = B_SPLINE_CURVE_WITH_KNOTS('',4,(#1882,#1883,#1884,#1885,#1886),
  .UNSPECIFIED.,.F.,.F.,(5,5),(0.,1.),.PIECEWISE_BEZIER_KNOTS.);
#1882 = CARTESIAN_POINT('',(6.787235710057,-9.78967132913,
    -8.480752391146));
#1883 = CARTESIAN_POINT('',(6.014027775924,-10.5581931336,
    -8.475831955001));
#1884 = CARTESIAN_POINT('',(5.240677595978,-11.32686980811,
    -8.470924774297));
#1885 = CARTESIAN_POINT('',(4.467188279864,-12.09569806157,
    -8.466030658507));
#1886 = CARTESIAN_POINT('',(3.693562750773,-12.86467479798,
    -8.461149426197));
#1887 = PCURVE('',#487,#1888);
#1888 = DEFINITIONAL_REPRESENTATION('',(#1889),#1895);
#1889 = B_SPLINE_CURVE_WITH_KNOTS('',4,(#1890,#1891,#1892,#1893,#1894),
  .UNSPECIFIED.,.F.,.F.,(5,5),(0.,1.),.PIECEWISE_BEZIER_KNOTS.);
#1890 = CARTESIAN_POINT('',(14.,0.848075239115));
#1891 = CARTESIAN_POINT('',(13.748647984309,0.8475831955));
#1892 = CARTESIAN_POINT('',(13.498206806816,0.84709247743));
#1893 = CARTESIAN_POINT('',(13.248662053475,0.846603065851));
#1894 = CARTESIAN_POINT('',(13.,0.84611494262));
#1895 = ( GEOMETRIC_REPRESENTATION_CONTEXT(2) 
PARAMETRIC_REPRESENTATION_CONTEXT() REPRESENTATION_CONTEXT('2D SPACE',''
  ) );
#1896 = PCURVE('',#1799,#1897);
#1897 = DEFINITIONAL_REPRESENTATION('',(#1898),#1904);
#1898 = B_SPLINE_CURVE_WITH_KNOTS('',4,(#1899,#1900,#1901,#1902,#1903),
  .UNSPECIFIED.,.F.,.F.,(5,5),(0.,1.),.PIECEWISE_BEZIER_KNOTS.);
#1899 = CARTESIAN_POINT('',(-11.87920371801,-20.72808468056));
#1900 = CARTESIAN_POINT('',(-12.96937127093,-20.72215251422));
#1901 = CARTESIAN_POINT('',(-14.05974891649,-20.71623632888));
#1902 = CARTESIAN_POINT('',(-15.15033212868,-20.71033589484));
#1903 = CARTESIAN_POINT('',(-16.24111665129,-20.70445099335));
#1904 = ( GEOMETRIC_REPRESENTATION_CONTEXT(2) 
PARAMETRIC_REPRESENTATION_CONTEXT() REPRESENTATION_CONTEXT('2D SPACE',''
  ) );
#1905 = ORIENTED_EDGE('',*,*,#1906,.T.);
#1906 = EDGE_CURVE('',#1878,#1853,#1907,.T.);
#1907 = SURFACE_CURVE('',#1908,(#1923,#1941),.PCURVE_S1.);
#1908 = B_SPLINE_CURVE_WITH_KNOTS('',4,(#1909,#1910,#1911,#1912,#1913,
    #1914,#1915,#1916,#1917,#1918,#1919,#1920,#1921,#1922),
  .UNSPECIFIED.,.F.,.F.,(5,3,3,3,5),(0.,0.284691777101,0.542954061118,
    0.780178411962,1.),.UNSPECIFIED.);
#1909 = CARTESIAN_POINT('',(6.5,-10.07516690616,-8.478925251469));
#1910 = CARTESIAN_POINT('',(6.253582954401,-10.11458855484,
    -8.520317982584));
#1911 = CARTESIAN_POINT('',(6.007426217688,-10.15370556632,
    -8.561390844636));
#1912 = CARTESIAN_POINT('',(5.76157139751,-10.19251777882,
    -8.602143667766));
#1913 = CARTESIAN_POINT('',(5.293362106705,-10.26595335712,
    -8.679251024976));
#1914 = CARTESIAN_POINT('',(5.070944967784,-10.30063108181,
    -8.715662635904));
#1915 = CARTESIAN_POINT('',(4.848859124732,-10.33505434015,
    -8.751807057165));
#1916 = CARTESIAN_POINT('',(4.423508311908,-10.40060197486,
    -8.820632073613));
#1917 = CARTESIAN_POINT('',(4.220183979603,-10.43176664433,
    -8.85335497655));
#1918 = CARTESIAN_POINT('',(4.017218783349,-10.46271105794,
    -8.885846610846));
#1919 = CARTESIAN_POINT('',(3.626959984546,-10.52189761881,
    -8.947992499755));
#1920 = CARTESIAN_POINT('',(3.439609080959,-10.55017146239,
    -8.977680035513));
#1921 = CARTESIAN_POINT('',(3.252644045669,-10.57824944532,
    -9.007161917587));
#1922 = CARTESIAN_POINT('',(3.066109924139,-10.60612714324,
    -9.036433500403));
#1923 = PCURVE('',#487,#1924);
#1924 = DEFINITIONAL_REPRESENTATION('',(#1925),#1940);
#1925 = B_SPLINE_CURVE_WITH_KNOTS('',4,(#1926,#1927,#1928,#1929,#1930,
    #1931,#1932,#1933,#1934,#1935,#1936,#1937,#1938,#1939),
  .UNSPECIFIED.,.F.,.F.,(5,3,3,3,5),(0.,0.284691777101,0.542954061118,
    0.780178411962,1.),.UNSPECIFIED.);
#1926 = CARTESIAN_POINT('',(13.906675744329,0.847892524379));
#1927 = CARTESIAN_POINT('',(13.852339824296,0.85203179749));
#1928 = CARTESIAN_POINT('',(13.79635662727,0.856139085412));
#1929 = CARTESIAN_POINT('',(13.738617928372,0.860214366777));
#1930 = CARTESIAN_POINT('',(13.624915871784,0.867925102498));
#1931 = CARTESIAN_POINT('',(13.569285239073,0.87156626359));
#1932 = CARTESIAN_POINT('',(13.512014736232,0.875180705716));
#1933 = CARTESIAN_POINT('',(13.398791283822,0.882063207361));
#1934 = CARTESIAN_POINT('',(13.343111029437,0.885335497655));
#1935 = CARTESIAN_POINT('',(13.28587712053,0.888584661085));
#1936 = CARTESIAN_POINT('',(13.172440468077,0.894799249975));
#1937 = CARTESIAN_POINT('',(13.11647010393,0.897768003551));
#1938 = CARTESIAN_POINT('',(13.059016095394,0.900716191759));
#1939 = CARTESIAN_POINT('',(13.,0.90364335004));
#1940 = ( GEOMETRIC_REPRESENTATION_CONTEXT(2) 
PARAMETRIC_REPRESENTATION_CONTEXT() REPRESENTATION_CONTEXT('2D SPACE',''
  ) );
#1941 = PCURVE('',#1942,#1947);
#1942 = PLANE('',#1943);
#1943 = AXIS2_PLACEMENT_3D('',#1944,#1945,#1946);
#1944 = CARTESIAN_POINT('',(-6.5,-16.28571428571,-15.));
#1945 = DIRECTION('',(0.,-0.724137931034,0.689655172414));
#1946 = DIRECTION('',(1.,0.,0.));
#1947 = DEFINITIONAL_REPRESENTATION('',(#1948),#1963);
#1948 = B_SPLINE_CURVE_WITH_KNOTS('',4,(#1949,#1950,#1951,#1952,#1953,
    #1954,#1955,#1956,#1957,#1958,#1959,#1960,#1961,#1962),
  .UNSPECIFIED.,.F.,.F.,(5,3,3,3,5),(0.,0.284691777101,0.542954061118,
    0.780178411962,1.),.UNSPECIFIED.);
#1949 = CARTESIAN_POINT('',(13.,9.005293700352));
#1950 = CARTESIAN_POINT('',(12.753582954401,8.948132309765));
#1951 = CARTESIAN_POINT('',(12.507426217688,8.891412643122));
#1952 = CARTESIAN_POINT('',(12.26157139751,8.83513493499));
#1953 = CARTESIAN_POINT('',(11.793362106705,8.728653346462));
#1954 = CARTESIAN_POINT('',(11.570944967784,8.678370645656));
#1955 = CARTESIAN_POINT('',(11.348859124732,8.628456921058));
#1956 = CARTESIAN_POINT('',(10.923508311908,8.533412850725));
#1957 = CARTESIAN_POINT('',(10.720183979603,8.488224080002));
#1958 = CARTESIAN_POINT('',(10.517218783349,8.44335468026));
#1959 = CARTESIAN_POINT('',(10.126959984546,8.357534167005));
#1960 = CARTESIAN_POINT('',(9.939609080959,8.316537093816));
#1961 = CARTESIAN_POINT('',(9.752644045669,8.27582401857));
#1962 = CARTESIAN_POINT('',(9.566109924139,8.235401356586));
#1963 = ( GEOMETRIC_REPRESENTATION_CONTEXT(2) 
PARAMETRIC_REPRESENTATION_CONTEXT() REPRESENTATION_CONTEXT('2D SPACE',''
  ) );
#1964 = ADVANCED_FACE('',(#1965),#207,.F.);
#1965 = FACE_BOUND('',#1966,.F.);
#1966 = EDGE_LOOP('',(#1967,#1968,#1989,#1990));
#1967 = ORIENTED_EDGE('',*,*,#193,.T.);
#1968 = ORIENTED_EDGE('',*,*,#1969,.T.);
#1969 = EDGE_CURVE('',#194,#1200,#1970,.T.);
#1970 = SURFACE_CURVE('',#1971,(#1975,#1982),.PCURVE_S1.);
#1971 = B_SPLINE_CURVE_WITH_KNOTS('',2,(#1972,#1973,#1974),
  .UNSPECIFIED.,.F.,.F.,(3,3),(0.,1.),.PIECEWISE_BEZIER_KNOTS.);
#1972 = CARTESIAN_POINT('',(0.,30.,0.));
#1973 = CARTESIAN_POINT('',(0.,31.5,-5.));
#1974 = CARTESIAN_POINT('',(0.,7.,-10.));
#1975 = PCURVE('',#207,#1976);
#1976 = DEFINITIONAL_REPRESENTATION('',(#1977),#1981);
#1977 = LINE('',#1978,#1979);
#1978 = CARTESIAN_POINT('',(4.,0.));
#1979 = VECTOR('',#1980,1.);
#1980 = DIRECTION('',(0.,1.));
#1981 = ( GEOMETRIC_REPRESENTATION_CONTEXT(2) 
PARAMETRIC_REPRESENTATION_CONTEXT() REPRESENTATION_CONTEXT('2D SPACE',''
  ) );
#1982 = PCURVE('',#235,#1983);
#1983 = DEFINITIONAL_REPRESENTATION('',(#1984),#1988);
#1984 = LINE('',#1985,#1986);
#1985 = CARTESIAN_POINT('',(4.,0.));
#1986 = VECTOR('',#1987,1.);
#1987 = DIRECTION('',(0.,1.));
#1988 = ( GEOMETRIC_REPRESENTATION_CONTEXT(2) 
PARAMETRIC_REPRESENTATION_CONTEXT() REPRESENTATION_CONTEXT('2D SPACE',''
  ) );
#1989 = ORIENTED_EDGE('',*,*,#1199,.F.);
#1990 = ORIENTED_EDGE('',*,*,#1826,.F.);
#1991 = ADVANCED_FACE('',(#1992),#459,.F.);
#1992 = FACE_BOUND('',#1993,.F.);
#1993 = EDGE_LOOP('',(#1994,#2017,#2018,#2019));
#1994 = ORIENTED_EDGE('',*,*,#1995,.F.);
#1995 = EDGE_CURVE('',#418,#1996,#1998,.T.);
#1996 = VERTEX_POINT('',#1997);
#1997 = CARTESIAN_POINT('',(0.,-10.76044977281,-9.198472261452));
#1998 = SURFACE_CURVE('',#1999,(#2003,#2010),.PCURVE_S1.);
#1999 = B_SPLINE_CURVE_WITH_KNOTS('',2,(#2000,#2001,#2002),
  .UNSPECIFIED.,.F.,.F.,(3,3),(0.,1.),.PIECEWISE_BEZIER_KNOTS.);
#2000 = CARTESIAN_POINT('',(0.,-30.,0.));
#2001 = CARTESIAN_POINT('',(0.,-31.5,-5.));
#2002 = CARTESIAN_POINT('',(0.,-7.,-10.));
#2003 = PCURVE('',#459,#2004);
#2004 = DEFINITIONAL_REPRESENTATION('',(#2005),#2009);
#2005 = LINE('',#2006,#2007);
#2006 = CARTESIAN_POINT('',(12.,0.));
#2007 = VECTOR('',#2008,1.);
#2008 = DIRECTION('',(0.,1.));
#2009 = ( GEOMETRIC_REPRESENTATION_CONTEXT(2) 
PARAMETRIC_REPRESENTATION_CONTEXT() REPRESENTATION_CONTEXT('2D SPACE',''
  ) );
#2010 = PCURVE('',#431,#2011);
#2011 = DEFINITIONAL_REPRESENTATION('',(#2012),#2016);
#2012 = LINE('',#2013,#2014);
#2013 = CARTESIAN_POINT('',(12.,0.));
#2014 = VECTOR('',#2015,1.);
#2015 = DIRECTION('',(0.,1.));
#2016 = ( GEOMETRIC_REPRESENTATION_CONTEXT(2) 
PARAMETRIC_REPRESENTATION_CONTEXT() REPRESENTATION_CONTEXT('2D SPACE',''
  ) );
#2017 = ORIENTED_EDGE('',*,*,#445,.T.);
#2018 = ORIENTED_EDGE('',*,*,#1852,.T.);
#2019 = ORIENTED_EDGE('',*,*,#2020,.T.);
#2020 = EDGE_CURVE('',#1853,#1996,#2021,.T.);
#2021 = SURFACE_CURVE('',#2022,(#2028,#2037),.PCURVE_S1.);
#2022 = B_SPLINE_CURVE_WITH_KNOTS('',4,(#2023,#2024,#2025,#2026,#2027),
  .UNSPECIFIED.,.F.,.F.,(5,5),(0.,1.),.PIECEWISE_BEZIER_KNOTS.);
#2023 = CARTESIAN_POINT('',(3.066109924139,-10.60612714324,
    -9.036433500403));
#2024 = CARTESIAN_POINT('',(2.29524892676,-10.64532366246,
    -9.077589845583));
#2025 = CARTESIAN_POINT('',(1.527027344527,-10.68411831236,
    -9.118324227987));
#2026 = CARTESIAN_POINT('',(0.761793256712,-10.72249934009,
    -9.158624307101));
#2027 = CARTESIAN_POINT('',(0.,-10.76044977281,-9.198472261452));
#2028 = PCURVE('',#459,#2029);
#2029 = DEFINITIONAL_REPRESENTATION('',(#2030),#2036);
#2030 = B_SPLINE_CURVE_WITH_KNOTS('',4,(#2031,#2032,#2033,#2034,#2035),
  .UNSPECIFIED.,.F.,.F.,(5,5),(0.,1.),.PIECEWISE_BEZIER_KNOTS.);
#2031 = CARTESIAN_POINT('',(13.,0.90364335004));
#2032 = CARTESIAN_POINT('',(12.763758914996,0.907758984558));
#2033 = CARTESIAN_POINT('',(12.518766587556,0.911832422799));
#2034 = CARTESIAN_POINT('',(12.264406417655,0.91586243071));
#2035 = CARTESIAN_POINT('',(12.,0.919847226145));
#2036 = ( GEOMETRIC_REPRESENTATION_CONTEXT(2) 
PARAMETRIC_REPRESENTATION_CONTEXT() REPRESENTATION_CONTEXT('2D SPACE',''
  ) );
#2037 = PCURVE('',#1942,#2038);
#2038 = DEFINITIONAL_REPRESENTATION('',(#2039),#2045);
#2039 = B_SPLINE_CURVE_WITH_KNOTS('',4,(#2040,#2041,#2042,#2043,#2044),
  .UNSPECIFIED.,.F.,.F.,(5,5),(0.,1.),.PIECEWISE_BEZIER_KNOTS.);
#2040 = CARTESIAN_POINT('',(9.566109924139,8.235401356586));
#2041 = CARTESIAN_POINT('',(8.79524892676,8.178566403718));
#2042 = CARTESIAN_POINT('',(8.027027344527,8.122314161351));
#2043 = CARTESIAN_POINT('',(7.261793256712,8.066661671146));
#2044 = CARTESIAN_POINT('',(6.5,8.011633543709));
#2045 = ( GEOMETRIC_REPRESENTATION_CONTEXT(2) 
PARAMETRIC_REPRESENTATION_CONTEXT() REPRESENTATION_CONTEXT('2D SPACE',''
  ) );
#2046 = ADVANCED_FACE('',(#2047),#235,.F.);
#2047 = FACE_BOUND('',#2048,.F.);
#2048 = EDGE_LOOP('',(#2049,#2050,#2071,#2072));
#2049 = ORIENTED_EDGE('',*,*,#221,.T.);
#2050 = ORIENTED_EDGE('',*,*,#2051,.T.);
#2051 = EDGE_CURVE('',#222,#1221,#2052,.T.);
#2052 = SURFACE_CURVE('',#2053,(#2057,#2064),.PCURVE_S1.);
#2053 = B_SPLINE_CURVE_WITH_KNOTS('',2,(#2054,#2055,#2056),
  .UNSPECIFIED.,.F.,.F.,(3,3),(0.,1.),.PIECEWISE_BEZIER_KNOTS.);
#2054 = CARTESIAN_POINT('',(-7.654,27.716,0.));
#2055 = CARTESIAN_POINT('',(-8.2285,29.1025,-5.));
#2056 = CARTESIAN_POINT('',(-1.913,6.467,-10.));
#2057 = PCURVE('',#235,#2058);
#2058 = DEFINITIONAL_REPRESENTATION('',(#2059),#2063);
#2059 = LINE('',#2060,#2061);
#2060 = CARTESIAN_POINT('',(5.,0.));
#2061 = VECTOR('',#2062,1.);
#2062 = DIRECTION('',(0.,1.));
#2063 = ( GEOMETRIC_REPRESENTATION_CONTEXT(2) 
PARAMETRIC_REPRESENTATION_CONTEXT() REPRESENTATION_CONTEXT('2D SPACE',''
  ) );
#2064 = PCURVE('',#263,#2065);
#2065 = DEFINITIONAL_REPRESENTATION('',(#2066),#2070);
#2066 = LINE('',#2067,#2068);
#2067 = CARTESIAN_POINT('',(5.,0.));
#2068 = VECTOR('',#2069,1.);
#2069 = DIRECTION('',(0.,1.));
#2070 = ( GEOMETRIC_REPRESENTATION_CONTEXT(2) 
PARAMETRIC_REPRESENTATION_CONTEXT() REPRESENTATION_CONTEXT('2D SPACE',''
  ) );
#2071 = ORIENTED_EDGE('',*,*,#1220,.F.);
#2072 = ORIENTED_EDGE('',*,*,#1969,.F.);
#2073 = ADVANCED_FACE('',(#2074),#431,.F.);
#2074 = FACE_BOUND('',#2075,.F.);
#2075 = EDGE_LOOP('',(#2076,#2099,#2100,#2101));
#2076 = ORIENTED_EDGE('',*,*,#2077,.F.);
#2077 = EDGE_CURVE('',#390,#2078,#2080,.T.);
#2078 = VERTEX_POINT('',#2079);
#2079 = CARTESIAN_POINT('',(-3.066109924139,-10.60612714324,
    -9.036433500403));
#2080 = SURFACE_CURVE('',#2081,(#2085,#2092),.PCURVE_S1.);
#2081 = B_SPLINE_CURVE_WITH_KNOTS('',2,(#2082,#2083,#2084),
  .UNSPECIFIED.,.F.,.F.,(3,3),(0.,1.),.PIECEWISE_BEZIER_KNOTS.);
#2082 = CARTESIAN_POINT('',(-7.654,-27.716,0.));
#2083 = CARTESIAN_POINT('',(-8.2285,-29.1025,-5.));
#2084 = CARTESIAN_POINT('',(-1.913,-6.467,-10.));
#2085 = PCURVE('',#431,#2086);
#2086 = DEFINITIONAL_REPRESENTATION('',(#2087),#2091);
#2087 = LINE('',#2088,#2089);
#2088 = CARTESIAN_POINT('',(11.,0.));
#2089 = VECTOR('',#2090,1.);
#2090 = DIRECTION('',(0.,1.));
#2091 = ( GEOMETRIC_REPRESENTATION_CONTEXT(2) 
PARAMETRIC_REPRESENTATION_CONTEXT() REPRESENTATION_CONTEXT('2D SPACE',''
  ) );
#2092 = PCURVE('',#403,#2093);
#2093 = DEFINITIONAL_REPRESENTATION('',(#2094),#2098);
#2094 = LINE('',#2095,#2096);
#2095 = CARTESIAN_POINT('',(11.,0.));
#2096 = VECTOR('',#2097,1.);
#2097 = DIRECTION('',(0.,1.));
#2098 = ( GEOMETRIC_REPRESENTATION_CONTEXT(2) 
PARAMETRIC_REPRESENTATION_CONTEXT() REPRESENTATION_CONTEXT('2D SPACE',''
  ) );
#2099 = ORIENTED_EDGE('',*,*,#417,.T.);
#2100 = ORIENTED_EDGE('',*,*,#1995,.T.);
#2101 = ORIENTED_EDGE('',*,*,#2102,.T.);
#2102 = EDGE_CURVE('',#1996,#2078,#2103,.T.);
#2103 = SURFACE_CURVE('',#2104,(#2110,#2119),.PCURVE_S1.);
#2104 = B_SPLINE_CURVE_WITH_KNOTS('',4,(#2105,#2106,#2107,#2108,#2109),
  .UNSPECIFIED.,.F.,.F.,(5,5),(0.,1.),.PIECEWISE_BEZIER_KNOTS.);
#2105 = CARTESIAN_POINT('',(0.,-10.76044977281,-9.198472261452));
#2106 = CARTESIAN_POINT('',(-0.761793256717,-10.72249934009,
    -9.158624307101));
#2107 = CARTESIAN_POINT('',(-1.527027344524,-10.68411831236,
    -9.118324227987));
#2108 = CARTESIAN_POINT('',(-2.295248926765,-10.64532366246,
    -9.077589845583));
#2109 = CARTESIAN_POINT('',(-3.066109924139,-10.60612714324,
    -9.036433500403));
#2110 = PCURVE('',#431,#2111);
#2111 = DEFINITIONAL_REPRESENTATION('',(#2112),#2118);
#2112 = B_SPLINE_CURVE_WITH_KNOTS('',4,(#2113,#2114,#2115,#2116,#2117),
  .UNSPECIFIED.,.F.,.F.,(5,5),(0.,1.),.PIECEWISE_BEZIER_KNOTS.);
#2113 = CARTESIAN_POINT('',(12.,0.919847226145));
#2114 = CARTESIAN_POINT('',(11.735593582343,0.91586243071));
#2115 = CARTESIAN_POINT('',(11.481233412445,0.911832422799));
#2116 = CARTESIAN_POINT('',(11.236241085003,0.907758984558));
#2117 = CARTESIAN_POINT('',(11.,0.90364335004));
#2118 = ( GEOMETRIC_REPRESENTATION_CONTEXT(2) 
PARAMETRIC_REPRESENTATION_CONTEXT() REPRESENTATION_CONTEXT('2D SPACE',''
  ) );
#2119 = PCURVE('',#1942,#2120);
#2120 = DEFINITIONAL_REPRESENTATION('',(#2121),#2127);
#2121 = B_SPLINE_CURVE_WITH_KNOTS('',4,(#2122,#2123,#2124,#2125,#2126),
  .UNSPECIFIED.,.F.,.F.,(5,5),(0.,1.),.PIECEWISE_BEZIER_KNOTS.);
#2122 = CARTESIAN_POINT('',(6.5,8.011633543709));
#2123 = CARTESIAN_POINT('',(5.738206743283,8.066661671146));
#2124 = CARTESIAN_POINT('',(4.972972655476,8.122314161351));
#2125 = CARTESIAN_POINT('',(4.204751073235,8.178566403719));
#2126 = CARTESIAN_POINT('',(3.433890075861,8.235401356586));
#2127 = ( GEOMETRIC_REPRESENTATION_CONTEXT(2) 
PARAMETRIC_REPRESENTATION_CONTEXT() REPRESENTATION_CONTEXT('2D SPACE',''
  ) );
#2128 = ADVANCED_FACE('',(#2129),#263,.F.);
#2129 = FACE_BOUND('',#2130,.F.);
#2130 = EDGE_LOOP('',(#2131,#2132,#2153,#2154));
#2131 = ORIENTED_EDGE('',*,*,#249,.T.);
#2132 = ORIENTED_EDGE('',*,*,#2133,.T.);
#2133 = EDGE_CURVE('',#250,#1242,#2134,.T.);
#2134 = SURFACE_CURVE('',#2135,(#2139,#2146),.PCURVE_S1.);
#2135 = B_SPLINE_CURVE_WITH_KNOTS('',2,(#2136,#2137,#2138),
  .UNSPECIFIED.,.F.,.F.,(3,3),(0.,1.),.PIECEWISE_BEZIER_KNOTS.);
#2136 = CARTESIAN_POINT('',(-14.142,21.213,0.));
#2137 = CARTESIAN_POINT('',(-15.203,22.2745,-5.));
#2138 = CARTESIAN_POINT('',(-3.536,4.95,-10.));
#2139 = PCURVE('',#263,#2140);
#2140 = DEFINITIONAL_REPRESENTATION('',(#2141),#2145);
#2141 = LINE('',#2142,#2143);
#2142 = CARTESIAN_POINT('',(6.,0.));
#2143 = VECTOR('',#2144,1.);
#2144 = DIRECTION('',(0.,1.));
#2145 = ( GEOMETRIC_REPRESENTATION_CONTEXT(2) 
PARAMETRIC_REPRESENTATION_CONTEXT() REPRESENTATION_CONTEXT('2D SPACE',''
  ) );
#2146 = PCURVE('',#291,#2147);
#2147 = DEFINITIONAL_REPRESENTATION('',(#2148),#2152);
#2148 = LINE('',#2149,#2150);
#2149 = CARTESIAN_POINT('',(6.,0.));
#2150 = VECTOR('',#2151,1.);
#2151 = DIRECTION('',(0.,1.));
#2152 = ( GEOMETRIC_REPRESENTATION_CONTEXT(2) 
PARAMETRIC_REPRESENTATION_CONTEXT() REPRESENTATION_CONTEXT('2D SPACE',''
  ) );
#2153 = ORIENTED_EDGE('',*,*,#1241,.F.);
#2154 = ORIENTED_EDGE('',*,*,#2051,.F.);
#2155 = ADVANCED_FACE('',(#2156),#403,.F.);
#2156 = FACE_BOUND('',#2157,.F.);
#2157 = EDGE_LOOP('',(#2158,#2181,#2182,#2183,#2248));
#2158 = ORIENTED_EDGE('',*,*,#2159,.F.);
#2159 = EDGE_CURVE('',#362,#2160,#2162,.T.);
#2160 = VERTEX_POINT('',#2161);
#2161 = CARTESIAN_POINT('',(-6.787235710057,-9.78967132913,
    -8.480752391146));
#2162 = SURFACE_CURVE('',#2163,(#2167,#2174),.PCURVE_S1.);
#2163 = B_SPLINE_CURVE_WITH_KNOTS('',2,(#2164,#2165,#2166),
  .UNSPECIFIED.,.F.,.F.,(3,3),(0.,1.),.PIECEWISE_BEZIER_KNOTS.);
#2164 = CARTESIAN_POINT('',(-14.142,-21.213,0.));
#2165 = CARTESIAN_POINT('',(-15.203,-22.2745,-5.));
#2166 = CARTESIAN_POINT('',(-3.536,-4.95,-10.));
#2167 = PCURVE('',#403,#2168);
#2168 = DEFINITIONAL_REPRESENTATION('',(#2169),#2173);
#2169 = LINE('',#2170,#2171);
#2170 = CARTESIAN_POINT('',(10.,0.));
#2171 = VECTOR('',#2172,1.);
#2172 = DIRECTION('',(0.,1.));
#2173 = ( GEOMETRIC_REPRESENTATION_CONTEXT(2) 
PARAMETRIC_REPRESENTATION_CONTEXT() REPRESENTATION_CONTEXT('2D SPACE',''
  ) );
#2174 = PCURVE('',#375,#2175);
#2175 = DEFINITIONAL_REPRESENTATION('',(#2176),#2180);
#2176 = LINE('',#2177,#2178);
#2177 = CARTESIAN_POINT('',(10.,0.));
#2178 = VECTOR('',#2179,1.);
#2179 = DIRECTION('',(0.,1.));
#2180 = ( GEOMETRIC_REPRESENTATION_CONTEXT(2) 
PARAMETRIC_REPRESENTATION_CONTEXT() REPRESENTATION_CONTEXT('2D SPACE',''
  ) );
#2181 = ORIENTED_EDGE('',*,*,#389,.T.);
#2182 = ORIENTED_EDGE('',*,*,#2077,.T.);
#2183 = ORIENTED_EDGE('',*,*,#2184,.T.);
#2184 = EDGE_CURVE('',#2078,#2185,#2187,.T.);
#2185 = VERTEX_POINT('',#2186);
#2186 = CARTESIAN_POINT('',(-6.5,-10.07516690616,-8.478925251469));
#2187 = SURFACE_CURVE('',#2188,(#2206,#2227),.PCURVE_S1.);
#2188 = B_SPLINE_CURVE_WITH_KNOTS('',4,(#2189,#2190,#2191,#2192,#2193,
    #2194,#2195,#2196,#2197,#2198,#2199,#2200,#2201,#2202,#2203,#2204,
    #2205),.UNSPECIFIED.,.F.,.F.,(5,3,3,3,3,5),(0.,0.219822306536,
    0.457046341719,0.71530812581,0.961367398613,1.),.UNSPECIFIED.);
#2189 = CARTESIAN_POINT('',(-3.066109924139,-10.60612714324,
    -9.036433500403));
#2190 = CARTESIAN_POINT('',(-3.25264465482,-10.57824935428,
    -9.007161821997));
#2191 = CARTESIAN_POINT('',(-3.439610302074,-10.550171279,
    -8.977679842959));
#2192 = CARTESIAN_POINT('',(-3.626961819999,-10.52189734181,
    -8.94799220891));
#2193 = CARTESIAN_POINT('',(-4.017220968732,-10.46271072503,
    -8.885846261288));
#2194 = CARTESIAN_POINT('',(-4.220185897179,-10.43176635097,
    -8.853354668524));
#2195 = CARTESIAN_POINT('',(-4.423509960526,-10.40060172166,
    -8.82063180775));
#2196 = CARTESIAN_POINT('',(-4.84886007537,-10.33505419273,
    -8.751806902368));
#2197 = CARTESIAN_POINT('',(-5.070945488759,-10.30063100043,
    -8.715662550453));
#2198 = CARTESIAN_POINT('',(-5.29336219669,-10.26595334276,
    -8.679251009906));
#2199 = CARTESIAN_POINT('',(-5.728256822679,-10.19774295317,
    -8.607630100829));
#2200 = CARTESIAN_POINT('',(-5.940707717995,-10.16423355141,
    -8.572445228981));
#2201 = CARTESIAN_POINT('',(-6.153389445553,-10.13049623193,
    -8.537021043536));
#2202 = CARTESIAN_POINT('',(-6.399698282967,-10.0911986012,
    -8.495758531262));
#2203 = CARTESIAN_POINT('',(-6.433127312409,-10.08586031501,
    -8.490153330768));
#2204 = CARTESIAN_POINT('',(-6.466561270115,-10.08051641377,
    -8.484542234465));
#2205 = CARTESIAN_POINT('',(-6.5,-10.07516690616,-8.478925251469));
#2206 = PCURVE('',#403,#2207);
#2207 = DEFINITIONAL_REPRESENTATION('',(#2208),#2226);
#2208 = B_SPLINE_CURVE_WITH_KNOTS('',4,(#2209,#2210,#2211,#2212,#2213,
    #2214,#2215,#2216,#2217,#2218,#2219,#2220,#2221,#2222,#2223,#2224,
    #2225),.UNSPECIFIED.,.F.,.F.,(5,3,3,3,3,5),(0.,0.219822306536,
    0.457046341719,0.71530812581,0.961367398613,1.),.UNSPECIFIED.);
#2209 = CARTESIAN_POINT('',(11.,0.90364335004));
#2210 = CARTESIAN_POINT('',(10.940983711881,0.9007161822));
#2211 = CARTESIAN_POINT('',(10.883529520824,0.897767984296));
#2212 = CARTESIAN_POINT('',(10.827558983588,0.894799220891));
#2213 = CARTESIAN_POINT('',(10.71412226024,0.888584626129));
#2214 = CARTESIAN_POINT('',(10.656888439844,0.885335466852));
#2215 = CARTESIAN_POINT('',(10.601208269426,0.882063180775));
#2216 = CARTESIAN_POINT('',(10.48798501933,0.875180690237));
#2217 = CARTESIAN_POINT('',(10.430714631945,0.871566255045));
#2218 = CARTESIAN_POINT('',(10.375084108228,0.867925100991));
#2219 = CARTESIAN_POINT('',(10.269472331509,0.860763010083));
#2220 = CARTESIAN_POINT('',(10.219348330227,0.857244522898));
#2221 = CARTESIAN_POINT('',(10.170548184107,0.853702104354));
#2222 = CARTESIAN_POINT('',(10.115535596863,0.849575853126));
#2223 = CARTESIAN_POINT('',(10.108101229344,0.849015334034));
#2224 = CARTESIAN_POINT('',(10.10069762603,0.848454222679));
#2225 = CARTESIAN_POINT('',(10.093324255618,0.84789252438));
#2226 = ( GEOMETRIC_REPRESENTATION_CONTEXT(2) 
PARAMETRIC_REPRESENTATION_CONTEXT() REPRESENTATION_CONTEXT('2D SPACE',''
  ) );
#2227 = PCURVE('',#1942,#2228);
#2228 = DEFINITIONAL_REPRESENTATION('',(#2229),#2247);
#2229 = B_SPLINE_CURVE_WITH_KNOTS('',4,(#2230,#2231,#2232,#2233,#2234,
    #2235,#2236,#2237,#2238,#2239,#2240,#2241,#2242,#2243,#2244,#2245,
    #2246),.UNSPECIFIED.,.F.,.F.,(5,3,3,3,3,5),(0.,0.219822306536,
    0.457046341719,0.71530812581,0.961367398613,1.),.UNSPECIFIED.);
#2230 = CARTESIAN_POINT('',(3.433890075861,8.235401356586));
#2231 = CARTESIAN_POINT('',(3.24735534518,8.275824150576));
#2232 = CARTESIAN_POINT('',(3.060389697926,8.316537359723));
#2233 = CARTESIAN_POINT('',(2.873038180001,8.357534568648));
#2234 = CARTESIAN_POINT('',(2.482779031268,8.443355162983));
#2235 = CARTESIAN_POINT('',(2.279814102821,8.488224505372));
#2236 = CARTESIAN_POINT('',(2.076490039474,8.533413217869));
#2237 = CARTESIAN_POINT('',(1.65113992463,8.628457134825));
#2238 = CARTESIAN_POINT('',(1.429054511241,8.67837076366));
#2239 = CARTESIAN_POINT('',(1.20663780331,8.728653367272));
#2240 = CARTESIAN_POINT('',(0.771743177321,8.827558432189));
#2241 = CARTESIAN_POINT('',(0.559292282005,8.876147064741));
#2242 = CARTESIAN_POINT('',(0.346610554447,8.925066177974));
#2243 = CARTESIAN_POINT('',(0.100301717033,8.982047742542));
#2244 = CARTESIAN_POINT('',(6.687268759063E-02,8.989788257511));
#2245 = CARTESIAN_POINT('',(3.34387298852E-02,8.997536914311));
#2246 = CARTESIAN_POINT('',(0.,9.005293700352));
#2247 = ( GEOMETRIC_REPRESENTATION_CONTEXT(2) 
PARAMETRIC_REPRESENTATION_CONTEXT() REPRESENTATION_CONTEXT('2D SPACE',''
  ) );
#2248 = ORIENTED_EDGE('',*,*,#2249,.T.);
#2249 = EDGE_CURVE('',#2185,#2160,#2250,.T.);
#2250 = SURFACE_CURVE('',#2251,(#2257,#2266),.PCURVE_S1.);
#2251 = B_SPLINE_CURVE_WITH_KNOTS('',4,(#2252,#2253,#2254,#2255,#2256),
  .UNSPECIFIED.,.F.,.F.,(5,5),(0.,1.),.PIECEWISE_BEZIER_KNOTS.);
#2252 = CARTESIAN_POINT('',(-3.693562750773,-12.86467479798,
    -8.461149426197));
#2253 = CARTESIAN_POINT('',(-4.467188279867,-12.09569806156,
    -8.466030658507));
#2254 = CARTESIAN_POINT('',(-5.240677595976,-11.32686980811,
    -8.470924774297));
#2255 = CARTESIAN_POINT('',(-6.014027775927,-10.55819313359,
    -8.475831955001));
#2256 = CARTESIAN_POINT('',(-6.787235710057,-9.78967132913,
    -8.480752391146));
#2257 = PCURVE('',#403,#2258);
#2258 = DEFINITIONAL_REPRESENTATION('',(#2259),#2265);
#2259 = B_SPLINE_CURVE_WITH_KNOTS('',4,(#2260,#2261,#2262,#2263,#2264),
  .UNSPECIFIED.,.F.,.F.,(5,5),(0.,1.),.PIECEWISE_BEZIER_KNOTS.);
#2260 = CARTESIAN_POINT('',(11.,0.84611494262));
#2261 = CARTESIAN_POINT('',(10.751337946524,0.846603065851));
#2262 = CARTESIAN_POINT('',(10.501793193185,0.84709247743));
#2263 = CARTESIAN_POINT('',(10.25135201569,0.8475831955));
#2264 = CARTESIAN_POINT('',(10.,0.848075239115));
#2265 = ( GEOMETRIC_REPRESENTATION_CONTEXT(2) 
PARAMETRIC_REPRESENTATION_CONTEXT() REPRESENTATION_CONTEXT('2D SPACE',''
  ) );
#2266 = PCURVE('',#2267,#2272);
#2267 = PLANE('',#2268);
#2268 = AXIS2_PLACEMENT_3D('',#2269,#2270,#2271);
#2269 = CARTESIAN_POINT('',(-7.,6.797295389132,8.712160158588));
#2270 = DIRECTION('',(-0.586509812152,-0.586509812152,0.558580773478));
#2271 = DIRECTION('',(0.707106781187,-0.707106781187,8.816188767719E-17)
  );
#2272 = DEFINITIONAL_REPRESENTATION('',(#2273),#2279);
#2273 = B_SPLINE_CURVE_WITH_KNOTS('',4,(#2274,#2275,#2276,#2277,#2278),
  .UNSPECIFIED.,.F.,.F.,(5,5),(0.,1.),.PIECEWISE_BEZIER_KNOTS.);
#2274 = CARTESIAN_POINT('',(16.241116651294,-20.70445099335));
#2275 = CARTESIAN_POINT('',(15.150332128678,-20.71033589484));
#2276 = CARTESIAN_POINT('',(14.059748916497,-20.71623632888));
#2277 = CARTESIAN_POINT('',(12.969371270931,-20.72215251422));
#2278 = CARTESIAN_POINT('',(11.879203718012,-20.72808468056));
#2279 = ( GEOMETRIC_REPRESENTATION_CONTEXT(2) 
PARAMETRIC_REPRESENTATION_CONTEXT() REPRESENTATION_CONTEXT('2D SPACE',''
  ) );
#2280 = ADVANCED_FACE('',(#2281),#291,.F.);
#2281 = FACE_BOUND('',#2282,.F.);
#2282 = EDGE_LOOP('',(#2283,#2284,#2305,#2306));
#2283 = ORIENTED_EDGE('',*,*,#277,.T.);
#2284 = ORIENTED_EDGE('',*,*,#2285,.T.);
#2285 = EDGE_CURVE('',#278,#1263,#2286,.T.);
#2286 = SURFACE_CURVE('',#2287,(#2291,#2298),.PCURVE_S1.);
#2287 = B_SPLINE_CURVE_WITH_KNOTS('',2,(#2288,#2289,#2290),
  .UNSPECIFIED.,.F.,.F.,(3,3),(0.,1.),.PIECEWISE_BEZIER_KNOTS.);
#2288 = CARTESIAN_POINT('',(-18.478,11.481,0.));
#2289 = CARTESIAN_POINT('',(-19.8635,12.054,-5.));
#2290 = CARTESIAN_POINT('',(-4.619,2.679,-10.));
#2291 = PCURVE('',#291,#2292);
#2292 = DEFINITIONAL_REPRESENTATION('',(#2293),#2297);
#2293 = LINE('',#2294,#2295);
#2294 = CARTESIAN_POINT('',(7.,0.));
#2295 = VECTOR('',#2296,1.);
#2296 = DIRECTION('',(0.,1.));
#2297 = ( GEOMETRIC_REPRESENTATION_CONTEXT(2) 
PARAMETRIC_REPRESENTATION_CONTEXT() REPRESENTATION_CONTEXT('2D SPACE',''
  ) );
#2298 = PCURVE('',#319,#2299);
#2299 = DEFINITIONAL_REPRESENTATION('',(#2300),#2304);
#2300 = LINE('',#2301,#2302);
#2301 = CARTESIAN_POINT('',(7.,0.));
#2302 = VECTOR('',#2303,1.);
#2303 = DIRECTION('',(0.,1.));
#2304 = ( GEOMETRIC_REPRESENTATION_CONTEXT(2) 
PARAMETRIC_REPRESENTATION_CONTEXT() REPRESENTATION_CONTEXT('2D SPACE',''
  ) );
#2305 = ORIENTED_EDGE('',*,*,#1262,.F.);
#2306 = ORIENTED_EDGE('',*,*,#2133,.F.);
#2307 = ADVANCED_FACE('',(#2308),#375,.F.);
#2308 = FACE_BOUND('',#2309,.F.);
#2309 = EDGE_LOOP('',(#2310,#2331,#2332,#2333,#2389,#2450,#2622,#2666,
    #2687));
#2310 = ORIENTED_EDGE('',*,*,#2311,.F.);
#2311 = EDGE_CURVE('',#334,#1305,#2312,.T.);
#2312 = SURFACE_CURVE('',#2313,(#2317,#2324),.PCURVE_S1.);
#2313 = B_SPLINE_CURVE_WITH_KNOTS('',2,(#2314,#2315,#2316),
  .UNSPECIFIED.,.F.,.F.,(3,3),(0.,1.),.PIECEWISE_BEZIER_KNOTS.);
#2314 = CARTESIAN_POINT('',(-18.478,-11.481,0.));
#2315 = CARTESIAN_POINT('',(-19.8635,-12.054,-5.));
#2316 = CARTESIAN_POINT('',(-4.619,-2.679,-10.));
#2317 = PCURVE('',#375,#2318);
#2318 = DEFINITIONAL_REPRESENTATION('',(#2319),#2323);
#2319 = LINE('',#2320,#2321);
#2320 = CARTESIAN_POINT('',(9.,0.));
#2321 = VECTOR('',#2322,1.);
#2322 = DIRECTION('',(0.,1.));
#2323 = ( GEOMETRIC_REPRESENTATION_CONTEXT(2) 
PARAMETRIC_REPRESENTATION_CONTEXT() REPRESENTATION_CONTEXT('2D SPACE',''
  ) );
#2324 = PCURVE('',#347,#2325);
#2325 = DEFINITIONAL_REPRESENTATION('',(#2326),#2330);
#2326 = LINE('',#2327,#2328);
#2327 = CARTESIAN_POINT('',(9.,0.));
#2328 = VECTOR('',#2329,1.);
#2329 = DIRECTION('',(0.,1.));
#2330 = ( GEOMETRIC_REPRESENTATION_CONTEXT(2) 
PARAMETRIC_REPRESENTATION_CONTEXT() REPRESENTATION_CONTEXT('2D SPACE',''
  ) );
#2331 = ORIENTED_EDGE('',*,*,#361,.T.);
#2332 = ORIENTED_EDGE('',*,*,#2159,.T.);
#2333 = ORIENTED_EDGE('',*,*,#2334,.T.);
#2334 = EDGE_CURVE('',#2160,#2335,#2337,.T.);
#2335 = VERTEX_POINT('',#2336);
#2336 = CARTESIAN_POINT('',(-7.5,-8.978573949262,-8.377502646725));
#2337 = SURFACE_CURVE('',#2338,(#2353,#2371),.PCURVE_S1.);
#2338 = B_SPLINE_CURVE_WITH_KNOTS('',4,(#2339,#2340,#2341,#2342,#2343,
    #2344,#2345,#2346,#2347,#2348,#2349,#2350,#2351,#2352),
  .UNSPECIFIED.,.F.,.F.,(5,3,3,3,5),(0.,0.228220622403,0.468701984117,
    0.725721019222,1.),.UNSPECIFIED.);
#2339 = CARTESIAN_POINT('',(-6.787235710057,-9.78967132913,
    -8.480752391146));
#2340 = CARTESIAN_POINT('',(-6.973961047563,-9.577370663872,
    -8.453898297008));
#2341 = CARTESIAN_POINT('',(-7.16080850214,-9.364802663672,
    -8.426891724102));
#2342 = CARTESIAN_POINT('',(-7.347762963404,-9.151982642529,
    -8.399732886229));
#2343 = CARTESIAN_POINT('',(-7.731908464008,-8.714418225535,
    -8.34364302402));
#2344 = CARTESIAN_POINT('',(-7.929109842586,-8.489647471025,
    -8.314695179292));
#2345 = CARTESIAN_POINT('',(-8.126400065005,-8.264626419732,
    -8.285577808974));
#2346 = CARTESIAN_POINT('',(-8.534704176352,-7.798618204453,
    -8.224988499846));
#2347 = CARTESIAN_POINT('',(-8.745728786648,-7.557597254201,
    -8.193492342891));
#2348 = CARTESIAN_POINT('',(-8.956823342263,-7.316320322641,
    -8.16180084815));
#2349 = CARTESIAN_POINT('',(-9.393303785401,-6.817060793844,
    -8.095882808207));
#2350 = CARTESIAN_POINT('',(-9.618697399411,-6.559044452681,
    -8.061628944696));
#2351 = CARTESIAN_POINT('',(-9.844137419232,-6.300766555238,
    -8.027149173194));
#2352 = CARTESIAN_POINT('',(-10.06960894641,-6.042239600917,
    -7.992440974699));
#2353 = PCURVE('',#375,#2354);
#2354 = DEFINITIONAL_REPRESENTATION('',(#2355),#2370);
#2355 = B_SPLINE_CURVE_WITH_KNOTS('',4,(#2356,#2357,#2358,#2359,#2360,
    #2361,#2362,#2363,#2364,#2365,#2366,#2367,#2368,#2369),
  .UNSPECIFIED.,.F.,.F.,(5,3,3,3,5),(0.,0.228220622403,0.468701984117,
    0.725721019222,1.),.UNSPECIFIED.);
#2356 = CARTESIAN_POINT('',(10.,0.848075239115));
#2357 = CARTESIAN_POINT('',(9.935359527567,0.845389829701));
#2358 = CARTESIAN_POINT('',(9.87201385585,0.84268917241));
#2359 = CARTESIAN_POINT('',(9.809910187061,0.839973288623));
#2360 = CARTESIAN_POINT('',(9.684817669407,0.834364302402));
#2361 = CARTESIAN_POINT('',(9.621960499188,0.831469517929));
#2362 = CARTESIAN_POINT('',(9.560371881209,0.828557780897));
#2363 = CARTESIAN_POINT('',(9.43547672615,0.822498849985));
#2364 = CARTESIAN_POINT('',(9.372343298949,0.819349234289));
#2365 = CARTESIAN_POINT('',(9.310536817188,0.816180084815));
#2366 = CARTESIAN_POINT('',(9.185398413216,0.809588280821));
#2367 = CARTESIAN_POINT('',(9.12224275946,0.80616289447));
#2368 = CARTESIAN_POINT('',(9.06046401399,0.802714917319));
#2369 = CARTESIAN_POINT('',(9.,0.79924409747));
#2370 = ( GEOMETRIC_REPRESENTATION_CONTEXT(2) 
PARAMETRIC_REPRESENTATION_CONTEXT() REPRESENTATION_CONTEXT('2D SPACE',''
  ) );
#2371 = PCURVE('',#2267,#2372);
#2372 = DEFINITIONAL_REPRESENTATION('',(#2373),#2388);
#2373 = B_SPLINE_CURVE_WITH_KNOTS('',4,(#2374,#2375,#2376,#2377,#2378,
    #2379,#2380,#2381,#2382,#2383,#2384,#2385,#2386,#2387),
  .UNSPECIFIED.,.F.,.F.,(5,3,3,3,5),(0.,0.228220622403,0.468701984117,
    0.725721019222,1.),.UNSPECIFIED.);
#2374 = CARTESIAN_POINT('',(11.879203718012,-20.72808468056));
#2375 = CARTESIAN_POINT('',(11.597049725587,-20.69570890154));
#2376 = CARTESIAN_POINT('',(11.314620349004,-20.66314929139));
#2377 = CARTESIAN_POINT('',(11.031937101548,-20.63040610784));
#2378 = CARTESIAN_POINT('',(10.450900446646,-20.56278316087));
#2379 = CARTESIAN_POINT('',(10.152521089868,-20.52788311848));
#2380 = CARTESIAN_POINT('',(9.853901924455,-20.49277869299));
#2381 = CARTESIAN_POINT('',(9.235669749423,-20.41973113186));
#2382 = CARTESIAN_POINT('',(8.916025268154,-20.3817587984));
#2383 = CARTESIAN_POINT('',(8.596150321957,-20.3435509622));
#2384 = CARTESIAN_POINT('',(7.934482242375,-20.26407898734));
#2385 = CARTESIAN_POINT('',(7.592659784979,-20.22278191324));
#2386 = CARTESIAN_POINT('',(7.250619565499,-20.18121248041));
#2387 = CARTESIAN_POINT('',(6.908380957144,-20.13936765188));
#2388 = ( GEOMETRIC_REPRESENTATION_CONTEXT(2) 
PARAMETRIC_REPRESENTATION_CONTEXT() REPRESENTATION_CONTEXT('2D SPACE',''
  ) );
#2389 = ORIENTED_EDGE('',*,*,#2390,.T.);
#2390 = EDGE_CURVE('',#2335,#2391,#2393,.T.);
#2391 = VERTEX_POINT('',#2392);
#2392 = CARTESIAN_POINT('',(-7.5,-7.214776913381,-8.625515759051));
#2393 = SURFACE_CURVE('',#2394,(#2409,#2427),.PCURVE_S1.);
#2394 = B_SPLINE_CURVE_WITH_KNOTS('',4,(#2395,#2396,#2397,#2398,#2399,
    #2400,#2401,#2402,#2403,#2404,#2405,#2406,#2407,#2408),
  .UNSPECIFIED.,.F.,.F.,(5,3,3,3,5),(0.,0.304912841005,0.566808852377,
    0.796893986718,1.),.UNSPECIFIED.);
#2395 = CARTESIAN_POINT('',(-7.5,-10.85465195494,-8.105392930789));
#2396 = CARTESIAN_POINT('',(-7.5,-10.36466357619,-8.177672006352));
#2397 = CARTESIAN_POINT('',(-7.5,-9.874874432617,-8.249043719886));
#2398 = CARTESIAN_POINT('',(-7.5,-9.385352482941,-8.319556306186));
#2399 = CARTESIAN_POINT('',(-7.5,-8.476051164313,-8.449106253663));
#2400 = CARTESIAN_POINT('',(-7.5,-8.05617628975,-8.508359073953));
#2401 = CARTESIAN_POINT('',(-7.5,-7.636635057424,-8.567029546417));
#2402 = CARTESIAN_POINT('',(-7.5,-6.849309979468,-8.676183936246));
#2403 = CARTESIAN_POINT('',(-7.5,-6.481429676524,-8.726796595035));
#2404 = CARTESIAN_POINT('',(-7.5,-6.113939598328,-8.776985835081));
#2405 = CARTESIAN_POINT('',(-7.5,-5.422952000374,-8.870697583009));
#2406 = CARTESIAN_POINT('',(-7.5,-5.099349178181,-8.914311711247));
#2407 = CARTESIAN_POINT('',(-7.5,-4.776180869854,-8.957607965576));
#2408 = CARTESIAN_POINT('',(-7.5,-4.453532752256,-9.000589015316));
#2409 = PCURVE('',#375,#2410);
#2410 = DEFINITIONAL_REPRESENTATION('',(#2411),#2426);
#2411 = B_SPLINE_CURVE_WITH_KNOTS('',4,(#2412,#2413,#2414,#2415,#2416,
    #2417,#2418,#2419,#2420,#2421,#2422,#2423,#2424,#2425),
  .UNSPECIFIED.,.F.,.F.,(5,3,3,3,5),(0.,0.304912841005,0.566808852377,
    0.796893986718,1.),.UNSPECIFIED.);
#2412 = CARTESIAN_POINT('',(10.,0.810539293079));
#2413 = CARTESIAN_POINT('',(9.941790374502,0.817767200635));
#2414 = CARTESIAN_POINT('',(9.880768705409,0.824904371989));
#2415 = CARTESIAN_POINT('',(9.816637523345,0.831955630619));
#2416 = CARTESIAN_POINT('',(9.690902514985,0.844910625366));
#2417 = CARTESIAN_POINT('',(9.630217764958,0.850835907395));
#2418 = CARTESIAN_POINT('',(9.566692276448,0.856702954642));
#2419 = CARTESIAN_POINT('',(9.441404785108,0.867618393625));
#2420 = CARTESIAN_POINT('',(9.380365258086,0.872679659503));
#2421 = CARTESIAN_POINT('',(9.316657023673,0.877698583508));
#2422 = CARTESIAN_POINT('',(9.191154403185,0.887069758301));
#2423 = CARTESIAN_POINT('',(9.130011174596,0.891431171125));
#2424 = CARTESIAN_POINT('',(9.066373455829,0.895760796558));
#2425 = CARTESIAN_POINT('',(9.,0.900058901532));
#2426 = ( GEOMETRIC_REPRESENTATION_CONTEXT(2) 
PARAMETRIC_REPRESENTATION_CONTEXT() REPRESENTATION_CONTEXT('2D SPACE',''
  ) );
#2427 = PCURVE('',#2428,#2433);
#2428 = PLANE('',#2429);
#2429 = AXIS2_PLACEMENT_3D('',#2430,#2431,#2432);
#2430 = CARTESIAN_POINT('',(-7.5,8.297295389132,8.712160158588));
#2431 = DIRECTION('',(-1.,0.,0.));
#2432 = DIRECTION('',(-0.,-1.,-7.260673763898E-19));
#2433 = DEFINITIONAL_REPRESENTATION('',(#2434),#2449);
#2434 = B_SPLINE_CURVE_WITH_KNOTS('',4,(#2435,#2436,#2437,#2438,#2439,
    #2440,#2441,#2442,#2443,#2444,#2445,#2446,#2447,#2448),
  .UNSPECIFIED.,.F.,.F.,(5,3,3,3,5),(0.,0.304912841005,0.566808852377,
    0.796893986718,1.),.UNSPECIFIED.);
#2435 = CARTESIAN_POINT('',(19.151947344079,-16.81755308937));
#2436 = CARTESIAN_POINT('',(18.661958965322,-16.88983216494));
#2437 = CARTESIAN_POINT('',(18.172169821749,-16.96120387847));
#2438 = CARTESIAN_POINT('',(17.682647872073,-17.03171646477));
#2439 = CARTESIAN_POINT('',(16.773346553445,-17.16126641225));
#2440 = CARTESIAN_POINT('',(16.353471678881,-17.22051923254));
#2441 = CARTESIAN_POINT('',(15.933930446556,-17.279189705));
#2442 = CARTESIAN_POINT('',(15.1466053686,-17.38834409483));
#2443 = CARTESIAN_POINT('',(14.778725065656,-17.43895675362));
#2444 = CARTESIAN_POINT('',(14.41123498746,-17.48914599366));
#2445 = CARTESIAN_POINT('',(13.720247389506,-17.58285774159));
#2446 = CARTESIAN_POINT('',(13.396644567312,-17.62647186983));
#2447 = CARTESIAN_POINT('',(13.073476258986,-17.66976812416));
#2448 = CARTESIAN_POINT('',(12.750828141387,-17.7127491739));
#2449 = ( GEOMETRIC_REPRESENTATION_CONTEXT(2) 
PARAMETRIC_REPRESENTATION_CONTEXT() REPRESENTATION_CONTEXT('2D SPACE',''
  ) );
#2450 = ORIENTED_EDGE('',*,*,#2451,.F.);
#2451 = EDGE_CURVE('',#2452,#2391,#2454,.T.);
#2452 = VERTEX_POINT('',#2453);
#2453 = CARTESIAN_POINT('',(-6.5,-6.575120175563,-9.003876184341));
#2454 = SURFACE_CURVE('',#2455,(#2507,#2562),.PCURVE_S1.);
#2455 = B_SPLINE_CURVE_WITH_KNOTS('',8,(#2456,#2457,#2458,#2459,#2460,
    #2461,#2462,#2463,#2464,#2465,#2466,#2467,#2468,#2469,#2470,#2471,
    #2472,#2473,#2474,#2475,#2476,#2477,#2478,#2479,#2480,#2481,#2482,
    #2483,#2484,#2485,#2486,#2487,#2488,#2489,#2490,#2491,#2492,#2493,
    #2494,#2495,#2496,#2497,#2498,#2499,#2500,#2501,#2502,#2503,#2504,
    #2505,#2506),.UNSPECIFIED.,.F.,.F.,(9,7,7,7,7,7,7,9),(0.,
    0.460487962051,0.708791578474,0.858002086448,0.930016238565,
    0.963996762869,0.980987025024,1.),.UNSPECIFIED.);
#2456 = CARTESIAN_POINT('',(-3.661991736945,-4.685801260755,-10.));
#2457 = CARTESIAN_POINT('',(-4.095167996255,-4.981594869806,
    -9.855748217228));
#2458 = CARTESIAN_POINT('',(-4.53058178649,-5.276486216178,
    -9.708199651172));
#2459 = CARTESIAN_POINT('',(-4.967436058519,-5.569837228904,
    -9.557521228905));
#2460 = CARTESIAN_POINT('',(-5.405305894965,-5.86122480062,
    -9.403714850938));
#2461 = CARTESIAN_POINT('',(-5.843919269219,-6.150310419231,
    -9.246710707512));
#2462 = CARTESIAN_POINT('',(-6.283175952848,-6.436842693196,
    -9.086350077366));
#2463 = CARTESIAN_POINT('',(-6.723098340887,-6.720617620005,
    -8.922395243074));
#2464 = CARTESIAN_POINT('',(-7.401500079458,-7.152902431264,
    -8.663972469396));
#2465 = CARTESIAN_POINT('',(-7.639340293129,-7.303453188833,
    -8.572318540489));
#2466 = CARTESIAN_POINT('',(-7.877357710924,-7.453071647604,
    -8.479499633514));
#2467 = CARTESIAN_POINT('',(-8.115546873789,-7.601709323108,
    -8.385470571785));
#2468 = CARTESIAN_POINT('',(-8.35390238851,-7.749313746433,
    -8.290181925819));
#2469 = CARTESIAN_POINT('',(-8.592418901472,-7.895827770892,
    -8.193579312891));
#2470 = CARTESIAN_POINT('',(-8.831091072406,-8.041188878684,
    -8.095602696592));
#2471 = CARTESIAN_POINT('',(-9.213426652915,-8.271944802571,
    -7.93644405714));
#2472 = CARTESIAN_POINT('',(-9.356993668353,-8.358119794969,
    -7.876182432947));
#2473 = CARTESIAN_POINT('',(-9.500613314884,-8.443838467322,
    -7.81538641006));
#2474 = CARTESIAN_POINT('',(-9.644284080031,-8.529084878753,
    -7.754040838658));
#2475 = CARTESIAN_POINT('',(-9.788004224339,-8.61384204774,
    -7.692129714571));
#2476 = CARTESIAN_POINT('',(-9.931771787291,-8.698091854905,
    -7.629636070995));
#2477 = CARTESIAN_POINT('',(-10.07558459323,-8.78181494582,
    -7.566541870218));
#2478 = CARTESIAN_POINT('',(-10.28886997651,-8.905134097734,
    -7.47207732728));
#2479 = CARTESIAN_POINT('',(-10.3583096564,-8.945150033835,
    -7.441182396302));
#2480 = CARTESIAN_POINT('',(-10.42775901921,-8.985036116828,
    -7.410140952492));
#2481 = CARTESIAN_POINT('',(-10.49721776533,-9.024789934399,
    -7.378950777519));
#2482 = CARTESIAN_POINT('',(-10.56668557325,-9.064408987186,
    -7.347609584625));
#2483 = CARTESIAN_POINT('',(-10.6361620996,-9.103890688779,
    -7.316115018632));
#2484 = CARTESIAN_POINT('',(-10.70564697911,-9.14323236572,
    -7.284464655933));
#2485 = CARTESIAN_POINT('',(-10.8079306478,-9.200927606568,
    -7.237646806703));
#2486 = CARTESIAN_POINT('',(-10.84064593779,-9.219348556987,
    -7.222637750157));
#2487 = CARTESIAN_POINT('',(-10.87328570649,-9.237694118128,
    -7.207628832216));
#2488 = CARTESIAN_POINT('',(-10.9058499655,-9.255964299117,
    -7.192620050295));
#2489 = CARTESIAN_POINT('',(-10.9383387261,-9.274159108841,
    -7.17761140187));
#2490 = CARTESIAN_POINT('',(-10.9707519993,-9.292278555946,
    -7.162602884476));
#2491 = CARTESIAN_POINT('',(-11.00308979578,-9.310322648841,
    -7.147594495709));
#2492 = CARTESIAN_POINT('',(-11.05148329104,-9.337275769119,
    -7.12508210198));
#2493 = CARTESIAN_POINT('',(-11.06759558955,-9.346241306039,
    -7.117578002305));
#2494 = CARTESIAN_POINT('',(-11.0836890228,-9.355188007473,
    -7.110073933906));
#2495 = CARTESIAN_POINT('',(-11.09976359205,-9.364115874431,
    -7.102569896493));
#2496 = CARTESIAN_POINT('',(-11.11581929859,-9.373024907907,
    -7.095065889779));
#2497 = CARTESIAN_POINT('',(-11.13185614366,-9.381915108885,
    -7.087561913481));
#2498 = CARTESIAN_POINT('',(-11.1478741285,-9.390786478332,
    -7.08005796732));
#2499 = CARTESIAN_POINT('',(-11.1817770969,-9.409545462347,
    -7.064156783717));
#2500 = CARTESIAN_POINT('',(-11.19968134572,-9.41944161796,
    -7.055748285844));
#2501 = CARTESIAN_POINT('',(-11.21758599109,-9.429327430648,
    -7.047328511533));
#2502 = CARTESIAN_POINT('',(-11.23549102368,-9.439202846312,
    -7.038897413762));
#2503 = CARTESIAN_POINT('',(-11.25339643457,-9.449067810145,
    -7.030454944353));
#2504 = CARTESIAN_POINT('',(-11.27130221523,-9.458922266636,
    -7.022001053976));
#2505 = CARTESIAN_POINT('',(-11.28920835752,-9.468766159565,
    -7.013535692145));
#2506 = CARTESIAN_POINT('',(-11.3071148537,-9.478599432008,
    -7.005058807218));
#2507 = PCURVE('',#375,#2508);
#2508 = DEFINITIONAL_REPRESENTATION('',(#2509),#2561);
#2509 = B_SPLINE_CURVE_WITH_KNOTS('',8,(#2510,#2511,#2512,#2513,#2514,
    #2515,#2516,#2517,#2518,#2519,#2520,#2521,#2522,#2523,#2524,#2525,
    #2526,#2527,#2528,#2529,#2530,#2531,#2532,#2533,#2534,#2535,#2536,
    #2537,#2538,#2539,#2540,#2541,#2542,#2543,#2544,#2545,#2546,#2547,
    #2548,#2549,#2550,#2551,#2552,#2553,#2554,#2555,#2556,#2557,#2558,
    #2559,#2560),.UNSPECIFIED.,.F.,.F.,(9,7,7,7,7,7,7,9),(0.,
    0.460487962051,0.708791578474,0.858002086448,0.930016238565,
    0.963996762869,0.980987025024,1.),.UNSPECIFIED.);
#2510 = CARTESIAN_POINT('',(9.883664139478,1.));
#2511 = CARTESIAN_POINT('',(9.805573765483,0.985574821723));
#2512 = CARTESIAN_POINT('',(9.743993906113,0.970819965117));
#2513 = CARTESIAN_POINT('',(9.692688653938,0.95575212289));
#2514 = CARTESIAN_POINT('',(9.648999374846,0.940371485094));
#2515 = CARTESIAN_POINT('',(9.610918604195,0.924671070751));
#2516 = CARTESIAN_POINT('',(9.577267267784,0.908635007737));
#2517 = CARTESIAN_POINT('',(9.547097506018,0.892239524307));
#2518 = CARTESIAN_POINT('',(9.504981691237,0.86639724694));
#2519 = CARTESIAN_POINT('',(9.49104689641,0.857231854049));
#2520 = CARTESIAN_POINT('',(9.477826321404,0.847949963351));
#2521 = CARTESIAN_POINT('',(9.465232464192,0.838547057179));
#2522 = CARTESIAN_POINT('',(9.453192177778,0.829018192582));
#2523 = CARTESIAN_POINT('',(9.44164354448,0.819357931289));
#2524 = CARTESIAN_POINT('',(9.430532750224,0.809560269659));
#2525 = CARTESIAN_POINT('',(9.413368024305,0.793644405714));
#2526 = CARTESIAN_POINT('',(9.40706567182,0.787618243295));
#2527 = CARTESIAN_POINT('',(9.400893506136,0.781538641006));
#2528 = CARTESIAN_POINT('',(9.394841945,0.775404083866));
#2529 = CARTESIAN_POINT('',(9.388902118147,0.769212971457));
#2530 = CARTESIAN_POINT('',(9.38306576631,0.7629636071));
#2531 = CARTESIAN_POINT('',(9.377325140227,0.756654187022));
#2532 = CARTESIAN_POINT('',(9.368944932847,0.747207732728));
#2533 = CARTESIAN_POINT('',(9.366237554203,0.74411823963));
#2534 = CARTESIAN_POINT('',(9.363549944085,0.741014095249));
#2535 = CARTESIAN_POINT('',(9.360881302805,0.737895077752));
#2536 = CARTESIAN_POINT('',(9.358230850621,0.734760958463));
#2537 = CARTESIAN_POINT('',(9.355597827739,0.731611501863));
#2538 = CARTESIAN_POINT('',(9.352981494311,0.728446465593));
#2539 = CARTESIAN_POINT('',(9.349154125392,0.72376468067));
#2540 = CARTESIAN_POINT('',(9.347933568253,0.722263775016));
#2541 = CARTESIAN_POINT('',(9.346719351328,0.720762883222));
#2542 = CARTESIAN_POINT('',(9.345511369217,0.719262005029));
#2543 = CARTESIAN_POINT('',(9.344309518803,0.717761140187));
#2544 = CARTESIAN_POINT('',(9.343113699261,0.716260288448));
#2545 = CARTESIAN_POINT('',(9.341923812052,0.714759449571));
#2546 = CARTESIAN_POINT('',(9.340147735358,0.712508210198));
#2547 = CARTESIAN_POINT('',(9.339557168791,0.711757800231));
#2548 = CARTESIAN_POINT('',(9.338968049174,0.711007393391));
#2549 = CARTESIAN_POINT('',(9.338380364588,0.710256989649));
#2550 = CARTESIAN_POINT('',(9.337794103242,0.709506588978));
#2551 = CARTESIAN_POINT('',(9.337209253473,0.708756191348));
#2552 = CARTESIAN_POINT('',(9.336625803748,0.708005796732));
#2553 = CARTESIAN_POINT('',(9.335392386443,0.706415678372));
#2554 = CARTESIAN_POINT('',(9.33474187774,0.705574874151));
#2555 = CARTESIAN_POINT('',(9.334092227213,0.704732930204));
#2556 = CARTESIAN_POINT('',(9.333443435782,0.703889809657));
#2557 = CARTESIAN_POINT('',(9.332795494627,0.703045500996));
#2558 = CARTESIAN_POINT('',(9.332148385188,0.702200018066));
#2559 = CARTESIAN_POINT('',(9.331502079163,0.701353400072));
#2560 = CARTESIAN_POINT('',(9.330856538511,0.700505711579));
#2561 = ( GEOMETRIC_REPRESENTATION_CONTEXT(2) 
PARAMETRIC_REPRESENTATION_CONTEXT() REPRESENTATION_CONTEXT('2D SPACE',''
  ) );
#2562 = PCURVE('',#2563,#2568);
#2563 = PLANE('',#2564);
#2564 = AXIS2_PLACEMENT_3D('',#2565,#2566,#2567);
#2565 = CARTESIAN_POINT('',(-7.,9.797295389132,8.712160158588));
#2566 = DIRECTION('',(-0.586509812152,0.586509812152,-0.558580773478));
#2567 = DIRECTION('',(-0.707106781187,-0.707106781187,8.816188767719E-17
    ));
#2568 = DEFINITIONAL_REPRESENTATION('',(#2569),#2621);
#2569 = B_SPLINE_CURVE_WITH_KNOTS('',8,(#2570,#2571,#2572,#2573,#2574,
    #2575,#2576,#2577,#2578,#2579,#2580,#2581,#2582,#2583,#2584,#2585,
    #2586,#2587,#2588,#2589,#2590,#2591,#2592,#2593,#2594,#2595,#2596,
    #2597,#2598,#2599,#2600,#2601,#2602,#2603,#2604,#2605,#2606,#2607,
    #2608,#2609,#2610,#2611,#2612,#2613,#2614,#2615,#2616,#2617,#2618,
    #2619,#2620),.UNSPECIFIED.,.F.,.F.,(9,7,7,7,7,7,7,9),(0.,
    0.460487962051,0.708791578474,0.858002086448,0.930016238565,
    0.963996762869,0.980987025024,1.),.UNSPECIFIED.);
#2570 = CARTESIAN_POINT('',(7.880767575252,-22.55971692995));
#2571 = CARTESIAN_POINT('',(8.396227112451,-22.38580438547));
#2572 = CARTESIAN_POINT('',(8.912630826881,-22.20791717974));
#2573 = CARTESIAN_POINT('',(9.42896393539,-22.02625656306));
#2574 = CARTESIAN_POINT('',(9.944626793931,-21.84082482672));
#2575 = CARTESIAN_POINT('',(10.459187686449,-21.65153780681));
#2576 = CARTESIAN_POINT('',(10.972397980074,-21.45820414612));
#2577 = CARTESIAN_POINT('',(11.484129258929,-21.26053724826));
#2578 = CARTESIAN_POINT('',(12.269503250087,-20.94897810313));
#2579 = CARTESIAN_POINT('',(12.544137139603,-20.83847847754));
#2580 = CARTESIAN_POINT('',(12.818237096554,-20.72657433342));
#2581 = CARTESIAN_POINT('',(13.091764977109,-20.61321120496));
#2582 = CARTESIAN_POINT('',(13.364679866568,-20.49832949909));
#2583 = CARTESIAN_POINT('',(13.636937570543,-20.381863651));
#2584 = CARTESIAN_POINT('',(13.90849010613,-20.26374127973));
#2585 = CARTESIAN_POINT('',(14.342011266377,-20.07185676065));
#2586 = CARTESIAN_POINT('',(14.504463398041,-19.99920426238));
#2587 = CARTESIAN_POINT('',(14.66663007851,-19.92590748344));
#2588 = CARTESIAN_POINT('',(14.828498966398,-19.85194815891));
#2589 = CARTESIAN_POINT('',(14.990056823976,-19.77730699389));
#2590 = CARTESIAN_POINT('',(15.151289452614,-19.7019635329));
#2591 = CARTESIAN_POINT('',(15.312181628244,-19.62589602934));
#2592 = CARTESIAN_POINT('',(15.550196977661,-19.5120078769));
#2593 = CARTESIAN_POINT('',(15.627593785966,-19.4747603923));
#2594 = CARTESIAN_POINT('',(15.704905621119,-19.43733626919));
#2595 = CARTESIAN_POINT('',(15.782130565494,-19.39973283311));
#2596 = CARTESIAN_POINT('',(15.85926662444,-19.36194732711));
#2597 = CARTESIAN_POINT('',(15.936311726283,-19.32397691174));
#2598 = CARTESIAN_POINT('',(16.013263722324,-19.28581866507));
#2599 = CARTESIAN_POINT('',(16.126385894103,-19.22937422375));
#2600 = CARTESIAN_POINT('',(16.162544676458,-19.21127903516));
#2601 = CARTESIAN_POINT('',(16.198596748932,-19.19318401367));
#2602 = CARTESIAN_POINT('',(16.234542126173,-19.17508915617));
#2603 = CARTESIAN_POINT('',(16.270380822447,-19.15699445961));
#2604 = CARTESIAN_POINT('',(16.306112851643,-19.13889992103));
#2605 = CARTESIAN_POINT('',(16.341738227271,-19.12080553753));
#2606 = CARTESIAN_POINT('',(16.395016330056,-19.09366419063));
#2607 = CARTESIAN_POINT('',(16.412749037549,-19.08461711306));
#2608 = CARTESIAN_POINT('',(16.430455086581,-19.0755700732));
#2609 = CARTESIAN_POINT('',(16.448134478774,-19.06652307069));
#2610 = CARTESIAN_POINT('',(16.465787215729,-19.0574761052));
#2611 = CARTESIAN_POINT('',(16.483413299025,-19.04842917637));
#2612 = CARTESIAN_POINT('',(16.50101273022,-19.03938228388));
#2613 = CARTESIAN_POINT('',(16.538250353882,-19.02021153085));
#2614 = CARTESIAN_POINT('',(16.557908208379,-19.01007409455));
#2615 = CARTESIAN_POINT('',(16.577559029721,-18.99992306316));
#2616 = CARTESIAN_POINT('',(16.597202773065,-18.98975838001));
#2617 = CARTESIAN_POINT('',(16.616839393347,-18.979579987));
#2618 = CARTESIAN_POINT('',(16.636468845283,-18.96938782467));
#2619 = CARTESIAN_POINT('',(16.656091083367,-18.95918183215));
#2620 = CARTESIAN_POINT('',(16.675706061872,-18.94896194718));
#2621 = ( GEOMETRIC_REPRESENTATION_CONTEXT(2) 
PARAMETRIC_REPRESENTATION_CONTEXT() REPRESENTATION_CONTEXT('2D SPACE',''
  ) );
#2622 = ORIENTED_EDGE('',*,*,#2623,.F.);
#2623 = EDGE_CURVE('',#2624,#2452,#2626,.T.);
#2624 = VERTEX_POINT('',#2625);
#2625 = CARTESIAN_POINT('',(-4.884830830731,-6.954733923925,
    -9.402470620121));
#2626 = SURFACE_CURVE('',#2627,(#2638,#2652),.PCURVE_S1.);
#2627 = B_SPLINE_CURVE_WITH_KNOTS('',5,(#2628,#2629,#2630,#2631,#2632,
    #2633,#2634,#2635,#2636,#2637),.UNSPECIFIED.,.F.,.F.,(6,4,6),(0.,
    0.920825023428,1.),.UNSPECIFIED.);
#2628 = CARTESIAN_POINT('',(-4.884830830731,-6.954733923925,
    -9.402470620121));
#2629 = CARTESIAN_POINT('',(-5.179631304494,-6.887081106085,
    -9.331435161389));
#2630 = CARTESIAN_POINT('',(-5.476085230802,-6.818318239835,
    -9.259234151827));
#2631 = CARTESIAN_POINT('',(-5.773728547173,-6.748524989432,
    -9.185951238904));
#2632 = CARTESIAN_POINT('',(-6.072225471372,-6.677753386181,
    -9.11164105549));
#2633 = CARTESIAN_POINT('',(-6.397075244456,-6.599859496314,
    -9.029852471129));
#2634 = CARTESIAN_POINT('',(-6.422799849108,-6.593685200111,
    -9.023369460117));
#2635 = CARTESIAN_POINT('',(-6.44852894224,-6.587503870097,
    -9.016879063601));
#2636 = CARTESIAN_POINT('',(-6.474262376462,-6.581315522754,
    -9.010381298891));
#2637 = CARTESIAN_POINT('',(-6.5,-6.575120175563,-9.003876184341));
#2638 = PCURVE('',#375,#2639);
#2639 = DEFINITIONAL_REPRESENTATION('',(#2640),#2651);
#2640 = B_SPLINE_CURVE_WITH_KNOTS('',5,(#2641,#2642,#2643,#2644,#2645,
    #2646,#2647,#2648,#2649,#2650),.UNSPECIFIED.,.F.,.F.,(6,4,6),(0.,
    0.920825023428,1.),.UNSPECIFIED.);
#2641 = CARTESIAN_POINT('',(10.,0.940247062012));
#2642 = CARTESIAN_POINT('',(9.90655400098,0.933143516139));
#2643 = CARTESIAN_POINT('',(9.820045877266,0.925923415183));
#2644 = CARTESIAN_POINT('',(9.73958142053,0.91859512389));
#2645 = CARTESIAN_POINT('',(9.664434785338,0.911164105549));
#2646 = CARTESIAN_POINT('',(9.587945352947,0.902985247113));
#2647 = CARTESIAN_POINT('',(9.58192414216,0.902336946335));
#2648 = CARTESIAN_POINT('',(9.575937430993,0.90168790651));
#2649 = CARTESIAN_POINT('',(9.569984839576,0.901038129457));
#2650 = CARTESIAN_POINT('',(9.564065946779,0.900387618002));
#2651 = ( GEOMETRIC_REPRESENTATION_CONTEXT(2) 
PARAMETRIC_REPRESENTATION_CONTEXT() REPRESENTATION_CONTEXT('2D SPACE',''
  ) );
#2652 = PCURVE('',#1599,#2653);
#2653 = DEFINITIONAL_REPRESENTATION('',(#2654),#2665);
#2654 = B_SPLINE_CURVE_WITH_KNOTS('',5,(#2655,#2656,#2657,#2658,#2659,
    #2660,#2661,#2662,#2663,#2664),.UNSPECIFIED.,.F.,.F.,(6,4,6),(0.,
    0.920825023428,1.),.UNSPECIFIED.);
#2655 = CARTESIAN_POINT('',(11.384830830731,7.729921524594));
#2656 = CARTESIAN_POINT('',(11.679631304494,7.828018110463));
#2657 = CARTESIAN_POINT('',(11.976085230802,7.927724266524));
#2658 = CARTESIAN_POINT('',(12.273728547173,8.028924479609));
#2659 = CARTESIAN_POINT('',(12.572225471372,8.131543304323));
#2660 = CARTESIAN_POINT('',(12.897075244456,8.244489444631));
#2661 = CARTESIAN_POINT('',(12.922799849108,8.253442174125));
#2662 = CARTESIAN_POINT('',(12.94852894224,8.262405102646));
#2663 = CARTESIAN_POINT('',(12.974262376462,8.271378206293));
#2664 = CARTESIAN_POINT('',(13.,8.28036145972));
#2665 = ( GEOMETRIC_REPRESENTATION_CONTEXT(2) 
PARAMETRIC_REPRESENTATION_CONTEXT() REPRESENTATION_CONTEXT('2D SPACE',''
  ) );
#2666 = ORIENTED_EDGE('',*,*,#2667,.T.);
#2667 = EDGE_CURVE('',#2624,#1326,#2668,.T.);
#2668 = SURFACE_CURVE('',#2669,(#2673,#2680),.PCURVE_S1.);
#2669 = B_SPLINE_CURVE_WITH_KNOTS('',2,(#2670,#2671,#2672),
  .UNSPECIFIED.,.F.,.F.,(3,3),(0.,1.),.PIECEWISE_BEZIER_KNOTS.);
#2670 = CARTESIAN_POINT('',(-14.142,-21.213,0.));
#2671 = CARTESIAN_POINT('',(-15.203,-22.2745,-5.));
#2672 = CARTESIAN_POINT('',(-3.536,-4.95,-10.));
#2673 = PCURVE('',#375,#2674);
#2674 = DEFINITIONAL_REPRESENTATION('',(#2675),#2679);
#2675 = LINE('',#2676,#2677);
#2676 = CARTESIAN_POINT('',(10.,0.));
#2677 = VECTOR('',#2678,1.);
#2678 = DIRECTION('',(0.,1.));
#2679 = ( GEOMETRIC_REPRESENTATION_CONTEXT(2) 
PARAMETRIC_REPRESENTATION_CONTEXT() REPRESENTATION_CONTEXT('2D SPACE',''
  ) );
#2680 = PCURVE('',#1360,#2681);
#2681 = DEFINITIONAL_REPRESENTATION('',(#2682),#2686);
#2682 = LINE('',#2683,#2684);
#2683 = CARTESIAN_POINT('',(10.,0.));
#2684 = VECTOR('',#2685,1.);
#2685 = DIRECTION('',(0.,1.));
#2686 = ( GEOMETRIC_REPRESENTATION_CONTEXT(2) 
PARAMETRIC_REPRESENTATION_CONTEXT() REPRESENTATION_CONTEXT('2D SPACE',''
  ) );
#2687 = ORIENTED_EDGE('',*,*,#1325,.F.);
#2688 = ADVANCED_FACE('',(#2689),#319,.F.);
#2689 = FACE_BOUND('',#2690,.F.);
#2690 = EDGE_LOOP('',(#2691,#2692,#2713,#2714));
#2691 = ORIENTED_EDGE('',*,*,#305,.T.);
#2692 = ORIENTED_EDGE('',*,*,#2693,.T.);
#2693 = EDGE_CURVE('',#306,#1284,#2694,.T.);
#2694 = SURFACE_CURVE('',#2695,(#2699,#2706),.PCURVE_S1.);
#2695 = B_SPLINE_CURVE_WITH_KNOTS('',2,(#2696,#2697,#2698),
  .UNSPECIFIED.,.F.,.F.,(3,3),(0.,1.),.PIECEWISE_BEZIER_KNOTS.);
#2696 = CARTESIAN_POINT('',(-20.,0.,0.));
#2697 = CARTESIAN_POINT('',(-21.5,0.,-5.));
#2698 = CARTESIAN_POINT('',(-5.,0.,-10.));
#2699 = PCURVE('',#319,#2700);
#2700 = DEFINITIONAL_REPRESENTATION('',(#2701),#2705);
#2701 = LINE('',#2702,#2703);
#2702 = CARTESIAN_POINT('',(8.,0.));
#2703 = VECTOR('',#2704,1.);
#2704 = DIRECTION('',(0.,1.));
#2705 = ( GEOMETRIC_REPRESENTATION_CONTEXT(2) 
PARAMETRIC_REPRESENTATION_CONTEXT() REPRESENTATION_CONTEXT('2D SPACE',''
  ) );
#2706 = PCURVE('',#347,#2707);
#2707 = DEFINITIONAL_REPRESENTATION('',(#2708),#2712);
#2708 = LINE('',#2709,#2710);
#2709 = CARTESIAN_POINT('',(8.,0.));
#2710 = VECTOR('',#2711,1.);
#2711 = DIRECTION('',(0.,1.));
#2712 = ( GEOMETRIC_REPRESENTATION_CONTEXT(2) 
PARAMETRIC_REPRESENTATION_CONTEXT() REPRESENTATION_CONTEXT('2D SPACE',''
  ) );
#2713 = ORIENTED_EDGE('',*,*,#1283,.F.);
#2714 = ORIENTED_EDGE('',*,*,#2285,.F.);
#2715 = ADVANCED_FACE('',(#2716),#347,.F.);
#2716 = FACE_BOUND('',#2717,.F.);
#2717 = EDGE_LOOP('',(#2718,#2719,#2720,#2721));
#2718 = ORIENTED_EDGE('',*,*,#333,.T.);
#2719 = ORIENTED_EDGE('',*,*,#2311,.T.);
#2720 = ORIENTED_EDGE('',*,*,#1304,.F.);
#2721 = ORIENTED_EDGE('',*,*,#2693,.F.);
#2722 = ADVANCED_FACE('',(#2723),#572,.T.);
#2723 = FACE_BOUND('',#2724,.T.);
#2724 = EDGE_LOOP('',(#2725,#2748,#2749,#2772));
#2725 = ORIENTED_EDGE('',*,*,#2726,.F.);
#2726 = EDGE_CURVE('',#553,#2727,#2729,.T.);
#2727 = VERTEX_POINT('',#2728);
#2728 = CARTESIAN_POINT('',(3.234,2.105,-9.));
#2729 = SURFACE_CURVE('',#2730,(#2734,#2741),.PCURVE_S1.);
#2730 = B_SPLINE_CURVE_WITH_KNOTS('',2,(#2731,#2732,#2733),
  .UNSPECIFIED.,.F.,.F.,(3,3),(0.,1.),.PIECEWISE_BEZIER_KNOTS.);
#2731 = CARTESIAN_POINT('',(17.092,10.906,1.));
#2732 = CARTESIAN_POINT('',(18.477,11.4805,-4.));
#2733 = CARTESIAN_POINT('',(3.234,2.105,-9.));
#2734 = PCURVE('',#572,#2735);
#2735 = DEFINITIONAL_REPRESENTATION('',(#2736),#2740);
#2736 = LINE('',#2737,#2738);
#2737 = CARTESIAN_POINT('',(1.,0.));
#2738 = VECTOR('',#2739,1.);
#2739 = DIRECTION('',(0.,1.));
#2740 = ( GEOMETRIC_REPRESENTATION_CONTEXT(2) 
PARAMETRIC_REPRESENTATION_CONTEXT() REPRESENTATION_CONTEXT('2D SPACE',''
  ) );
#2741 = PCURVE('',#608,#2742);
#2742 = DEFINITIONAL_REPRESENTATION('',(#2743),#2747);
#2743 = LINE('',#2744,#2745);
#2744 = CARTESIAN_POINT('',(1.,0.));
#2745 = VECTOR('',#2746,1.);
#2746 = DIRECTION('',(0.,1.));
#2747 = ( GEOMETRIC_REPRESENTATION_CONTEXT(2) 
PARAMETRIC_REPRESENTATION_CONTEXT() REPRESENTATION_CONTEXT('2D SPACE',''
  ) );
#2748 = ORIENTED_EDGE('',*,*,#550,.F.);
#2749 = ORIENTED_EDGE('',*,*,#2750,.T.);
#2750 = EDGE_CURVE('',#551,#2751,#2753,.T.);
#2751 = VERTEX_POINT('',#2752);
#2752 = CARTESIAN_POINT('',(2.475,3.889,-9.));
#2753 = SURFACE_CURVE('',#2754,(#2758,#2765),.PCURVE_S1.);
#2754 = B_SPLINE_CURVE_WITH_KNOTS('',2,(#2755,#2756,#2757),
  .UNSPECIFIED.,.F.,.F.,(3,3),(0.,1.),.PIECEWISE_BEZIER_KNOTS.);
#2755 = CARTESIAN_POINT('',(13.081,20.153,1.));
#2756 = CARTESIAN_POINT('',(14.142,21.213,-4.));
#2757 = CARTESIAN_POINT('',(2.475,3.889,-9.));
#2758 = PCURVE('',#572,#2759);
#2759 = DEFINITIONAL_REPRESENTATION('',(#2760),#2764);
#2760 = LINE('',#2761,#2762);
#2761 = CARTESIAN_POINT('',(2.,0.));
#2762 = VECTOR('',#2763,1.);
#2763 = DIRECTION('',(0.,1.));
#2764 = ( GEOMETRIC_REPRESENTATION_CONTEXT(2) 
PARAMETRIC_REPRESENTATION_CONTEXT() REPRESENTATION_CONTEXT('2D SPACE',''
  ) );
#2765 = PCURVE('',#1110,#2766);
#2766 = DEFINITIONAL_REPRESENTATION('',(#2767),#2771);
#2767 = LINE('',#2768,#2769);
#2768 = CARTESIAN_POINT('',(2.,0.));
#2769 = VECTOR('',#2770,1.);
#2770 = DIRECTION('',(0.,1.));
#2771 = ( GEOMETRIC_REPRESENTATION_CONTEXT(2) 
PARAMETRIC_REPRESENTATION_CONTEXT() REPRESENTATION_CONTEXT('2D SPACE',''
  ) );
#2772 = ORIENTED_EDGE('',*,*,#2773,.F.);
#2773 = EDGE_CURVE('',#2727,#2751,#2774,.T.);
#2774 = SURFACE_CURVE('',#2775,(#2778,#2785),.PCURVE_S1.);
#2775 = B_SPLINE_CURVE_WITH_KNOTS('',1,(#2776,#2777),.UNSPECIFIED.,.F.,
  .F.,(2,2),(1.,2.),.PIECEWISE_BEZIER_KNOTS.);
#2776 = CARTESIAN_POINT('',(3.234,2.105,-9.));
#2777 = CARTESIAN_POINT('',(2.475,3.889,-9.));
#2778 = PCURVE('',#572,#2779);
#2779 = DEFINITIONAL_REPRESENTATION('',(#2780),#2784);
#2780 = LINE('',#2781,#2782);
#2781 = CARTESIAN_POINT('',(0.,1.));
#2782 = VECTOR('',#2783,1.);
#2783 = DIRECTION('',(1.,0.));
#2784 = ( GEOMETRIC_REPRESENTATION_CONTEXT(2) 
PARAMETRIC_REPRESENTATION_CONTEXT() REPRESENTATION_CONTEXT('2D SPACE',''
  ) );
#2785 = PCURVE('',#2786,#2791);
#2786 = PLANE('',#2787);
#2787 = AXIS2_PLACEMENT_3D('',#2788,#2789,#2790);
#2788 = CARTESIAN_POINT('',(3.5,0.,-9.));
#2789 = DIRECTION('',(0.,0.,1.));
#2790 = DIRECTION('',(-0.838106958918,0.545505935269,0.));
#2791 = DEFINITIONAL_REPRESENTATION('',(#2792),#2795);
#2792 = B_SPLINE_CURVE_WITH_KNOTS('',1,(#2793,#2794),.UNSPECIFIED.,.F.,
  .F.,(2,2),(1.,2.),.PIECEWISE_BEZIER_KNOTS.);
#2793 = CARTESIAN_POINT('',(1.371226444813,-1.61911056974));
#2794 = CARTESIAN_POINT('',(2.980532215151,-2.700254379581));
#2795 = ( GEOMETRIC_REPRESENTATION_CONTEXT(2) 
PARAMETRIC_REPRESENTATION_CONTEXT() REPRESENTATION_CONTEXT('2D SPACE',''
  ) );
#2796 = ADVANCED_FACE('',(#2797),#1110,.T.);
#2797 = FACE_BOUND('',#2798,.T.);
#2798 = EDGE_LOOP('',(#2799,#2800,#2801,#2824));
#2799 = ORIENTED_EDGE('',*,*,#2750,.F.);
#2800 = ORIENTED_EDGE('',*,*,#1092,.F.);
#2801 = ORIENTED_EDGE('',*,*,#2802,.T.);
#2802 = EDGE_CURVE('',#1057,#2803,#2805,.T.);
#2803 = VERTEX_POINT('',#2804);
#2804 = CARTESIAN_POINT('',(1.339,5.081,-9.));
#2805 = SURFACE_CURVE('',#2806,(#2810,#2817),.PCURVE_S1.);
#2806 = B_SPLINE_CURVE_WITH_KNOTS('',2,(#2807,#2808,#2809),
  .UNSPECIFIED.,.F.,.F.,(3,3),(0.,1.),.PIECEWISE_BEZIER_KNOTS.);
#2807 = CARTESIAN_POINT('',(7.08,26.331,1.));
#2808 = CARTESIAN_POINT('',(7.6545,27.716,-4.));
#2809 = CARTESIAN_POINT('',(1.339,5.081,-9.));
#2810 = PCURVE('',#1110,#2811);
#2811 = DEFINITIONAL_REPRESENTATION('',(#2812),#2816);
#2812 = LINE('',#2813,#2814);
#2813 = CARTESIAN_POINT('',(3.,0.));
#2814 = VECTOR('',#2815,1.);
#2815 = DIRECTION('',(0.,1.));
#2816 = ( GEOMETRIC_REPRESENTATION_CONTEXT(2) 
PARAMETRIC_REPRESENTATION_CONTEXT() REPRESENTATION_CONTEXT('2D SPACE',''
  ) );
#2817 = PCURVE('',#1076,#2818);
#2818 = DEFINITIONAL_REPRESENTATION('',(#2819),#2823);
#2819 = LINE('',#2820,#2821);
#2820 = CARTESIAN_POINT('',(3.,0.));
#2821 = VECTOR('',#2822,1.);
#2822 = DIRECTION('',(0.,1.));
#2823 = ( GEOMETRIC_REPRESENTATION_CONTEXT(2) 
PARAMETRIC_REPRESENTATION_CONTEXT() REPRESENTATION_CONTEXT('2D SPACE',''
  ) );
#2824 = ORIENTED_EDGE('',*,*,#2825,.F.);
#2825 = EDGE_CURVE('',#2751,#2803,#2826,.T.);
#2826 = SURFACE_CURVE('',#2827,(#2830,#2837),.PCURVE_S1.);
#2827 = B_SPLINE_CURVE_WITH_KNOTS('',1,(#2828,#2829),.UNSPECIFIED.,.F.,
  .F.,(2,2),(2.,3.),.PIECEWISE_BEZIER_KNOTS.);
#2828 = CARTESIAN_POINT('',(2.475,3.889,-9.));
#2829 = CARTESIAN_POINT('',(1.339,5.081,-9.));
#2830 = PCURVE('',#1110,#2831);
#2831 = DEFINITIONAL_REPRESENTATION('',(#2832),#2836);
#2832 = LINE('',#2833,#2834);
#2833 = CARTESIAN_POINT('',(0.,1.));
#2834 = VECTOR('',#2835,1.);
#2835 = DIRECTION('',(1.,0.));
#2836 = ( GEOMETRIC_REPRESENTATION_CONTEXT(2) 
PARAMETRIC_REPRESENTATION_CONTEXT() REPRESENTATION_CONTEXT('2D SPACE',''
  ) );
#2837 = PCURVE('',#2786,#2838);
#2838 = DEFINITIONAL_REPRESENTATION('',(#2839),#2842);
#2839 = B_SPLINE_CURVE_WITH_KNOTS('',1,(#2840,#2841),.UNSPECIFIED.,.F.,
  .F.,(2,2),(2.,3.),.PIECEWISE_BEZIER_KNOTS.);
#2840 = CARTESIAN_POINT('',(2.980532215151,-2.700254379581));
#2841 = CARTESIAN_POINT('',(4.582864795322,-3.079583132145));
#2842 = ( GEOMETRIC_REPRESENTATION_CONTEXT(2) 
PARAMETRIC_REPRESENTATION_CONTEXT() REPRESENTATION_CONTEXT('2D SPACE',''
  ) );
#2843 = ADVANCED_FACE('',(#2844),#1076,.T.);
#2844 = FACE_BOUND('',#2845,.T.);
#2845 = EDGE_LOOP('',(#2846,#2847,#2848,#2871));
#2846 = ORIENTED_EDGE('',*,*,#2802,.F.);
#2847 = ORIENTED_EDGE('',*,*,#1056,.F.);
#2848 = ORIENTED_EDGE('',*,*,#2849,.T.);
#2849 = EDGE_CURVE('',#1021,#2850,#2852,.T.);
#2850 = VERTEX_POINT('',#2851);
#2851 = CARTESIAN_POINT('',(0.,5.5,-9.));
#2852 = SURFACE_CURVE('',#2853,(#2857,#2864),.PCURVE_S1.);
#2853 = B_SPLINE_CURVE_WITH_KNOTS('',2,(#2854,#2855,#2856),
  .UNSPECIFIED.,.F.,.F.,(3,3),(0.,1.),.PIECEWISE_BEZIER_KNOTS.);
#2854 = CARTESIAN_POINT('',(0.,28.5,1.));
#2855 = CARTESIAN_POINT('',(0.,30.,-4.));
#2856 = CARTESIAN_POINT('',(0.,5.5,-9.));
#2857 = PCURVE('',#1076,#2858);
#2858 = DEFINITIONAL_REPRESENTATION('',(#2859),#2863);
#2859 = LINE('',#2860,#2861);
#2860 = CARTESIAN_POINT('',(4.,0.));
#2861 = VECTOR('',#2862,1.);
#2862 = DIRECTION('',(0.,1.));
#2863 = ( GEOMETRIC_REPRESENTATION_CONTEXT(2) 
PARAMETRIC_REPRESENTATION_CONTEXT() REPRESENTATION_CONTEXT('2D SPACE',''
  ) );
#2864 = PCURVE('',#1040,#2865);
#2865 = DEFINITIONAL_REPRESENTATION('',(#2866),#2870);
#2866 = LINE('',#2867,#2868);
#2867 = CARTESIAN_POINT('',(4.,0.));
#2868 = VECTOR('',#2869,1.);
#2869 = DIRECTION('',(0.,1.));
#2870 = ( GEOMETRIC_REPRESENTATION_CONTEXT(2) 
PARAMETRIC_REPRESENTATION_CONTEXT() REPRESENTATION_CONTEXT('2D SPACE',''
  ) );
#2871 = ORIENTED_EDGE('',*,*,#2872,.F.);
#2872 = EDGE_CURVE('',#2803,#2850,#2873,.T.);
#2873 = SURFACE_CURVE('',#2874,(#2877,#2884),.PCURVE_S1.);
#2874 = B_SPLINE_CURVE_WITH_KNOTS('',1,(#2875,#2876),.UNSPECIFIED.,.F.,
  .F.,(2,2),(3.,4.),.PIECEWISE_BEZIER_KNOTS.);
#2875 = CARTESIAN_POINT('',(1.339,5.081,-9.));
#2876 = CARTESIAN_POINT('',(0.,5.5,-9.));
#2877 = PCURVE('',#1076,#2878);
#2878 = DEFINITIONAL_REPRESENTATION('',(#2879),#2883);
#2879 = LINE('',#2880,#2881);
#2880 = CARTESIAN_POINT('',(0.,1.));
#2881 = VECTOR('',#2882,1.);
#2882 = DIRECTION('',(1.,0.));
#2883 = ( GEOMETRIC_REPRESENTATION_CONTEXT(2) 
PARAMETRIC_REPRESENTATION_CONTEXT() REPRESENTATION_CONTEXT('2D SPACE',''
  ) );
#2884 = PCURVE('',#2786,#2885);
#2885 = DEFINITIONAL_REPRESENTATION('',(#2886),#2889);
#2886 = B_SPLINE_CURVE_WITH_KNOTS('',1,(#2887,#2888),.UNSPECIFIED.,.F.,
  .F.,(2,2),(3.,4.),.PIECEWISE_BEZIER_KNOTS.);
#2887 = CARTESIAN_POINT('',(4.582864795322,-3.079583132145));
#2888 = CARTESIAN_POINT('',(5.933657000191,-2.700317500607));
#2889 = ( GEOMETRIC_REPRESENTATION_CONTEXT(2) 
PARAMETRIC_REPRESENTATION_CONTEXT() REPRESENTATION_CONTEXT('2D SPACE',''
  ) );
#2890 = ADVANCED_FACE('',(#2891),#1040,.T.);
#2891 = FACE_BOUND('',#2892,.T.);
#2892 = EDGE_LOOP('',(#2893,#2894,#2895,#2918));
#2893 = ORIENTED_EDGE('',*,*,#2849,.F.);
#2894 = ORIENTED_EDGE('',*,*,#1020,.F.);
#2895 = ORIENTED_EDGE('',*,*,#2896,.T.);
#2896 = EDGE_CURVE('',#985,#2897,#2899,.T.);
#2897 = VERTEX_POINT('',#2898);
#2898 = CARTESIAN_POINT('',(-1.339,5.081,-9.));
#2899 = SURFACE_CURVE('',#2900,(#2904,#2911),.PCURVE_S1.);
#2900 = B_SPLINE_CURVE_WITH_KNOTS('',2,(#2901,#2902,#2903),
  .UNSPECIFIED.,.F.,.F.,(3,3),(0.,1.),.PIECEWISE_BEZIER_KNOTS.);
#2901 = CARTESIAN_POINT('',(-7.08,26.331,1.));
#2902 = CARTESIAN_POINT('',(-7.6545,27.716,-4.));
#2903 = CARTESIAN_POINT('',(-1.339,5.081,-9.));
#2904 = PCURVE('',#1040,#2905);
#2905 = DEFINITIONAL_REPRESENTATION('',(#2906),#2910);
#2906 = LINE('',#2907,#2908);
#2907 = CARTESIAN_POINT('',(5.,0.));
#2908 = VECTOR('',#2909,1.);
#2909 = DIRECTION('',(0.,1.));
#2910 = ( GEOMETRIC_REPRESENTATION_CONTEXT(2) 
PARAMETRIC_REPRESENTATION_CONTEXT() REPRESENTATION_CONTEXT('2D SPACE',''
  ) );
#2911 = PCURVE('',#1004,#2912);
#2912 = DEFINITIONAL_REPRESENTATION('',(#2913),#2917);
#2913 = LINE('',#2914,#2915);
#2914 = CARTESIAN_POINT('',(5.,0.));
#2915 = VECTOR('',#2916,1.);
#2916 = DIRECTION('',(0.,1.));
#2917 = ( GEOMETRIC_REPRESENTATION_CONTEXT(2) 
PARAMETRIC_REPRESENTATION_CONTEXT() REPRESENTATION_CONTEXT('2D SPACE',''
  ) );
#2918 = ORIENTED_EDGE('',*,*,#2919,.F.);
#2919 = EDGE_CURVE('',#2850,#2897,#2920,.T.);
#2920 = SURFACE_CURVE('',#2921,(#2924,#2931),.PCURVE_S1.);
#2921 = B_SPLINE_CURVE_WITH_KNOTS('',1,(#2922,#2923),.UNSPECIFIED.,.F.,
  .F.,(2,2),(4.,5.),.PIECEWISE_BEZIER_KNOTS.);
#2922 = CARTESIAN_POINT('',(0.,5.5,-9.));
#2923 = CARTESIAN_POINT('',(-1.339,5.081,-9.));
#2924 = PCURVE('',#1040,#2925);
#2925 = DEFINITIONAL_REPRESENTATION('',(#2926),#2930);
#2926 = LINE('',#2927,#2928);
#2927 = CARTESIAN_POINT('',(0.,1.));
#2928 = VECTOR('',#2929,1.);
#2929 = DIRECTION('',(1.,0.));
#2930 = ( GEOMETRIC_REPRESENTATION_CONTEXT(2) 
PARAMETRIC_REPRESENTATION_CONTEXT() REPRESENTATION_CONTEXT('2D SPACE',''
  ) );
#2931 = PCURVE('',#2786,#2932);
#2932 = DEFINITIONAL_REPRESENTATION('',(#2933),#2936);
#2933 = B_SPLINE_CURVE_WITH_KNOTS('',1,(#2934,#2935),.UNSPECIFIED.,.F.,
  .F.,(2,2),(4.,5.),.PIECEWISE_BEZIER_KNOTS.);
#2934 = CARTESIAN_POINT('',(5.933657000191,-2.700317500607));
#2935 = CARTESIAN_POINT('',(6.827315231304,-1.618718237495));
#2936 = ( GEOMETRIC_REPRESENTATION_CONTEXT(2) 
PARAMETRIC_REPRESENTATION_CONTEXT() REPRESENTATION_CONTEXT('2D SPACE',''
  ) );
#2937 = ADVANCED_FACE('',(#2938),#1004,.T.);
#2938 = FACE_BOUND('',#2939,.T.);
#2939 = EDGE_LOOP('',(#2940,#2941,#2942,#2965));
#2940 = ORIENTED_EDGE('',*,*,#2896,.F.);
#2941 = ORIENTED_EDGE('',*,*,#984,.F.);
#2942 = ORIENTED_EDGE('',*,*,#2943,.T.);
#2943 = EDGE_CURVE('',#949,#2944,#2946,.T.);
#2944 = VERTEX_POINT('',#2945);
#2945 = CARTESIAN_POINT('',(-2.475,3.889,-9.));
#2946 = SURFACE_CURVE('',#2947,(#2951,#2958),.PCURVE_S1.);
#2947 = B_SPLINE_CURVE_WITH_KNOTS('',2,(#2948,#2949,#2950),
  .UNSPECIFIED.,.F.,.F.,(3,3),(0.,1.),.PIECEWISE_BEZIER_KNOTS.);
#2948 = CARTESIAN_POINT('',(-13.081,20.153,1.));
#2949 = CARTESIAN_POINT('',(-14.142,21.213,-4.));
#2950 = CARTESIAN_POINT('',(-2.475,3.889,-9.));
#2951 = PCURVE('',#1004,#2952);
#2952 = DEFINITIONAL_REPRESENTATION('',(#2953),#2957);
#2953 = LINE('',#2954,#2955);
#2954 = CARTESIAN_POINT('',(6.,0.));
#2955 = VECTOR('',#2956,1.);
#2956 = DIRECTION('',(0.,1.));
#2957 = ( GEOMETRIC_REPRESENTATION_CONTEXT(2) 
PARAMETRIC_REPRESENTATION_CONTEXT() REPRESENTATION_CONTEXT('2D SPACE',''
  ) );
#2958 = PCURVE('',#968,#2959);
#2959 = DEFINITIONAL_REPRESENTATION('',(#2960),#2964);
#2960 = LINE('',#2961,#2962);
#2961 = CARTESIAN_POINT('',(6.,0.));
#2962 = VECTOR('',#2963,1.);
#2963 = DIRECTION('',(0.,1.));
#2964 = ( GEOMETRIC_REPRESENTATION_CONTEXT(2) 
PARAMETRIC_REPRESENTATION_CONTEXT() REPRESENTATION_CONTEXT('2D SPACE',''
  ) );
#2965 = ORIENTED_EDGE('',*,*,#2966,.F.);
#2966 = EDGE_CURVE('',#2897,#2944,#2967,.T.);
#2967 = SURFACE_CURVE('',#2968,(#2971,#2978),.PCURVE_S1.);
#2968 = B_SPLINE_CURVE_WITH_KNOTS('',1,(#2969,#2970),.UNSPECIFIED.,.F.,
  .F.,(2,2),(5.,6.),.PIECEWISE_BEZIER_KNOTS.);
#2969 = CARTESIAN_POINT('',(-1.339,5.081,-9.));
#2970 = CARTESIAN_POINT('',(-2.475,3.889,-9.));
#2971 = PCURVE('',#1004,#2972);
#2972 = DEFINITIONAL_REPRESENTATION('',(#2973),#2977);
#2973 = LINE('',#2974,#2975);
#2974 = CARTESIAN_POINT('',(0.,1.));
#2975 = VECTOR('',#2976,1.);
#2976 = DIRECTION('',(1.,0.));
#2977 = ( GEOMETRIC_REPRESENTATION_CONTEXT(2) 
PARAMETRIC_REPRESENTATION_CONTEXT() REPRESENTATION_CONTEXT('2D SPACE',''
  ) );
#2978 = PCURVE('',#2786,#2979);
#2979 = DEFINITIONAL_REPRESENTATION('',(#2980),#2983);
#2980 = B_SPLINE_CURVE_WITH_KNOTS('',1,(#2981,#2982),.UNSPECIFIED.,.F.,
  .F.,(2,2),(5.,6.),.PIECEWISE_BEZIER_KNOTS.);
#2981 = CARTESIAN_POINT('',(6.827315231304,-1.618718237495));
#2982 = CARTESIAN_POINT('',(7.129161661794,4.440892098501E-16));
#2983 = ( GEOMETRIC_REPRESENTATION_CONTEXT(2) 
PARAMETRIC_REPRESENTATION_CONTEXT() REPRESENTATION_CONTEXT('2D SPACE',''
  ) );
#2984 = ADVANCED_FACE('',(#2985),#968,.T.);
#2985 = FACE_BOUND('',#2986,.T.);
#2986 = EDGE_LOOP('',(#2987,#2988,#2989,#3012));
#2987 = ORIENTED_EDGE('',*,*,#2943,.F.);
#2988 = ORIENTED_EDGE('',*,*,#948,.F.);
#2989 = ORIENTED_EDGE('',*,*,#2990,.T.);
#2990 = EDGE_CURVE('',#913,#2991,#2993,.T.);
#2991 = VERTEX_POINT('',#2992);
#2992 = CARTESIAN_POINT('',(-3.234,2.105,-9.));
#2993 = SURFACE_CURVE('',#2994,(#2998,#3005),.PCURVE_S1.);
#2994 = B_SPLINE_CURVE_WITH_KNOTS('',2,(#2995,#2996,#2997),
  .UNSPECIFIED.,.F.,.F.,(3,3),(0.,1.),.PIECEWISE_BEZIER_KNOTS.);
#2995 = CARTESIAN_POINT('',(-17.092,10.906,1.));
#2996 = CARTESIAN_POINT('',(-18.477,11.4805,-4.));
#2997 = CARTESIAN_POINT('',(-3.234,2.105,-9.));
#2998 = PCURVE('',#968,#2999);
#2999 = DEFINITIONAL_REPRESENTATION('',(#3000),#3004);
#3000 = LINE('',#3001,#3002);
#3001 = CARTESIAN_POINT('',(7.,0.));
#3002 = VECTOR('',#3003,1.);
#3003 = DIRECTION('',(0.,1.));
#3004 = ( GEOMETRIC_REPRESENTATION_CONTEXT(2) 
PARAMETRIC_REPRESENTATION_CONTEXT() REPRESENTATION_CONTEXT('2D SPACE',''
  ) );
#3005 = PCURVE('',#932,#3006);
#3006 = DEFINITIONAL_REPRESENTATION('',(#3007),#3011);
#3007 = LINE('',#3008,#3009);
#3008 = CARTESIAN_POINT('',(7.,0.));
#3009 = VECTOR('',#3010,1.);
#3010 = DIRECTION('',(0.,1.));
#3011 = ( GEOMETRIC_REPRESENTATION_CONTEXT(2) 
PARAMETRIC_REPRESENTATION_CONTEXT() REPRESENTATION_CONTEXT('2D SPACE',''
  ) );
#3012 = ORIENTED_EDGE('',*,*,#3013,.F.);
#3013 = EDGE_CURVE('',#2944,#2991,#3014,.T.);
#3014 = SURFACE_CURVE('',#3015,(#3018,#3025),.PCURVE_S1.);
#3015 = B_SPLINE_CURVE_WITH_KNOTS('',1,(#3016,#3017),.UNSPECIFIED.,.F.,
  .F.,(2,2),(6.,7.),.PIECEWISE_BEZIER_KNOTS.);
#3016 = CARTESIAN_POINT('',(-2.475,3.889,-9.));
#3017 = CARTESIAN_POINT('',(-3.234,2.105,-9.));
#3018 = PCURVE('',#968,#3019);
#3019 = DEFINITIONAL_REPRESENTATION('',(#3020),#3024);
#3020 = LINE('',#3021,#3022);
#3021 = CARTESIAN_POINT('',(0.,1.));
#3022 = VECTOR('',#3023,1.);
#3023 = DIRECTION('',(1.,0.));
#3024 = ( GEOMETRIC_REPRESENTATION_CONTEXT(2) 
PARAMETRIC_REPRESENTATION_CONTEXT() REPRESENTATION_CONTEXT('2D SPACE',''
  ) );
#3025 = PCURVE('',#2786,#3026);
#3026 = DEFINITIONAL_REPRESENTATION('',(#3027),#3030);
#3027 = B_SPLINE_CURVE_WITH_KNOTS('',1,(#3028,#3029),.UNSPECIFIED.,.F.,
  .F.,(2,2),(6.,7.),.PIECEWISE_BEZIER_KNOTS.);
#3028 = CARTESIAN_POINT('',(7.129161661794,4.440892098501E-16));
#3029 = CARTESIAN_POINT('',(6.792102255093,1.909221819578));
#3030 = ( GEOMETRIC_REPRESENTATION_CONTEXT(2) 
PARAMETRIC_REPRESENTATION_CONTEXT() REPRESENTATION_CONTEXT('2D SPACE',''
  ) );
#3031 = ADVANCED_FACE('',(#3032),#932,.T.);
#3032 = FACE_BOUND('',#3033,.T.);
#3033 = EDGE_LOOP('',(#3034,#3035,#3036,#3059));
#3034 = ORIENTED_EDGE('',*,*,#2990,.F.);
#3035 = ORIENTED_EDGE('',*,*,#912,.F.);
#3036 = ORIENTED_EDGE('',*,*,#3037,.T.);
#3037 = EDGE_CURVE('',#877,#3038,#3040,.T.);
#3038 = VERTEX_POINT('',#3039);
#3039 = CARTESIAN_POINT('',(-3.5,0.,-9.));
#3040 = SURFACE_CURVE('',#3041,(#3045,#3052),.PCURVE_S1.);
#3041 = B_SPLINE_CURVE_WITH_KNOTS('',2,(#3042,#3043,#3044),
  .UNSPECIFIED.,.F.,.F.,(3,3),(0.,1.),.PIECEWISE_BEZIER_KNOTS.);
#3042 = CARTESIAN_POINT('',(-18.5,0.,1.));
#3043 = CARTESIAN_POINT('',(-20.,0.,-4.));
#3044 = CARTESIAN_POINT('',(-3.5,0.,-9.));
#3045 = PCURVE('',#932,#3046);
#3046 = DEFINITIONAL_REPRESENTATION('',(#3047),#3051);
#3047 = LINE('',#3048,#3049);
#3048 = CARTESIAN_POINT('',(8.,0.));
#3049 = VECTOR('',#3050,1.);
#3050 = DIRECTION('',(0.,1.));
#3051 = ( GEOMETRIC_REPRESENTATION_CONTEXT(2) 
PARAMETRIC_REPRESENTATION_CONTEXT() REPRESENTATION_CONTEXT('2D SPACE',''
  ) );
#3052 = PCURVE('',#896,#3053);
#3053 = DEFINITIONAL_REPRESENTATION('',(#3054),#3058);
#3054 = LINE('',#3055,#3056);
#3055 = CARTESIAN_POINT('',(8.,0.));
#3056 = VECTOR('',#3057,1.);
#3057 = DIRECTION('',(0.,1.));
#3058 = ( GEOMETRIC_REPRESENTATION_CONTEXT(2) 
PARAMETRIC_REPRESENTATION_CONTEXT() REPRESENTATION_CONTEXT('2D SPACE',''
  ) );
#3059 = ORIENTED_EDGE('',*,*,#3060,.F.);
#3060 = EDGE_CURVE('',#2991,#3038,#3061,.T.);
#3061 = SURFACE_CURVE('',#3062,(#3065,#3072),.PCURVE_S1.);
#3062 = B_SPLINE_CURVE_WITH_KNOTS('',1,(#3063,#3064),.UNSPECIFIED.,.F.,
  .F.,(2,2),(7.,8.),.PIECEWISE_BEZIER_KNOTS.);
#3063 = CARTESIAN_POINT('',(-3.234,2.105,-9.));
#3064 = CARTESIAN_POINT('',(-3.5,0.,-9.));
#3065 = PCURVE('',#932,#3066);
#3066 = DEFINITIONAL_REPRESENTATION('',(#3067),#3071);
#3067 = LINE('',#3068,#3069);
#3068 = CARTESIAN_POINT('',(0.,1.));
#3069 = VECTOR('',#3070,1.);
#3070 = DIRECTION('',(1.,0.));
#3071 = ( GEOMETRIC_REPRESENTATION_CONTEXT(2) 
PARAMETRIC_REPRESENTATION_CONTEXT() REPRESENTATION_CONTEXT('2D SPACE',''
  ) );
#3072 = PCURVE('',#2786,#3073);
#3073 = DEFINITIONAL_REPRESENTATION('',(#3074),#3077);
#3074 = B_SPLINE_CURVE_WITH_KNOTS('',1,(#3075,#3076),.UNSPECIFIED.,.F.,
  .F.,(2,2),(7.,8.),.PIECEWISE_BEZIER_KNOTS.);
#3075 = CARTESIAN_POINT('',(6.792102255093,1.909221819578));
#3076 = CARTESIAN_POINT('',(5.866748712425,3.818541546882));
#3077 = ( GEOMETRIC_REPRESENTATION_CONTEXT(2) 
PARAMETRIC_REPRESENTATION_CONTEXT() REPRESENTATION_CONTEXT('2D SPACE',''
  ) );
#3078 = ADVANCED_FACE('',(#3079),#896,.T.);
#3079 = FACE_BOUND('',#3080,.T.);
#3080 = EDGE_LOOP('',(#3081,#3082,#3083,#3106));
#3081 = ORIENTED_EDGE('',*,*,#3037,.F.);
#3082 = ORIENTED_EDGE('',*,*,#876,.F.);
#3083 = ORIENTED_EDGE('',*,*,#3084,.T.);
#3084 = EDGE_CURVE('',#841,#3085,#3087,.T.);
#3085 = VERTEX_POINT('',#3086);
#3086 = CARTESIAN_POINT('',(-3.234,-2.105,-9.));
#3087 = SURFACE_CURVE('',#3088,(#3092,#3099),.PCURVE_S1.);
#3088 = B_SPLINE_CURVE_WITH_KNOTS('',2,(#3089,#3090,#3091),
  .UNSPECIFIED.,.F.,.F.,(3,3),(0.,1.),.PIECEWISE_BEZIER_KNOTS.);
#3089 = CARTESIAN_POINT('',(-17.092,-10.906,1.));
#3090 = CARTESIAN_POINT('',(-18.477,-11.4805,-4.));
#3091 = CARTESIAN_POINT('',(-3.234,-2.105,-9.));
#3092 = PCURVE('',#896,#3093);
#3093 = DEFINITIONAL_REPRESENTATION('',(#3094),#3098);
#3094 = LINE('',#3095,#3096);
#3095 = CARTESIAN_POINT('',(9.,0.));
#3096 = VECTOR('',#3097,1.);
#3097 = DIRECTION('',(0.,1.));
#3098 = ( GEOMETRIC_REPRESENTATION_CONTEXT(2) 
PARAMETRIC_REPRESENTATION_CONTEXT() REPRESENTATION_CONTEXT('2D SPACE',''
  ) );
#3099 = PCURVE('',#860,#3100);
#3100 = DEFINITIONAL_REPRESENTATION('',(#3101),#3105);
#3101 = LINE('',#3102,#3103);
#3102 = CARTESIAN_POINT('',(9.,0.));
#3103 = VECTOR('',#3104,1.);
#3104 = DIRECTION('',(0.,1.));
#3105 = ( GEOMETRIC_REPRESENTATION_CONTEXT(2) 
PARAMETRIC_REPRESENTATION_CONTEXT() REPRESENTATION_CONTEXT('2D SPACE',''
  ) );
#3106 = ORIENTED_EDGE('',*,*,#3107,.F.);
#3107 = EDGE_CURVE('',#3038,#3085,#3108,.T.);
#3108 = SURFACE_CURVE('',#3109,(#3112,#3119),.PCURVE_S1.);
#3109 = B_SPLINE_CURVE_WITH_KNOTS('',1,(#3110,#3111),.UNSPECIFIED.,.F.,
  .F.,(2,2),(8.,9.),.PIECEWISE_BEZIER_KNOTS.);
#3110 = CARTESIAN_POINT('',(-3.5,0.,-9.));
#3111 = CARTESIAN_POINT('',(-3.234,-2.105,-9.));
#3112 = PCURVE('',#896,#3113);
#3113 = DEFINITIONAL_REPRESENTATION('',(#3114),#3118);
#3114 = LINE('',#3115,#3116);
#3115 = CARTESIAN_POINT('',(0.,1.));
#3116 = VECTOR('',#3117,1.);
#3117 = DIRECTION('',(1.,0.));
#3118 = ( GEOMETRIC_REPRESENTATION_CONTEXT(2) 
PARAMETRIC_REPRESENTATION_CONTEXT() REPRESENTATION_CONTEXT('2D SPACE',''
  ) );
#3119 = PCURVE('',#2786,#3120);
#3120 = DEFINITIONAL_REPRESENTATION('',(#3121),#3124);
#3121 = B_SPLINE_CURVE_WITH_KNOTS('',1,(#3122,#3123),.UNSPECIFIED.,.F.,
  .F.,(2,2),(8.,9.),.PIECEWISE_BEZIER_KNOTS.);
#3122 = CARTESIAN_POINT('',(5.866748712425,3.818541546882));
#3123 = CARTESIAN_POINT('',(4.495522267612,5.437652116622));
#3124 = ( GEOMETRIC_REPRESENTATION_CONTEXT(2) 
PARAMETRIC_REPRESENTATION_CONTEXT() REPRESENTATION_CONTEXT('2D SPACE',''
  ) );
#3125 = ADVANCED_FACE('',(#3126),#860,.T.);
#3126 = FACE_BOUND('',#3127,.T.);
#3127 = EDGE_LOOP('',(#3128,#3129,#3130,#3153,#3214,#3275,#3336,#3508,
    #3569,#3599));
#3128 = ORIENTED_EDGE('',*,*,#3084,.F.);
#3129 = ORIENTED_EDGE('',*,*,#840,.F.);
#3130 = ORIENTED_EDGE('',*,*,#3131,.T.);
#3131 = EDGE_CURVE('',#805,#3132,#3134,.T.);
#3132 = VERTEX_POINT('',#3133);
#3133 = CARTESIAN_POINT('',(-5.925631031897,-9.026312015127,
    -7.377627615883));
#3134 = SURFACE_CURVE('',#3135,(#3139,#3146),.PCURVE_S1.);
#3135 = B_SPLINE_CURVE_WITH_KNOTS('',2,(#3136,#3137,#3138),
  .UNSPECIFIED.,.F.,.F.,(3,3),(0.,1.),.PIECEWISE_BEZIER_KNOTS.);
#3136 = CARTESIAN_POINT('',(-13.081,-20.153,1.));
#3137 = CARTESIAN_POINT('',(-14.142,-21.213,-4.));
#3138 = CARTESIAN_POINT('',(-2.475,-3.889,-9.));
#3139 = PCURVE('',#860,#3140);
#3140 = DEFINITIONAL_REPRESENTATION('',(#3141),#3145);
#3141 = LINE('',#3142,#3143);
#3142 = CARTESIAN_POINT('',(10.,0.));
#3143 = VECTOR('',#3144,1.);
#3144 = DIRECTION('',(0.,1.));
#3145 = ( GEOMETRIC_REPRESENTATION_CONTEXT(2) 
PARAMETRIC_REPRESENTATION_CONTEXT() REPRESENTATION_CONTEXT('2D SPACE',''
  ) );
#3146 = PCURVE('',#824,#3147);
#3147 = DEFINITIONAL_REPRESENTATION('',(#3148),#3152);
#3148 = LINE('',#3149,#3150);
#3149 = CARTESIAN_POINT('',(10.,0.));
#3150 = VECTOR('',#3151,1.);
#3151 = DIRECTION('',(0.,1.));
#3152 = ( GEOMETRIC_REPRESENTATION_CONTEXT(2) 
PARAMETRIC_REPRESENTATION_CONTEXT() REPRESENTATION_CONTEXT('2D SPACE',''
  ) );
#3153 = ORIENTED_EDGE('',*,*,#3154,.T.);
#3154 = EDGE_CURVE('',#3132,#3155,#3157,.T.);
#3155 = VERTEX_POINT('',#3156);
#3156 = CARTESIAN_POINT('',(-6.5,-8.872851306942,-7.21649387229));
#3157 = SURFACE_CURVE('',#3158,(#3173,#3191),.PCURVE_S1.);
#3158 = B_SPLINE_CURVE_WITH_KNOTS('',4,(#3159,#3160,#3161,#3162,#3163,
    #3164,#3165,#3166,#3167,#3168,#3169,#3170,#3171,#3172),
  .UNSPECIFIED.,.F.,.F.,(5,3,3,3,5),(0.,0.783031307776,0.893388426027,
    0.945151739291,1.),.UNSPECIFIED.);
#3159 = CARTESIAN_POINT('',(-5.925631031897,-9.026312015127,
    -7.377627615883));
#3160 = CARTESIAN_POINT('',(-6.037870104714,-8.996590314146,
    -7.346419829853));
#3161 = CARTESIAN_POINT('',(-6.150204020397,-8.966707677484,
    -7.315043061358));
#3162 = CARTESIAN_POINT('',(-6.262615300308,-8.936664700548,
    -7.283497935575));
#3163 = CARTESIAN_POINT('',(-6.39094091494,-8.902204491267,
    -7.247314715831));
#3164 = CARTESIAN_POINT('',(-6.406793770642,-8.897944555656,
    -7.242841783439));
#3165 = CARTESIAN_POINT('',(-6.422647830727,-8.893681432062,
    -7.238365503665));
#3166 = CARTESIAN_POINT('',(-6.445939992018,-8.887413994246,
    -7.231784693958));
#3167 = CARTESIAN_POINT('',(-6.453389015942,-8.885408983697,
    -7.229679432882));
#3168 = CARTESIAN_POINT('',(-6.460850167105,-8.88340007164,
    -7.227570075222));
#3169 = CARTESIAN_POINT('',(-6.476242193968,-8.879254451997,
    -7.223217174597));
#3170 = CARTESIAN_POINT('',(-6.48416116309,-8.877120872593,
    -7.220976916223));
#3171 = CARTESIAN_POINT('',(-6.492080463934,-8.874986482724,
    -7.21873580686));
#3172 = CARTESIAN_POINT('',(-6.5,-8.872851306942,-7.21649387229));
#3173 = PCURVE('',#860,#3174);
#3174 = DEFINITIONAL_REPRESENTATION('',(#3175),#3190);
#3175 = B_SPLINE_CURVE_WITH_KNOTS('',4,(#3176,#3177,#3178,#3179,#3180,
    #3181,#3182,#3183,#3184,#3185,#3186,#3187,#3188,#3189),
  .UNSPECIFIED.,.F.,.F.,(5,3,3,3,5),(0.,0.783031307776,0.893388426027,
    0.945151739291,1.),.UNSPECIFIED.);
#3176 = CARTESIAN_POINT('',(10.,0.837762761588));
#3177 = CARTESIAN_POINT('',(9.971206995152,0.834641982985));
#3178 = CARTESIAN_POINT('',(9.943134874186,0.831504306136));
#3179 = CARTESIAN_POINT('',(9.915744326315,0.828349793558));
#3180 = CARTESIAN_POINT('',(9.885231419694,0.824731471583));
#3181 = CARTESIAN_POINT('',(9.881475115097,0.824284178344));
#3182 = CARTESIAN_POINT('',(9.877731560037,0.823836550367));
#3183 = CARTESIAN_POINT('',(9.872250669044,0.823178469396));
#3184 = CARTESIAN_POINT('',(9.870500679441,0.822967943288));
#3185 = CARTESIAN_POINT('',(9.868750689888,0.822757007522));
#3186 = CARTESIAN_POINT('',(9.865146416444,0.82232171746));
#3187 = CARTESIAN_POINT('',(9.863295165838,0.822097694121));
#3188 = CARTESIAN_POINT('',(9.861447316624,0.821873578683));
#3189 = CARTESIAN_POINT('',(9.859602397095,0.821649385226));
#3190 = ( GEOMETRIC_REPRESENTATION_CONTEXT(2) 
PARAMETRIC_REPRESENTATION_CONTEXT() REPRESENTATION_CONTEXT('2D SPACE',''
  ) );
#3191 = PCURVE('',#3192,#3197);
#3192 = PLANE('',#3193);
#3193 = AXIS2_PLACEMENT_3D('',#3194,#3195,#3196);
#3194 = CARTESIAN_POINT('',(-6.5,-16.28571428571,-15.));
#3195 = DIRECTION('',(0.,-0.724137931034,0.689655172414));
#3196 = DIRECTION('',(1.,0.,0.));
#3197 = DEFINITIONAL_REPRESENTATION('',(#3198),#3213);
#3198 = B_SPLINE_CURVE_WITH_KNOTS('',4,(#3199,#3200,#3201,#3202,#3203,
    #3204,#3205,#3206,#3207,#3208,#3209,#3210,#3211,#3212),
  .UNSPECIFIED.,.F.,.F.,(5,3,3,3,5),(0.,0.783031307776,0.893388426027,
    0.945151739291,1.),.UNSPECIFIED.);
#3199 = CARTESIAN_POINT('',(0.574368968103,10.526133292352));
#3200 = CARTESIAN_POINT('',(0.462129895286,10.569229758775));
#3201 = CARTESIAN_POINT('',(0.349795979603,10.612559581935));
#3202 = CARTESIAN_POINT('',(0.237384699692,10.656121898491));
#3203 = CARTESIAN_POINT('',(0.10905908506,10.706089201948));
#3204 = CARTESIAN_POINT('',(9.320622935803E-02,10.712266108584));
#3205 = CARTESIAN_POINT('',(7.73521692733E-02,10.718447637796));
#3206 = CARTESIAN_POINT('',(5.406000798152E-02,10.72753542263));
#3207 = CARTESIAN_POINT('',(4.661098405762E-02,10.730442687925));
#3208 = CARTESIAN_POINT('',(3.914983289506E-02,10.733355610407));
#3209 = CARTESIAN_POINT('',(2.375780603178E-02,10.73936675889));
#3210 = CARTESIAN_POINT('',(1.583883691048E-02,10.742460449026));
#3211 = CARTESIAN_POINT('',(7.91953606639E-03,10.745555314336));
#3212 = CARTESIAN_POINT('',(0.,10.748651319219));
#3213 = ( GEOMETRIC_REPRESENTATION_CONTEXT(2) 
PARAMETRIC_REPRESENTATION_CONTEXT() REPRESENTATION_CONTEXT('2D SPACE',''
  ) );
#3214 = ORIENTED_EDGE('',*,*,#3215,.T.);
#3215 = EDGE_CURVE('',#3155,#3216,#3218,.T.);
#3216 = VERTEX_POINT('',#3217);
#3217 = CARTESIAN_POINT('',(-7.5,-7.720333961861,-7.056350659954));
#3218 = SURFACE_CURVE('',#3219,(#3234,#3252),.PCURVE_S1.);
#3219 = B_SPLINE_CURVE_WITH_KNOTS('',4,(#3220,#3221,#3222,#3223,#3224,
    #3225,#3226,#3227,#3228,#3229,#3230,#3231,#3232,#3233),
  .UNSPECIFIED.,.F.,.F.,(5,3,3,3,5),(0.,0.227147211481,0.467228182851,
    0.724579257041,1.),.UNSPECIFIED.);
#3220 = CARTESIAN_POINT('',(-6.117524492,-9.312983806887,-7.277033713831
    ));
#3221 = CARTESIAN_POINT('',(-6.290733453353,-9.113745814152,
    -7.249703230881));
#3222 = CARTESIAN_POINT('',(-6.46410548937,-8.914222645339,
    -7.222244541444));
#3223 = CARTESIAN_POINT('',(-6.637621535159,-8.714432987048,
    -7.194657248318));
#3224 = CARTESIAN_POINT('',(-6.994796462426,-8.302961265801,
    -7.137645614638));
#3225 = CARTESIAN_POINT('',(-7.178470280818,-8.091249831697,
    -7.108206118141));
#3226 = CARTESIAN_POINT('',(-7.36226764584,-7.879276224434,
    -7.078621063788));
#3227 = CARTESIAN_POINT('',(-7.743305956966,-7.439568497833,
    -7.017018177539));
#3228 = CARTESIAN_POINT('',(-7.940562855356,-7.211797561928,
    -6.984978438148));
#3229 = CARTESIAN_POINT('',(-8.137922874355,-6.983760932961,
    -6.952767997682));
#3230 = CARTESIAN_POINT('',(-8.546678543891,-6.51115690334,
    -6.885727219593));
#3231 = CARTESIAN_POINT('',(-8.758086668767,-6.266553073574,
    -6.850871729458));
#3232 = CARTESIAN_POINT('',(-8.969572426824,-6.02168008541,
    -6.815815137845));
#3233 = CARTESIAN_POINT('',(-9.181118018245,-5.776552319123,
    -6.780553854237));
#3234 = PCURVE('',#860,#3235);
#3235 = DEFINITIONAL_REPRESENTATION('',(#3236),#3251);
#3236 = B_SPLINE_CURVE_WITH_KNOTS('',4,(#3237,#3238,#3239,#3240,#3241,
    #3242,#3243,#3244,#3245,#3246,#3247,#3248,#3249,#3250),
  .UNSPECIFIED.,.F.,.F.,(5,3,3,3,5),(0.,0.227147211481,0.467228182851,
    0.724579257041,1.),.UNSPECIFIED.);
#3237 = CARTESIAN_POINT('',(10.,0.827703371383));
#3238 = CARTESIAN_POINT('',(9.935257909972,0.824970323088));
#3239 = CARTESIAN_POINT('',(9.871884441819,0.822224454144));
#3240 = CARTESIAN_POINT('',(9.809817223701,0.819465724832));
#3241 = CARTESIAN_POINT('',(9.684719995584,0.813764561464));
#3242 = CARTESIAN_POINT('',(9.621836375176,0.810820611814));
#3243 = CARTESIAN_POINT('',(9.560282883709,0.807862106379));
#3244 = CARTESIAN_POINT('',(9.435381033919,0.801701817754));
#3245 = CARTESIAN_POINT('',(9.372222046917,0.798497843815));
#3246 = CARTESIAN_POINT('',(9.310450098231,0.795276799768));
#3247 = CARTESIAN_POINT('',(9.185306015494,0.788572721959));
#3248 = CARTESIAN_POINT('',(9.122126024561,0.785087172946));
#3249 = CARTESIAN_POINT('',(9.060380733617,0.781581513785));
#3250 = CARTESIAN_POINT('',(9.,0.778055385424));
#3251 = ( GEOMETRIC_REPRESENTATION_CONTEXT(2) 
PARAMETRIC_REPRESENTATION_CONTEXT() REPRESENTATION_CONTEXT('2D SPACE',''
  ) );
#3252 = PCURVE('',#3253,#3258);
#3253 = PLANE('',#3254);
#3254 = AXIS2_PLACEMENT_3D('',#3255,#3256,#3257);
#3255 = CARTESIAN_POINT('',(-7.,6.797295389132,8.712160158588));
#3256 = DIRECTION('',(-0.586509812152,-0.586509812152,0.558580773478));
#3257 = DIRECTION('',(0.707106781187,-0.707106781187,8.816188767719E-17)
  );
#3258 = DEFINITIONAL_REPRESENTATION('',(#3259),#3274);
#3259 = B_SPLINE_CURVE_WITH_KNOTS('',4,(#3260,#3261,#3262,#3263,#3264,
    #3265,#3266,#3267,#3268,#3269,#3270,#3271,#3272,#3273),
  .UNSPECIFIED.,.F.,.F.,(5,3,3,3,5),(0.,0.227147211481,0.467228182851,
    0.724579257041,1.),.UNSPECIFIED.);
#3260 = CARTESIAN_POINT('',(12.015692082251,-19.27685978758));
#3261 = CARTESIAN_POINT('',(11.752332315383,-19.24390966564));
#3262 = CARTESIAN_POINT('',(11.488655587376,-19.21080497566));
#3263 = CARTESIAN_POINT('',(11.224688592566,-19.17754523876));
#3264 = CARTESIAN_POINT('',(10.681173335065,-19.10881098752));
#3265 = CARTESIAN_POINT('',(10.401593741843,-19.07331820091));
#3266 = CARTESIAN_POINT('',(10.121741403544,-19.03764992713));
#3267 = CARTESIAN_POINT('',(9.541386314636,-18.9633803792));
#3268 = CARTESIAN_POINT('',(9.240846250813,-18.92475269297));
#3269 = CARTESIAN_POINT('',(8.940045396342,-18.88591920646));
#3270 = CARTESIAN_POINT('',(8.316829976403,-18.80509363829));
#3271 = CARTESIAN_POINT('',(7.994380830974,-18.76307123232));
#3272 = CARTESIAN_POINT('',(7.671686466867,-18.72080637478));
#3273 = CARTESIAN_POINT('',(7.348769638845,-18.67829473689));
#3274 = ( GEOMETRIC_REPRESENTATION_CONTEXT(2) 
PARAMETRIC_REPRESENTATION_CONTEXT() REPRESENTATION_CONTEXT('2D SPACE',''
  ) );
#3275 = ORIENTED_EDGE('',*,*,#3276,.T.);
#3276 = EDGE_CURVE('',#3216,#3277,#3279,.T.);
#3277 = VERTEX_POINT('',#3278);
#3278 = CARTESIAN_POINT('',(-7.5,-5.957794548251,-7.305684275663));
#3279 = SURFACE_CURVE('',#3280,(#3295,#3313),.PCURVE_S1.);
#3280 = B_SPLINE_CURVE_WITH_KNOTS('',4,(#3281,#3282,#3283,#3284,#3285,
    #3286,#3287,#3288,#3289,#3290,#3291,#3292,#3293,#3294),
  .UNSPECIFIED.,.F.,.F.,(5,3,3,3,5),(0.,0.303292117229,0.564786664835,
    0.795468770728,1.),.UNSPECIFIED.);
#3281 = CARTESIAN_POINT('',(-7.5,-11.38249964939,-6.507656181034));
#3282 = CARTESIAN_POINT('',(-7.5,-10.87688827364,-6.586570016279));
#3283 = CARTESIAN_POINT('',(-7.5,-10.37139533497,-6.664213731187));
#3284 = CARTESIAN_POINT('',(-7.5,-9.866090477846,-6.740659023722));
#3285 = CARTESIAN_POINT('',(-7.5,-8.925643224416,-6.880879696877));
#3286 = CARTESIAN_POINT('',(-7.5,-8.490428976867,-6.944949296041));
#3287 = CARTESIAN_POINT('',(-7.5,-8.055484766932,-7.008200238321));
#3288 = CARTESIAN_POINT('',(-7.5,-7.237510630499,-7.125752616746));
#3289 = CARTESIAN_POINT('',(-7.5,-6.85440286253,-7.180230372469));
#3290 = CARTESIAN_POINT('',(-7.5,-6.47162665033,-7.234105568339));
#3291 = CARTESIAN_POINT('',(-7.5,-5.750239529831,-7.334630710882));
#3292 = CARTESIAN_POINT('',(-7.5,-5.411541356609,-7.381407347209));
#3293 = CARTESIAN_POINT('',(-7.5,-5.073219642492,-7.427725254065));
#3294 = CARTESIAN_POINT('',(-7.5,-4.735347821406,-7.473587317283));
#3295 = PCURVE('',#860,#3296);
#3296 = DEFINITIONAL_REPRESENTATION('',(#3297),#3312);
#3297 = B_SPLINE_CURVE_WITH_KNOTS('',4,(#3298,#3299,#3300,#3301,#3302,
    #3303,#3304,#3305,#3306,#3307,#3308,#3309,#3310,#3311),
  .UNSPECIFIED.,.F.,.F.,(5,3,3,3,5),(0.,0.303292117229,0.564786664835,
    0.795468770728,1.),.UNSPECIFIED.);
#3298 = CARTESIAN_POINT('',(10.,0.750765618103));
#3299 = CARTESIAN_POINT('',(9.941689809591,0.758657001628));
#3300 = CARTESIAN_POINT('',(9.880619095828,0.766421373119));
#3301 = CARTESIAN_POINT('',(9.816509809127,0.774065902372));
#3302 = CARTESIAN_POINT('',(9.690791220869,0.788087969688));
#3303 = CARTESIAN_POINT('',(9.630054403606,0.794494929604));
#3304 = CARTESIAN_POINT('',(9.566555056378,0.800820023832));
#3305 = CARTESIAN_POINT('',(9.441282848906,0.812575261675));
#3306 = CARTESIAN_POINT('',(9.380187830181,0.818023037247));
#3307 = CARTESIAN_POINT('',(9.316509610812,0.823410556834));
#3308 = CARTESIAN_POINT('',(9.191024593441,0.833463071088));
#3309 = CARTESIAN_POINT('',(9.129823753662,0.838140734721));
#3310 = CARTESIAN_POINT('',(9.066219398406,0.842772525406));
#3311 = CARTESIAN_POINT('',(9.,0.847358731728));
#3312 = ( GEOMETRIC_REPRESENTATION_CONTEXT(2) 
PARAMETRIC_REPRESENTATION_CONTEXT() REPRESENTATION_CONTEXT('2D SPACE',''
  ) );
#3313 = PCURVE('',#3314,#3319);
#3314 = PLANE('',#3315);
#3315 = AXIS2_PLACEMENT_3D('',#3316,#3317,#3318);
#3316 = CARTESIAN_POINT('',(-7.5,8.297295389132,8.712160158588));
#3317 = DIRECTION('',(-1.,0.,0.));
#3318 = DIRECTION('',(-0.,-1.,-7.260673763898E-19));
#3319 = DEFINITIONAL_REPRESENTATION('',(#3320),#3335);
#3320 = B_SPLINE_CURVE_WITH_KNOTS('',4,(#3321,#3322,#3323,#3324,#3325,
    #3326,#3327,#3328,#3329,#3330,#3331,#3332,#3333,#3334),
  .UNSPECIFIED.,.F.,.F.,(5,3,3,3,5),(0.,0.303292117229,0.564786664835,
    0.795468770728,1.),.UNSPECIFIED.);
#3321 = CARTESIAN_POINT('',(19.679795038523,-15.21981633962));
#3322 = CARTESIAN_POINT('',(19.174183662778,-15.29873017486));
#3323 = CARTESIAN_POINT('',(18.668690724105,-15.37637388977));
#3324 = CARTESIAN_POINT('',(18.163385866977,-15.45281918231));
#3325 = CARTESIAN_POINT('',(17.222938613548,-15.59303985546));
#3326 = CARTESIAN_POINT('',(16.787724365998,-15.65710945462));
#3327 = CARTESIAN_POINT('',(16.352780156063,-15.7203603969));
#3328 = CARTESIAN_POINT('',(15.53480601963,-15.83791277533));
#3329 = CARTESIAN_POINT('',(15.151698251662,-15.89239053105));
#3330 = CARTESIAN_POINT('',(14.768922039462,-15.94626572692));
#3331 = CARTESIAN_POINT('',(14.047534918963,-16.04679086947));
#3332 = CARTESIAN_POINT('',(13.708836745741,-16.09356750579));
#3333 = CARTESIAN_POINT('',(13.370515031624,-16.13988541265));
#3334 = CARTESIAN_POINT('',(13.032643210537,-16.18574747587));
#3335 = ( GEOMETRIC_REPRESENTATION_CONTEXT(2) 
PARAMETRIC_REPRESENTATION_CONTEXT() REPRESENTATION_CONTEXT('2D SPACE',''
  ) );
#3336 = ORIENTED_EDGE('',*,*,#3337,.F.);
#3337 = EDGE_CURVE('',#3338,#3277,#3340,.T.);
#3338 = VERTEX_POINT('',#3339);
#3339 = CARTESIAN_POINT('',(-6.5,-5.332446289082,-7.699068603536));
#3340 = SURFACE_CURVE('',#3341,(#3393,#3448),.PCURVE_S1.);
#3341 = B_SPLINE_CURVE_WITH_KNOTS('',8,(#3342,#3343,#3344,#3345,#3346,
    #3347,#3348,#3349,#3350,#3351,#3352,#3353,#3354,#3355,#3356,#3357,
    #3358,#3359,#3360,#3361,#3362,#3363,#3364,#3365,#3366,#3367,#3368,
    #3369,#3370,#3371,#3372,#3373,#3374,#3375,#3376,#3377,#3378,#3379,
    #3380,#3381,#3382,#3383,#3384,#3385,#3386,#3387,#3388,#3389,#3390,
    #3391,#3392),.UNSPECIFIED.,.F.,.F.,(9,7,7,7,7,7,7,9),(0.,
    0.293396655787,0.679601015426,0.846234863807,0.92344477189,
    0.960550060177,0.978854946465,1.),.UNSPECIFIED.);
#3342 = CARTESIAN_POINT('',(-2.875712431886,-2.947141003314,-9.));
#3343 = CARTESIAN_POINT('',(-3.213657584733,-3.176708558006,
    -8.886203521936));
#3344 = CARTESIAN_POINT('',(-3.552432891533,-3.405548864762,
    -8.77077177189));
#3345 = CARTESIAN_POINT('',(-3.891776064344,-3.633379722483,
    -8.653683841046));
#3346 = CARTESIAN_POINT('',(-4.231559881928,-3.860029840837,
    -8.534893456855));
#3347 = CARTESIAN_POINT('',(-4.571700604764,-4.085354214691,
    -8.414336290424));
#3348 = CARTESIAN_POINT('',(-4.912174383083,-4.309245919313,
    -8.291925113042));
#3349 = CARTESIAN_POINT('',(-5.252994128584,-4.531612927013,
    -8.16754973835));
#3350 = CARTESIAN_POINT('',(-6.043375359188,-5.04297880752,
    -7.874583620748));
#3351 = CARTESIAN_POINT('',(-6.493103430329,-5.330721689756,
    -7.704499172398));
#3352 = CARTESIAN_POINT('',(-6.943400818435,-5.615353563587,
    -7.53055038241));
#3353 = CARTESIAN_POINT('',(-7.394259627034,-5.896582534179,
    -7.352439052502));
#3354 = CARTESIAN_POINT('',(-7.845661351673,-6.174065271925,
    -7.169824116265));
#3355 = CARTESIAN_POINT('',(-8.297577040229,-6.447396228924,
    -6.98231014813));
#3356 = CARTESIAN_POINT('',(-8.749969632742,-6.716089230938,
    -6.789425578106));
#3357 = CARTESIAN_POINT('',(-9.398177360782,-7.093210911675,
    -6.504785228438));
#3358 = CARTESIAN_POINT('',(-9.593634655419,-7.205903389889,
    -6.417882171194));
#3359 = CARTESIAN_POINT('',(-9.789165270812,-7.317568975614,
    -6.329823890043));
#3360 = CARTESIAN_POINT('',(-9.984763037762,-7.428153724607,
    -6.240560221187));
#3361 = CARTESIAN_POINT('',(-10.18041994965,-7.537598105544,
    -6.150037063681));
#3362 = CARTESIAN_POINT('',(-10.37612619331,-7.645836199684,
    -6.058195506685));
#3363 = CARTESIAN_POINT('',(-10.57187017983,-7.75279490052,
    -5.964970956722));
#3364 = CARTESIAN_POINT('',(-10.85834799595,-7.907322117927,
    -5.826422828066));
#3365 = CARTESIAN_POINT('',(-10.94906247656,-7.955958894437,
    -5.782241238769));
#3366 = CARTESIAN_POINT('',(-11.03978062654,-8.004295382833,
    -5.737740494107));
#3367 = CARTESIAN_POINT('',(-11.13050088411,-8.052323034695,
    -5.692913258107));
#3368 = CARTESIAN_POINT('',(-11.22122151642,-8.100032813328,
    -5.647751861748));
#3369 = CARTESIAN_POINT('',(-11.31194061951,-8.147415193767,
    -5.602248302966));
#3370 = CARTESIAN_POINT('',(-11.40265611833,-8.19446016277,
    -5.556394246654));
#3371 = CARTESIAN_POINT('',(-11.53695871667,-8.263598739219,
    -5.487972023669));
#3372 = CARTESIAN_POINT('',(-11.58055030761,-8.285959895288,
    -5.465680067054));
#3373 = CARTESIAN_POINT('',(-11.62414028701,-8.308239514619,
    -5.44330418898));
#3374 = CARTESIAN_POINT('',(-11.66772838927,-8.330436391124,
    -5.420843401942));
#3375 = CARTESIAN_POINT('',(-11.71131433574,-8.352549285037,
    -5.39829669676));
#3376 = CARTESIAN_POINT('',(-11.75489783474,-8.374576922912,
    -5.37566304258));
#3377 = CARTESIAN_POINT('',(-11.79847858155,-8.396517997629,
    -5.352941386875));
#3378 = CARTESIAN_POINT('',(-11.86355412186,-8.4291518367,
    -5.318877600576));
#3379 = CARTESIAN_POINT('',(-11.88500979947,-8.439890331269,
    -5.307624558386));
#3380 = CARTESIAN_POINT('',(-11.90642329093,-8.450586651628,
    -5.296371528725));
#3381 = CARTESIAN_POINT('',(-11.92779459593,-8.461240797307,
    -5.285118511446));
#3382 = CARTESIAN_POINT('',(-11.94912371411,-8.471852767834,
    -5.273865506407));
#3383 = CARTESIAN_POINT('',(-11.97041064514,-8.482422562731,
    -5.262612513469));
#3384 = CARTESIAN_POINT('',(-11.99165538866,-8.492950181517,
    -5.251359532495));
#3385 = CARTESIAN_POINT('',(-12.03735026661,-8.51554797627,
    -5.227107595143));
#3386 = CARTESIAN_POINT('',(-12.05942011042,-8.526434085874,
    -5.21536467422));
#3387 = CARTESIAN_POINT('',(-12.08147041495,-8.537290665709,
    -5.203611263288));
#3388 = CARTESIAN_POINT('',(-12.1047408063,-8.548726961353,
    -5.191185462798));
#3389 = CARTESIAN_POINT('',(-12.1292984282,-8.560764965985,
    -5.178039864671));
#3390 = CARTESIAN_POINT('',(-12.15402890579,-8.572851393312,
    -5.164763611891));
#3391 = CARTESIAN_POINT('',(-12.176627252,-8.583867863798,
    -5.152602642383));
#3392 = CARTESIAN_POINT('',(-12.19358852591,-8.592125759805,
    -5.14346409559));
#3393 = PCURVE('',#860,#3394);
#3394 = DEFINITIONAL_REPRESENTATION('',(#3395),#3447);
#3395 = B_SPLINE_CURVE_WITH_KNOTS('',8,(#3396,#3397,#3398,#3399,#3400,
    #3401,#3402,#3403,#3404,#3405,#3406,#3407,#3408,#3409,#3410,#3411,
    #3412,#3413,#3414,#3415,#3416,#3417,#3418,#3419,#3420,#3421,#3422,
    #3423,#3424,#3425,#3426,#3427,#3428,#3429,#3430,#3431,#3432,#3433,
    #3434,#3435,#3436,#3437,#3438,#3439,#3440,#3441,#3442,#3443,#3444,
    #3445,#3446),.UNSPECIFIED.,.F.,.F.,(9,7,7,7,7,7,7,9),(0.,
    0.293396655787,0.679601015426,0.846234863807,0.92344477189,
    0.960550060177,0.978854946465,1.),.UNSPECIFIED.);
#3396 = CARTESIAN_POINT('',(9.472052131903,1.));
#3397 = CARTESIAN_POINT('',(9.433258679335,0.988620352194));
#3398 = CARTESIAN_POINT('',(9.402952351133,0.977077177189));
#3399 = CARTESIAN_POINT('',(9.377639068562,0.965368384104));
#3400 = CARTESIAN_POINT('',(9.356041041592,0.953489345686));
#3401 = CARTESIAN_POINT('',(9.337099117749,0.941433629042));
#3402 = CARTESIAN_POINT('',(9.320266797921,0.929192511304));
#3403 = CARTESIAN_POINT('',(9.305069269878,0.916754973835));
#3404 = CARTESIAN_POINT('',(9.272915350286,0.887458362075));
#3405 = CARTESIAN_POINT('',(9.25692575166,0.87044991724));
#3406 = CARTESIAN_POINT('',(9.242477920017,0.853055038241));
#3407 = CARTESIAN_POINT('',(9.229161766979,0.83524390525));
#3408 = CARTESIAN_POINT('',(9.216688874234,0.816982411626));
#3409 = CARTESIAN_POINT('',(9.204832390631,0.798231014813));
#3410 = CARTESIAN_POINT('',(9.193423105514,0.778942557811));
#3411 = CARTESIAN_POINT('',(9.177513130639,0.750478522844));
#3412 = CARTESIAN_POINT('',(9.172772656301,0.741788217119));
#3413 = CARTESIAN_POINT('',(9.168075207645,0.732982389004));
#3414 = CARTESIAN_POINT('',(9.16340963993,0.724056022119));
#3415 = CARTESIAN_POINT('',(9.158765452445,0.715003706368));
#3416 = CARTESIAN_POINT('',(9.154132568762,0.705819550669));
#3417 = CARTESIAN_POINT('',(9.149501117005,0.696497095672));
#3418 = CARTESIAN_POINT('',(9.142711306062,0.682642282807));
#3419 = CARTESIAN_POINT('',(9.140559587708,0.678224123877));
#3420 = CARTESIAN_POINT('',(9.13840508328,0.673774049411));
#3421 = CARTESIAN_POINT('',(9.136246814839,0.669291325811));
#3422 = CARTESIAN_POINT('',(9.134083798269,0.664775186175));
#3423 = CARTESIAN_POINT('',(9.131915043279,0.660224830297));
#3424 = CARTESIAN_POINT('',(9.129739553404,0.655639424665));
#3425 = CARTESIAN_POINT('',(9.126507117632,0.648797202367));
#3426 = CARTESIAN_POINT('',(9.125456121276,0.646568006705));
#3427 = CARTESIAN_POINT('',(9.124403224988,0.644330418898));
#3428 = CARTESIAN_POINT('',(9.123348315847,0.642084340194));
#3429 = CARTESIAN_POINT('',(9.122291279958,0.639829669676));
#3430 = CARTESIAN_POINT('',(9.121232002455,0.637566304258));
#3431 = CARTESIAN_POINT('',(9.1201703675,0.635294138688));
#3432 = CARTESIAN_POINT('',(9.118581308898,0.631887760058));
#3433 = CARTESIAN_POINT('',(9.118056769202,0.630762455839));
#3434 = CARTESIAN_POINT('',(9.117532628408,0.629637152872));
#3435 = CARTESIAN_POINT('',(9.117008875856,0.628511851145));
#3436 = CARTESIAN_POINT('',(9.116485501015,0.627386550641));
#3437 = CARTESIAN_POINT('',(9.11596249348,0.626261251347));
#3438 = CARTESIAN_POINT('',(9.115439842975,0.625135953249));
#3439 = CARTESIAN_POINT('',(9.114314195637,0.622710759514));
#3440 = CARTESIAN_POINT('',(9.113769527668,0.621536243298));
#3441 = CARTESIAN_POINT('',(9.11322502473,0.620361618066));
#3442 = CARTESIAN_POINT('',(9.112649165338,0.619118353683));
#3443 = CARTESIAN_POINT('',(9.112040559378,0.617803485707));
#3444 = CARTESIAN_POINT('',(9.111426951172,0.616477007135));
#3445 = CARTESIAN_POINT('',(9.110864571488,0.615260097743));
#3446 = CARTESIAN_POINT('',(9.110442326453,0.614346243064));
#3447 = ( GEOMETRIC_REPRESENTATION_CONTEXT(2) 
PARAMETRIC_REPRESENTATION_CONTEXT() REPRESENTATION_CONTEXT('2D SPACE',''
  ) );
#3448 = PCURVE('',#3449,#3454);
#3449 = PLANE('',#3450);
#3450 = AXIS2_PLACEMENT_3D('',#3451,#3452,#3453);
#3451 = CARTESIAN_POINT('',(-7.,9.797295389132,8.712160158588));
#3452 = DIRECTION('',(-0.586509812152,0.586509812152,-0.558580773478));
#3453 = DIRECTION('',(-0.707106781187,-0.707106781187,8.816188767719E-17
    ));
#3454 = DEFINITIONAL_REPRESENTATION('',(#3455),#3507);
#3455 = B_SPLINE_CURVE_WITH_KNOTS('',8,(#3456,#3457,#3458,#3459,#3460,
    #3461,#3462,#3463,#3464,#3465,#3466,#3467,#3468,#3469,#3470,#3471,
    #3472,#3473,#3474,#3475,#3476,#3477,#3478,#3479,#3480,#3481,#3482,
    #3483,#3484,#3485,#3486,#3487,#3488,#3489,#3490,#3491,#3492,#3493,
    #3494,#3495,#3496,#3497,#3498,#3499,#3500,#3501,#3502,#3503,#3504,
    #3505,#3506),.UNSPECIFIED.,.F.,.F.,(9,7,7,7,7,7,7,9),(0.,
    0.293396655787,0.679601015426,0.846234863807,0.92344477189,
    0.960550060177,0.978854946465,1.),.UNSPECIFIED.);
#3456 = CARTESIAN_POINT('',(6.095365688522,-21.35409893936));
#3457 = CARTESIAN_POINT('',(6.496657772432,-21.21690385814));
#3458 = CARTESIAN_POINT('',(6.898022621885,-21.0777372636));
#3459 = CARTESIAN_POINT('',(7.299075224987,-20.9365739477));
#3460 = CARTESIAN_POINT('',(7.699604502183,-20.79335812341));
#3461 = CARTESIAN_POINT('',(8.099448706577,-20.64801223466));
#3462 = CARTESIAN_POINT('',(8.498515366632,-20.50043111696));
#3463 = CARTESIAN_POINT('',(8.896748538896,-20.35048192765));
#3464 = CARTESIAN_POINT('',(9.817222748551,-19.99727670563));
#3465 = CARTESIAN_POINT('',(10.338693460613,-19.79221983478));
#3466 = CARTESIAN_POINT('',(10.85836692542,-19.58250404413));
#3467 = CARTESIAN_POINT('',(11.37603115851,-19.36776982047));
#3468 = CARTESIAN_POINT('',(11.891430304564,-19.14760596799));
#3469 = CARTESIAN_POINT('',(12.404257125669,-18.92153575452));
#3470 = CARTESIAN_POINT('',(12.914141639376,-18.68899064679));
#3471 = CARTESIAN_POINT('',(13.639159017272,-18.34582312039));
#3472 = CARTESIAN_POINT('',(13.857053811276,-18.24105123114));
#3473 = CARTESIAN_POINT('',(14.074274328241,-18.13488658316));
#3474 = CARTESIAN_POINT('',(14.290778061545,-18.02726869808));
#3475 = CARTESIAN_POINT('',(14.506517254656,-17.91813235083));
#3476 = CARTESIAN_POINT('',(14.721438357017,-17.80740651743));
#3477 = CARTESIAN_POINT('',(14.935481479927,-17.69501332283));
#3478 = CARTESIAN_POINT('',(15.247319129675,-17.52797720636));
#3479 = CARTESIAN_POINT('',(15.345855348547,-17.47471108745));
#3480 = CARTESIAN_POINT('',(15.444181826297,-17.42106018909));
#3481 = CARTESIAN_POINT('',(15.542291413936,-17.3670156669));
#3482 = CARTESIAN_POINT('',(15.640176496236,-17.31256827497));
#3483 = CARTESIAN_POINT('',(15.737828991729,-17.25770836587));
#3484 = CARTESIAN_POINT('',(15.835240352709,-17.20242589064));
#3485 = CARTESIAN_POINT('',(15.979094986975,-17.11993482765));
#3486 = CARTESIAN_POINT('',(16.025730621623,-17.09305924371));
#3487 = CARTESIAN_POINT('',(16.072307461561,-17.06608248255));
#3488 = CARTESIAN_POINT('',(16.118824466143,-17.03900335361));
#3489 = CARTESIAN_POINT('',(16.165280561691,-17.01182064022));
#3490 = CARTESIAN_POINT('',(16.211674641497,-16.98453309954));
#3491 = CARTESIAN_POINT('',(16.258005565818,-16.95713946265));
#3492 = CARTESIAN_POINT('',(16.327096530564,-16.91607154906));
#3493 = CARTESIAN_POINT('',(16.349861248024,-16.90250467895));
#3494 = CARTESIAN_POINT('',(16.372566313707,-16.88893782394));
#3495 = CARTESIAN_POINT('',(16.395211727048,-16.87537098386));
#3496 = CARTESIAN_POINT('',(16.417797487473,-16.86180415854));
#3497 = CARTESIAN_POINT('',(16.440323594402,-16.8482373478));
#3498 = CARTESIAN_POINT('',(16.462790047244,-16.83467055149));
#3499 = CARTESIAN_POINT('',(16.511080259215,-16.80543197951));
#3500 = CARTESIAN_POINT('',(16.534383637359,-16.79127450279));
#3501 = CARTESIAN_POINT('',(16.557652318442,-16.77710437912));
#3502 = CARTESIAN_POINT('',(16.582193652167,-16.7621236105));
#3503 = CARTESIAN_POINT('',(16.608070667847,-16.7462750409));
#3504 = CARTESIAN_POINT('',(16.634104150978,-16.7302689517));
#3505 = CARTESIAN_POINT('',(16.657873415812,-16.71560746808));
#3506 = CARTESIAN_POINT('',(16.675706061872,-16.70458987166));
#3507 = ( GEOMETRIC_REPRESENTATION_CONTEXT(2) 
PARAMETRIC_REPRESENTATION_CONTEXT() REPRESENTATION_CONTEXT('2D SPACE',''
  ) );
#3508 = ORIENTED_EDGE('',*,*,#3509,.F.);
#3509 = EDGE_CURVE('',#3510,#3338,#3512,.T.);
#3510 = VERTEX_POINT('',#3511);
#3511 = CARTESIAN_POINT('',(-3.880282590006,-5.97766806334,
    -8.376551466507));
#3512 = SURFACE_CURVE('',#3513,(#3528,#3546),.PCURVE_S1.);
#3513 = B_SPLINE_CURVE_WITH_KNOTS('',5,(#3514,#3515,#3516,#3517,#3518,
    #3519,#3520,#3521,#3522,#3523,#3524,#3525,#3526,#3527),
  .UNSPECIFIED.,.F.,.F.,(6,4,4,6),(0.,0.430048007396,0.948523380755,1.),
  .UNSPECIFIED.);
#3514 = CARTESIAN_POINT('',(-3.880282590006,-5.97766806334,
    -8.376551466507));
#3515 = CARTESIAN_POINT('',(-4.100575978426,-5.925106942536,
    -8.321362289662));
#3516 = CARTESIAN_POINT('',(-4.322643801867,-5.871808776768,
    -8.265399215606));
#3517 = CARTESIAN_POINT('',(-4.546079791089,-5.817840945226,
    -8.208732992487));
#3518 = CARTESIAN_POINT('',(-4.770579160335,-5.763251354175,
    -8.151413921883));
#3519 = CARTESIAN_POINT('',(-5.267626302419,-5.641534944002,
    -8.023611691202));
#3520 = CARTESIAN_POINT('',(-5.540550722234,-5.574141011909,
    -7.952848062504));
#3521 = CARTESIAN_POINT('',(-5.814336908216,-5.505933158327,
    -7.881229816243));
#3522 = CARTESIAN_POINT('',(-6.088722926119,-5.436938283753,
    -7.808785197941));
#3523 = CARTESIAN_POINT('',(-6.390821147949,-5.360234059793,
    -7.728245762782));
#3524 = CARTESIAN_POINT('',(-6.418110051899,-5.353298638001,
    -7.720963569901));
#3525 = CARTESIAN_POINT('',(-6.445402949311,-5.346355529856,
    -7.713673306348));
#3526 = CARTESIAN_POINT('',(-6.47269966231,-5.339404743145,
    -7.706374980302));
#3527 = CARTESIAN_POINT('',(-6.5,-5.332446289082,-7.699068603536));
#3528 = PCURVE('',#860,#3529);
#3529 = DEFINITIONAL_REPRESENTATION('',(#3530),#3545);
#3530 = B_SPLINE_CURVE_WITH_KNOTS('',5,(#3531,#3532,#3533,#3534,#3535,
    #3536,#3537,#3538,#3539,#3540,#3541,#3542,#3543,#3544),
  .UNSPECIFIED.,.F.,.F.,(6,4,4,6),(0.,0.430048007396,0.948523380755,1.),
  .UNSPECIFIED.);
#3531 = CARTESIAN_POINT('',(10.,0.937655146651));
#3532 = CARTESIAN_POINT('',(9.91571731943,0.932136228966));
#3533 = CARTESIAN_POINT('',(9.837058482354,0.926539921561));
#3534 = CARTESIAN_POINT('',(9.763397335111,0.920873299249));
#3535 = CARTESIAN_POINT('',(9.69419775481,0.915141392188));
#3536 = CARTESIAN_POINT('',(9.550398126709,0.90236116912));
#3537 = CARTESIAN_POINT('',(9.477616414997,0.89528480625));
#3538 = CARTESIAN_POINT('',(9.409852280713,0.888122981624));
#3539 = CARTESIAN_POINT('',(9.346484862736,0.880878519794));
#3540 = CARTESIAN_POINT('',(9.281097032211,0.872824576278));
#3541 = CARTESIAN_POINT('',(9.275229637474,0.872096357807));
#3542 = CARTESIAN_POINT('',(9.269400120662,0.871367331014));
#3543 = CARTESIAN_POINT('',(9.263607984603,0.870637496937));
#3544 = CARTESIAN_POINT('',(9.25785262539,0.869906859261));
#3545 = ( GEOMETRIC_REPRESENTATION_CONTEXT(2) 
PARAMETRIC_REPRESENTATION_CONTEXT() REPRESENTATION_CONTEXT('2D SPACE',''
  ) );
#3546 = PCURVE('',#3547,#3552);
#3547 = PLANE('',#3548);
#3548 = AXIS2_PLACEMENT_3D('',#3549,#3550,#3551);
#3549 = CARTESIAN_POINT('',(6.5,-12.28571428571,-15.));
#3550 = DIRECTION('',(0.,0.724137931034,-0.689655172414));
#3551 = DIRECTION('',(-1.,0.,0.));
#3552 = DEFINITIONAL_REPRESENTATION('',(#3553),#3568);
#3553 = B_SPLINE_CURVE_WITH_KNOTS('',5,(#3554,#3555,#3556,#3557,#3558,
    #3559,#3560,#3561,#3562,#3563,#3564,#3565,#3566,#3567),
  .UNSPECIFIED.,.F.,.F.,(6,4,4,6),(0.,0.430048007396,0.948523380755,1.),
  .UNSPECIFIED.);
#3554 = CARTESIAN_POINT('',(10.380282590006,9.146667022443));
#3555 = CARTESIAN_POINT('',(10.600575978426,9.222880647609));
#3556 = CARTESIAN_POINT('',(10.822643801867,9.300162987973));
#3557 = CARTESIAN_POINT('',(11.046079791089,9.378416343708));
#3558 = CARTESIAN_POINT('',(11.270579160335,9.457571250732));
#3559 = CARTESIAN_POINT('',(11.767626302419,9.634060045483));
#3560 = CARTESIAN_POINT('',(12.040550722234,9.731781247018));
#3561 = CARTESIAN_POINT('',(12.314336908216,9.830682634712));
#3562 = CARTESIAN_POINT('',(12.588722926119,9.930725202844));
#3563 = CARTESIAN_POINT('',(12.890821147949,10.041946327586));
#3564 = CARTESIAN_POINT('',(12.918110051899,10.052002689185));
#3565 = CARTESIAN_POINT('',(12.945402949311,10.062070195995));
#3566 = CARTESIAN_POINT('',(12.97269966231,10.072148836725));
#3567 = CARTESIAN_POINT('',(13.,10.082238595117));
#3568 = ( GEOMETRIC_REPRESENTATION_CONTEXT(2) 
PARAMETRIC_REPRESENTATION_CONTEXT() REPRESENTATION_CONTEXT('2D SPACE',''
  ) );
#3569 = ORIENTED_EDGE('',*,*,#3570,.T.);
#3570 = EDGE_CURVE('',#3510,#3571,#3573,.T.);
#3571 = VERTEX_POINT('',#3572);
#3572 = CARTESIAN_POINT('',(-2.475,-3.889,-9.));
#3573 = SURFACE_CURVE('',#3574,(#3578,#3585),.PCURVE_S1.);
#3574 = B_SPLINE_CURVE_WITH_KNOTS('',2,(#3575,#3576,#3577),
  .UNSPECIFIED.,.F.,.F.,(3,3),(0.,1.),.PIECEWISE_BEZIER_KNOTS.);
#3575 = CARTESIAN_POINT('',(-13.081,-20.153,1.));
#3576 = CARTESIAN_POINT('',(-14.142,-21.213,-4.));
#3577 = CARTESIAN_POINT('',(-2.475,-3.889,-9.));
#3578 = PCURVE('',#860,#3579);
#3579 = DEFINITIONAL_REPRESENTATION('',(#3580),#3584);
#3580 = LINE('',#3581,#3582);
#3581 = CARTESIAN_POINT('',(10.,0.));
#3582 = VECTOR('',#3583,1.);
#3583 = DIRECTION('',(0.,1.));
#3584 = ( GEOMETRIC_REPRESENTATION_CONTEXT(2) 
PARAMETRIC_REPRESENTATION_CONTEXT() REPRESENTATION_CONTEXT('2D SPACE',''
  ) );
#3585 = PCURVE('',#3586,#3593);
#3586 = B_SPLINE_SURFACE_WITH_KNOTS('',1,2,(
    (#3587,#3588,#3589)
    ,(#3590,#3591,#3592
    )),.UNSPECIFIED.,.F.,.F.,.F.,(2,2),(3,3),(10.,11.),(0.,1.),
  .PIECEWISE_BEZIER_KNOTS.);
#3587 = CARTESIAN_POINT('',(-13.081,-20.153,1.));
#3588 = CARTESIAN_POINT('',(-14.142,-21.213,-4.));
#3589 = CARTESIAN_POINT('',(-2.475,-3.889,-9.));
#3590 = CARTESIAN_POINT('',(-7.08,-26.331,1.));
#3591 = CARTESIAN_POINT('',(-7.6545,-27.716,-4.));
#3592 = CARTESIAN_POINT('',(-1.339,-5.081,-9.));
#3593 = DEFINITIONAL_REPRESENTATION('',(#3594),#3598);
#3594 = LINE('',#3595,#3596);
#3595 = CARTESIAN_POINT('',(10.,0.));
#3596 = VECTOR('',#3597,1.);
#3597 = DIRECTION('',(0.,1.));
#3598 = ( GEOMETRIC_REPRESENTATION_CONTEXT(2) 
PARAMETRIC_REPRESENTATION_CONTEXT() REPRESENTATION_CONTEXT('2D SPACE',''
  ) );
#3599 = ORIENTED_EDGE('',*,*,#3600,.F.);
#3600 = EDGE_CURVE('',#3085,#3571,#3601,.T.);
#3601 = SURFACE_CURVE('',#3602,(#3605,#3612),.PCURVE_S1.);
#3602 = B_SPLINE_CURVE_WITH_KNOTS('',1,(#3603,#3604),.UNSPECIFIED.,.F.,
  .F.,(2,2),(9.,10.),.PIECEWISE_BEZIER_KNOTS.);
#3603 = CARTESIAN_POINT('',(-3.234,-2.105,-9.));
#3604 = CARTESIAN_POINT('',(-2.475,-3.889,-9.));
#3605 = PCURVE('',#860,#3606);
#3606 = DEFINITIONAL_REPRESENTATION('',(#3607),#3611);
#3607 = LINE('',#3608,#3609);
#3608 = CARTESIAN_POINT('',(0.,1.));
#3609 = VECTOR('',#3610,1.);
#3610 = DIRECTION('',(1.,0.));
#3611 = ( GEOMETRIC_REPRESENTATION_CONTEXT(2) 
PARAMETRIC_REPRESENTATION_CONTEXT() REPRESENTATION_CONTEXT('2D SPACE',''
  ) );
#3612 = PCURVE('',#2786,#3613);
#3613 = DEFINITIONAL_REPRESENTATION('',(#3614),#3617);
#3614 = B_SPLINE_CURVE_WITH_KNOTS('',1,(#3615,#3616),.UNSPECIFIED.,.F.,
  .F.,(2,2),(9.,10.),.PIECEWISE_BEZIER_KNOTS.);
#3615 = CARTESIAN_POINT('',(4.495522267612,5.437652116622));
#3616 = CARTESIAN_POINT('',(2.886216497273,6.518795926463));
#3617 = ( GEOMETRIC_REPRESENTATION_CONTEXT(2) 
PARAMETRIC_REPRESENTATION_CONTEXT() REPRESENTATION_CONTEXT('2D SPACE',''
  ) );
#3618 = ADVANCED_FACE('',(#3619),#824,.T.);
#3619 = FACE_BOUND('',#3620,.T.);
#3620 = EDGE_LOOP('',(#3621,#3622,#3623,#3646));
#3621 = ORIENTED_EDGE('',*,*,#3131,.F.);
#3622 = ORIENTED_EDGE('',*,*,#804,.F.);
#3623 = ORIENTED_EDGE('',*,*,#3624,.T.);
#3624 = EDGE_CURVE('',#769,#3625,#3627,.T.);
#3625 = VERTEX_POINT('',#3626);
#3626 = CARTESIAN_POINT('',(-2.589719673888,-9.571065016255,
    -7.949618267068));
#3627 = SURFACE_CURVE('',#3628,(#3632,#3639),.PCURVE_S1.);
#3628 = B_SPLINE_CURVE_WITH_KNOTS('',2,(#3629,#3630,#3631),
  .UNSPECIFIED.,.F.,.F.,(3,3),(0.,1.),.PIECEWISE_BEZIER_KNOTS.);
#3629 = CARTESIAN_POINT('',(-7.08,-26.331,1.));
#3630 = CARTESIAN_POINT('',(-7.6545,-27.716,-4.));
#3631 = CARTESIAN_POINT('',(-1.339,-5.081,-9.));
#3632 = PCURVE('',#824,#3633);
#3633 = DEFINITIONAL_REPRESENTATION('',(#3634),#3638);
#3634 = LINE('',#3635,#3636);
#3635 = CARTESIAN_POINT('',(11.,0.));
#3636 = VECTOR('',#3637,1.);
#3637 = DIRECTION('',(0.,1.));
#3638 = ( GEOMETRIC_REPRESENTATION_CONTEXT(2) 
PARAMETRIC_REPRESENTATION_CONTEXT() REPRESENTATION_CONTEXT('2D SPACE',''
  ) );
#3639 = PCURVE('',#788,#3640);
#3640 = DEFINITIONAL_REPRESENTATION('',(#3641),#3645);
#3641 = LINE('',#3642,#3643);
#3642 = CARTESIAN_POINT('',(11.,0.));
#3643 = VECTOR('',#3644,1.);
#3644 = DIRECTION('',(0.,1.));
#3645 = ( GEOMETRIC_REPRESENTATION_CONTEXT(2) 
PARAMETRIC_REPRESENTATION_CONTEXT() REPRESENTATION_CONTEXT('2D SPACE',''
  ) );
#3646 = ORIENTED_EDGE('',*,*,#3647,.T.);
#3647 = EDGE_CURVE('',#3625,#3132,#3648,.T.);
#3648 = SURFACE_CURVE('',#3649,(#3664,#3682),.PCURVE_S1.);
#3649 = B_SPLINE_CURVE_WITH_KNOTS('',4,(#3650,#3651,#3652,#3653,#3654,
    #3655,#3656,#3657,#3658,#3659,#3660,#3661,#3662,#3663),
  .UNSPECIFIED.,.F.,.F.,(5,3,3,3,5),(0.,0.216357653944,0.451510695981,
    0.711630961827,1.),.UNSPECIFIED.);
#3650 = CARTESIAN_POINT('',(-2.589719673888,-9.571065016255,
    -7.949618267068));
#3651 = CARTESIAN_POINT('',(-2.766853981542,-9.542868491747,
    -7.920011916334));
#3652 = CARTESIAN_POINT('',(-2.94464965415,-9.514474063369,
    -7.890197766538));
#3653 = CARTESIAN_POINT('',(-3.123031007433,-9.485888686963,
    -7.860183121311));
#3654 = CARTESIAN_POINT('',(-3.4963856049,-9.425846499236,
    -7.797138824198));
#3655 = CARTESIAN_POINT('',(-3.691453838417,-9.394355991761,
    -7.764073791349));
#3656 = CARTESIAN_POINT('',(-3.887064138661,-9.362652125285,
    -7.730784731549));
#3657 = CARTESIAN_POINT('',(-4.300066463047,-9.295437395233,
    -7.660209264995));
#3658 = CARTESIAN_POINT('',(-4.517565786024,-9.259879756758,
    -7.622873744596));
#3659 = CARTESIAN_POINT('',(-4.73557059714,-9.224071497101,
    -7.585275071956));
#3660 = CARTESIAN_POINT('',(-5.196187450692,-9.148043528197,
    -7.505445704606));
#3661 = CARTESIAN_POINT('',(-5.438900402586,-9.107767095138,
    -7.463155449895));
#3662 = CARTESIAN_POINT('',(-5.682069894989,-9.067189764909,
    -7.420549253155));
#3663 = CARTESIAN_POINT('',(-5.925631031897,-9.026312015127,
    -7.377627615883));
#3664 = PCURVE('',#824,#3665);
#3665 = DEFINITIONAL_REPRESENTATION('',(#3666),#3681);
#3666 = B_SPLINE_CURVE_WITH_KNOTS('',4,(#3667,#3668,#3669,#3670,#3671,
    #3672,#3673,#3674,#3675,#3676,#3677,#3678,#3679,#3680),
  .UNSPECIFIED.,.F.,.F.,(5,3,3,3,5),(0.,0.216357653944,0.451510695981,
    0.711630961827,1.),.UNSPECIFIED.);
#3667 = CARTESIAN_POINT('',(11.,0.894961826707));
#3668 = CARTESIAN_POINT('',(10.93440978866,0.892001191633));
#3669 = CARTESIAN_POINT('',(10.870785727025,0.889019776654));
#3670 = CARTESIAN_POINT('',(10.809016343396,0.886018312131));
#3671 = CARTESIAN_POINT('',(10.683770184609,0.87971388242));
#3672 = CARTESIAN_POINT('',(10.620611282615,0.876407379135));
#3673 = CARTESIAN_POINT('',(10.559393183508,0.873078473155));
#3674 = CARTESIAN_POINT('',(10.434301384947,0.866020926499));
#3675 = CARTESIAN_POINT('',(10.370835836665,0.86228737446));
#3676 = CARTESIAN_POINT('',(10.309447294772,0.858527507196));
#3677 = CARTESIAN_POINT('',(10.184097855833,0.850544570461));
#3678 = CARTESIAN_POINT('',(10.120581531729,0.846315544989));
#3679 = CARTESIAN_POINT('',(10.059267397114,0.842054925315));
#3680 = CARTESIAN_POINT('',(10.,0.837762761588));
#3681 = ( GEOMETRIC_REPRESENTATION_CONTEXT(2) 
PARAMETRIC_REPRESENTATION_CONTEXT() REPRESENTATION_CONTEXT('2D SPACE',''
  ) );
#3682 = PCURVE('',#3192,#3683);
#3683 = DEFINITIONAL_REPRESENTATION('',(#3684),#3699);
#3684 = B_SPLINE_CURVE_WITH_KNOTS('',4,(#3685,#3686,#3687,#3688,#3689,
    #3690,#3691,#3692,#3693,#3694,#3695,#3696,#3697,#3698),
  .UNSPECIFIED.,.F.,.F.,(5,3,3,3,5),(0.,0.216357653944,0.451510695981,
    0.711630961827,1.),.UNSPECIFIED.);
#3685 = CARTESIAN_POINT('',(3.910280326112,9.736241440716));
#3686 = CARTESIAN_POINT('',(3.733146018458,9.777126401253));
#3687 = CARTESIAN_POINT('',(3.55535034585,9.8182983224));
#3688 = CARTESIAN_POINT('',(3.376968992567,9.85974711819));
#3689 = CARTESIAN_POINT('',(3.0036143951,9.946808290393));
#3690 = CARTESIAN_POINT('',(2.808546161583,9.992469526233));
#3691 = CARTESIAN_POINT('',(2.612935861339,10.038440132622));
#3692 = CARTESIAN_POINT('',(2.199933536953,10.135901491198));
#3693 = CARTESIAN_POINT('',(1.982434213976,10.187460066986));
#3694 = CARTESIAN_POINT('',(1.76442940286,10.239382043489));
#3695 = CARTESIAN_POINT('',(1.303812549308,10.349622598401));
#3696 = CARTESIAN_POINT('',(1.061099597414,10.408023426336));
#3697 = CARTESIAN_POINT('',(0.817930105011,10.466860555167));
#3698 = CARTESIAN_POINT('',(0.574368968103,10.526133292352));
#3699 = ( GEOMETRIC_REPRESENTATION_CONTEXT(2) 
PARAMETRIC_REPRESENTATION_CONTEXT() REPRESENTATION_CONTEXT('2D SPACE',''
  ) );
#3700 = ADVANCED_FACE('',(#3701),#788,.T.);
#3701 = FACE_BOUND('',#3702,.T.);
#3702 = EDGE_LOOP('',(#3703,#3704,#3705,#3728));
#3703 = ORIENTED_EDGE('',*,*,#3624,.F.);
#3704 = ORIENTED_EDGE('',*,*,#768,.F.);
#3705 = ORIENTED_EDGE('',*,*,#3706,.T.);
#3706 = EDGE_CURVE('',#733,#3707,#3709,.T.);
#3707 = VERTEX_POINT('',#3708);
#3708 = CARTESIAN_POINT('',(0.,-9.711652400642,-8.097235020674));
#3709 = SURFACE_CURVE('',#3710,(#3714,#3721),.PCURVE_S1.);
#3710 = B_SPLINE_CURVE_WITH_KNOTS('',2,(#3711,#3712,#3713),
  .UNSPECIFIED.,.F.,.F.,(3,3),(0.,1.),.PIECEWISE_BEZIER_KNOTS.);
#3711 = CARTESIAN_POINT('',(0.,-28.5,1.));
#3712 = CARTESIAN_POINT('',(0.,-30.,-4.));
#3713 = CARTESIAN_POINT('',(0.,-5.5,-9.));
#3714 = PCURVE('',#788,#3715);
#3715 = DEFINITIONAL_REPRESENTATION('',(#3716),#3720);
#3716 = LINE('',#3717,#3718);
#3717 = CARTESIAN_POINT('',(12.,0.));
#3718 = VECTOR('',#3719,1.);
#3719 = DIRECTION('',(0.,1.));
#3720 = ( GEOMETRIC_REPRESENTATION_CONTEXT(2) 
PARAMETRIC_REPRESENTATION_CONTEXT() REPRESENTATION_CONTEXT('2D SPACE',''
  ) );
#3721 = PCURVE('',#752,#3722);
#3722 = DEFINITIONAL_REPRESENTATION('',(#3723),#3727);
#3723 = LINE('',#3724,#3725);
#3724 = CARTESIAN_POINT('',(12.,0.));
#3725 = VECTOR('',#3726,1.);
#3726 = DIRECTION('',(0.,1.));
#3727 = ( GEOMETRIC_REPRESENTATION_CONTEXT(2) 
PARAMETRIC_REPRESENTATION_CONTEXT() REPRESENTATION_CONTEXT('2D SPACE',''
  ) );
#3728 = ORIENTED_EDGE('',*,*,#3729,.T.);
#3729 = EDGE_CURVE('',#3707,#3625,#3730,.T.);
#3730 = SURFACE_CURVE('',#3731,(#3737,#3746),.PCURVE_S1.);
#3731 = B_SPLINE_CURVE_WITH_KNOTS('',4,(#3732,#3733,#3734,#3735,#3736),
  .UNSPECIFIED.,.F.,.F.,(5,5),(0.,1.),.PIECEWISE_BEZIER_KNOTS.);
#3732 = CARTESIAN_POINT('',(0.,-9.711652400642,-8.097235020674));
#3733 = CARTESIAN_POINT('',(-0.641639485981,-9.677002736479,
    -8.060852873303));
#3734 = CARTESIAN_POINT('',(-1.287501854872,-9.64200949825,
    -8.024109973163));
#3735 = CARTESIAN_POINT('',(-1.937008185177,-9.606692448195,
    -7.987027070605));
#3736 = CARTESIAN_POINT('',(-2.589719673888,-9.571065016255,
    -7.949618267068));
#3737 = PCURVE('',#788,#3738);
#3738 = DEFINITIONAL_REPRESENTATION('',(#3739),#3745);
#3739 = B_SPLINE_CURVE_WITH_KNOTS('',4,(#3740,#3741,#3742,#3743,#3744),
  .UNSPECIFIED.,.F.,.F.,(5,5),(0.,1.),.PIECEWISE_BEZIER_KNOTS.);
#3740 = CARTESIAN_POINT('',(12.,0.909723502067));
#3741 = CARTESIAN_POINT('',(11.735202203589,0.90608528733));
#3742 = CARTESIAN_POINT('',(11.480734625628,0.902410997316));
#3743 = CARTESIAN_POINT('',(11.235884633659,0.89870270706));
#3744 = CARTESIAN_POINT('',(11.,0.894961826707));
#3745 = ( GEOMETRIC_REPRESENTATION_CONTEXT(2) 
PARAMETRIC_REPRESENTATION_CONTEXT() REPRESENTATION_CONTEXT('2D SPACE',''
  ) );
#3746 = PCURVE('',#3192,#3747);
#3747 = DEFINITIONAL_REPRESENTATION('',(#3748),#3754);
#3748 = B_SPLINE_CURVE_WITH_KNOTS('',4,(#3749,#3750,#3751,#3752,#3753),
  .UNSPECIFIED.,.F.,.F.,(5,5),(0.,1.),.PIECEWISE_BEZIER_KNOTS.);
#3749 = CARTESIAN_POINT('',(6.5,9.532389733354));
#3750 = CARTESIAN_POINT('',(5.858360514019,9.582631746391));
#3751 = CARTESIAN_POINT('',(5.212498145128,9.633371941823));
#3752 = CARTESIAN_POINT('',(4.562991814823,9.684581664403));
#3753 = CARTESIAN_POINT('',(3.910280326112,9.736241440716));
#3754 = ( GEOMETRIC_REPRESENTATION_CONTEXT(2) 
PARAMETRIC_REPRESENTATION_CONTEXT() REPRESENTATION_CONTEXT('2D SPACE',''
  ) );
#3755 = ADVANCED_FACE('',(#3756),#752,.T.);
#3756 = FACE_BOUND('',#3757,.T.);
#3757 = EDGE_LOOP('',(#3758,#3759,#3760,#3783));
#3758 = ORIENTED_EDGE('',*,*,#3706,.F.);
#3759 = ORIENTED_EDGE('',*,*,#732,.F.);
#3760 = ORIENTED_EDGE('',*,*,#3761,.T.);
#3761 = EDGE_CURVE('',#697,#3762,#3764,.T.);
#3762 = VERTEX_POINT('',#3763);
#3763 = CARTESIAN_POINT('',(2.589719673888,-9.571065016255,
    -7.949618267068));
#3764 = SURFACE_CURVE('',#3765,(#3769,#3776),.PCURVE_S1.);
#3765 = B_SPLINE_CURVE_WITH_KNOTS('',2,(#3766,#3767,#3768),
  .UNSPECIFIED.,.F.,.F.,(3,3),(0.,1.),.PIECEWISE_BEZIER_KNOTS.);
#3766 = CARTESIAN_POINT('',(7.08,-26.331,1.));
#3767 = CARTESIAN_POINT('',(7.6545,-27.716,-4.));
#3768 = CARTESIAN_POINT('',(1.339,-5.081,-9.));
#3769 = PCURVE('',#752,#3770);
#3770 = DEFINITIONAL_REPRESENTATION('',(#3771),#3775);
#3771 = LINE('',#3772,#3773);
#3772 = CARTESIAN_POINT('',(13.,0.));
#3773 = VECTOR('',#3774,1.);
#3774 = DIRECTION('',(0.,1.));
#3775 = ( GEOMETRIC_REPRESENTATION_CONTEXT(2) 
PARAMETRIC_REPRESENTATION_CONTEXT() REPRESENTATION_CONTEXT('2D SPACE',''
  ) );
#3776 = PCURVE('',#716,#3777);
#3777 = DEFINITIONAL_REPRESENTATION('',(#3778),#3782);
#3778 = LINE('',#3779,#3780);
#3779 = CARTESIAN_POINT('',(13.,0.));
#3780 = VECTOR('',#3781,1.);
#3781 = DIRECTION('',(0.,1.));
#3782 = ( GEOMETRIC_REPRESENTATION_CONTEXT(2) 
PARAMETRIC_REPRESENTATION_CONTEXT() REPRESENTATION_CONTEXT('2D SPACE',''
  ) );
#3783 = ORIENTED_EDGE('',*,*,#3784,.T.);
#3784 = EDGE_CURVE('',#3762,#3707,#3785,.T.);
#3785 = SURFACE_CURVE('',#3786,(#3792,#3801),.PCURVE_S1.);
#3786 = B_SPLINE_CURVE_WITH_KNOTS('',4,(#3787,#3788,#3789,#3790,#3791),
  .UNSPECIFIED.,.F.,.F.,(5,5),(0.,1.),.PIECEWISE_BEZIER_KNOTS.);
#3787 = CARTESIAN_POINT('',(2.589719673888,-9.571065016255,
    -7.949618267068));
#3788 = CARTESIAN_POINT('',(1.937008185171,-9.606692448195,
    -7.987027070605));
#3789 = CARTESIAN_POINT('',(1.287501854876,-9.64200949825,
    -8.024109973162));
#3790 = CARTESIAN_POINT('',(0.641639485975,-9.677002736479,
    -8.060852873303));
#3791 = CARTESIAN_POINT('',(0.,-9.711652400642,-8.097235020674));
#3792 = PCURVE('',#752,#3793);
#3793 = DEFINITIONAL_REPRESENTATION('',(#3794),#3800);
#3794 = B_SPLINE_CURVE_WITH_KNOTS('',4,(#3795,#3796,#3797,#3798,#3799),
  .UNSPECIFIED.,.F.,.F.,(5,5),(0.,1.),.PIECEWISE_BEZIER_KNOTS.);
#3795 = CARTESIAN_POINT('',(13.,0.894961826707));
#3796 = CARTESIAN_POINT('',(12.764115366339,0.898702707061));
#3797 = CARTESIAN_POINT('',(12.519265374374,0.902410997316));
#3798 = CARTESIAN_POINT('',(12.264797796409,0.90608528733));
#3799 = CARTESIAN_POINT('',(12.,0.909723502067));
#3800 = ( GEOMETRIC_REPRESENTATION_CONTEXT(2) 
PARAMETRIC_REPRESENTATION_CONTEXT() REPRESENTATION_CONTEXT('2D SPACE',''
  ) );
#3801 = PCURVE('',#3192,#3802);
#3802 = DEFINITIONAL_REPRESENTATION('',(#3803),#3809);
#3803 = B_SPLINE_CURVE_WITH_KNOTS('',4,(#3804,#3805,#3806,#3807,#3808),
  .UNSPECIFIED.,.F.,.F.,(5,5),(0.,1.),.PIECEWISE_BEZIER_KNOTS.);
#3804 = CARTESIAN_POINT('',(9.089719673888,9.736241440716));
#3805 = CARTESIAN_POINT('',(8.437008185171,9.684581664402));
#3806 = CARTESIAN_POINT('',(7.787501854876,9.633371941823));
#3807 = CARTESIAN_POINT('',(7.141639485975,9.582631746391));
#3808 = CARTESIAN_POINT('',(6.5,9.532389733354));
#3809 = ( GEOMETRIC_REPRESENTATION_CONTEXT(2) 
PARAMETRIC_REPRESENTATION_CONTEXT() REPRESENTATION_CONTEXT('2D SPACE',''
  ) );
#3810 = ADVANCED_FACE('',(#3811),#716,.T.);
#3811 = FACE_BOUND('',#3812,.T.);
#3812 = EDGE_LOOP('',(#3813,#3814,#3815,#3838));
#3813 = ORIENTED_EDGE('',*,*,#3761,.F.);
#3814 = ORIENTED_EDGE('',*,*,#696,.F.);
#3815 = ORIENTED_EDGE('',*,*,#3816,.T.);
#3816 = EDGE_CURVE('',#661,#3817,#3819,.T.);
#3817 = VERTEX_POINT('',#3818);
#3818 = CARTESIAN_POINT('',(5.925631031897,-9.026312015127,
    -7.377627615883));
#3819 = SURFACE_CURVE('',#3820,(#3824,#3831),.PCURVE_S1.);
#3820 = B_SPLINE_CURVE_WITH_KNOTS('',2,(#3821,#3822,#3823),
  .UNSPECIFIED.,.F.,.F.,(3,3),(0.,1.),.PIECEWISE_BEZIER_KNOTS.);
#3821 = CARTESIAN_POINT('',(13.081,-20.153,1.));
#3822 = CARTESIAN_POINT('',(14.142,-21.213,-4.));
#3823 = CARTESIAN_POINT('',(2.475,-3.889,-9.));
#3824 = PCURVE('',#716,#3825);
#3825 = DEFINITIONAL_REPRESENTATION('',(#3826),#3830);
#3826 = LINE('',#3827,#3828);
#3827 = CARTESIAN_POINT('',(14.,0.));
#3828 = VECTOR('',#3829,1.);
#3829 = DIRECTION('',(0.,1.));
#3830 = ( GEOMETRIC_REPRESENTATION_CONTEXT(2) 
PARAMETRIC_REPRESENTATION_CONTEXT() REPRESENTATION_CONTEXT('2D SPACE',''
  ) );
#3831 = PCURVE('',#680,#3832);
#3832 = DEFINITIONAL_REPRESENTATION('',(#3833),#3837);
#3833 = LINE('',#3834,#3835);
#3834 = CARTESIAN_POINT('',(14.,0.));
#3835 = VECTOR('',#3836,1.);
#3836 = DIRECTION('',(0.,1.));
#3837 = ( GEOMETRIC_REPRESENTATION_CONTEXT(2) 
PARAMETRIC_REPRESENTATION_CONTEXT() REPRESENTATION_CONTEXT('2D SPACE',''
  ) );
#3838 = ORIENTED_EDGE('',*,*,#3839,.T.);
#3839 = EDGE_CURVE('',#3817,#3762,#3840,.T.);
#3840 = SURFACE_CURVE('',#3841,(#3856,#3874),.PCURVE_S1.);
#3841 = B_SPLINE_CURVE_WITH_KNOTS('',4,(#3842,#3843,#3844,#3845,#3846,
    #3847,#3848,#3849,#3850,#3851,#3852,#3853,#3854,#3855),
  .UNSPECIFIED.,.F.,.F.,(5,3,3,3,5),(0.,0.289462508271,0.54848952919,
    0.784543925636,1.),.UNSPECIFIED.);
#3842 = CARTESIAN_POINT('',(5.925631031897,-9.026312015127,
    -7.377627615883));
#3843 = CARTESIAN_POINT('',(5.681146332453,-9.067344769762,
    -7.420712008251));
#3844 = CARTESIAN_POINT('',(5.437056255357,-9.108074821923,
    -7.463478563019));
#3845 = CARTESIAN_POINT('',(5.193426431568,-9.148501689277,
    -7.505926773741));
#3846 = CARTESIAN_POINT('',(4.732821148037,-9.224523097559,
    -7.585749252437));
#3847 = CARTESIAN_POINT('',(4.515736812558,-9.260178761993,
    -7.623187700092));
#3848 = CARTESIAN_POINT('',(4.299154067011,-9.295585885014,
    -7.660365179264));
#3849 = CARTESIAN_POINT('',(3.886311760598,-9.36277457189,
    -7.730913300484));
#3850 = CARTESIAN_POINT('',(3.689953528583,-9.394599154844,
    -7.764329112586));
#3851 = CARTESIAN_POINT('',(3.49414176078,-9.426208724687,
    -7.797519160921));
#3852 = CARTESIAN_POINT('',(3.120801050169,-9.486246029591,
    -7.86055833107));
#3853 = CARTESIAN_POINT('',(2.943167889122,-9.514710703493,
    -7.890446238668));
#3854 = CARTESIAN_POINT('',(2.766115848792,-9.542985988907,
    -7.920135288353));
#3855 = CARTESIAN_POINT('',(2.589719673888,-9.571065016255,
    -7.949618267068));
#3856 = PCURVE('',#716,#3857);
#3857 = DEFINITIONAL_REPRESENTATION('',(#3858),#3873);
#3858 = B_SPLINE_CURVE_WITH_KNOTS('',4,(#3859,#3860,#3861,#3862,#3863,
    #3864,#3865,#3866,#3867,#3868,#3869,#3870,#3871,#3872),
  .UNSPECIFIED.,.F.,.F.,(5,3,3,3,5),(0.,0.289462508271,0.54848952919,
    0.784543925636,1.),.UNSPECIFIED.);
#3859 = CARTESIAN_POINT('',(14.,0.837762761588));
#3860 = CARTESIAN_POINT('',(13.940507866098,0.842071200825));
#3861 = CARTESIAN_POINT('',(13.878953442599,0.846347856302));
#3862 = CARTESIAN_POINT('',(13.815179505221,0.850592677374));
#3863 = CARTESIAN_POINT('',(13.689778365454,0.858574925244));
#3864 = CARTESIAN_POINT('',(13.628630435885,0.862318770009));
#3865 = CARTESIAN_POINT('',(13.565422271123,0.866036517926));
#3866 = CARTESIAN_POINT('',(13.440378927527,0.873091330048));
#3867 = CARTESIAN_POINT('',(13.378919147842,0.876432911259));
#3868 = CARTESIAN_POINT('',(13.315503211582,0.879751916092));
#3869 = CARTESIAN_POINT('',(13.190211366213,0.886055833107));
#3870 = CARTESIAN_POINT('',(13.1286839861,0.889044623867));
#3871 = CARTESIAN_POINT('',(13.065316891712,0.892013528835));
#3872 = CARTESIAN_POINT('',(13.,0.894961826707));
#3873 = ( GEOMETRIC_REPRESENTATION_CONTEXT(2) 
PARAMETRIC_REPRESENTATION_CONTEXT() REPRESENTATION_CONTEXT('2D SPACE',''
  ) );
#3874 = PCURVE('',#3192,#3875);
#3875 = DEFINITIONAL_REPRESENTATION('',(#3876),#3891);
#3876 = B_SPLINE_CURVE_WITH_KNOTS('',4,(#3877,#3878,#3879,#3880,#3881,
    #3882,#3883,#3884,#3885,#3886,#3887,#3888,#3889,#3890),
  .UNSPECIFIED.,.F.,.F.,(5,3,3,3,5),(0.,0.289462508271,0.54848952919,
    0.784543925636,1.),.UNSPECIFIED.);
#3877 = CARTESIAN_POINT('',(12.425631031897,10.526133292352));
#3878 = CARTESIAN_POINT('',(12.181146332453,10.46663579813));
#3879 = CARTESIAN_POINT('',(11.937056255357,10.407577222498));
#3880 = CARTESIAN_POINT('',(11.693426431568,10.348958264834));
#3881 = CARTESIAN_POINT('',(11.232821148037,10.238727222825));
#3882 = CARTESIAN_POINT('',(11.015736812558,10.187026509396));
#3883 = CARTESIAN_POINT('',(10.799154067011,10.135686181016));
#3884 = CARTESIAN_POINT('',(10.386311760598,10.038262585045));
#3885 = CARTESIAN_POINT('',(10.189953528583,9.992116939762));
#3886 = CARTESIAN_POINT('',(9.99414176078,9.94628306349));
#3887 = CARTESIAN_POINT('',(9.620801050169,9.859228971379));
#3888 = CARTESIAN_POINT('',(9.443167889122,9.81795519422));
#3889 = CARTESIAN_POINT('',(9.266115848792,9.77695603037));
#3890 = CARTESIAN_POINT('',(9.089719673888,9.736241440716));
#3891 = ( GEOMETRIC_REPRESENTATION_CONTEXT(2) 
PARAMETRIC_REPRESENTATION_CONTEXT() REPRESENTATION_CONTEXT('2D SPACE',''
  ) );
#3892 = ADVANCED_FACE('',(#3893),#680,.T.);
#3893 = FACE_BOUND('',#3894,.T.);
#3894 = EDGE_LOOP('',(#3895,#3896,#3897,#3920,#3941,#3971,#4015,#4124,
    #4185,#4246));
#3895 = ORIENTED_EDGE('',*,*,#3816,.F.);
#3896 = ORIENTED_EDGE('',*,*,#660,.F.);
#3897 = ORIENTED_EDGE('',*,*,#3898,.T.);
#3898 = EDGE_CURVE('',#625,#3899,#3901,.T.);
#3899 = VERTEX_POINT('',#3900);
#3900 = CARTESIAN_POINT('',(3.234,-2.105,-9.));
#3901 = SURFACE_CURVE('',#3902,(#3906,#3913),.PCURVE_S1.);
#3902 = B_SPLINE_CURVE_WITH_KNOTS('',2,(#3903,#3904,#3905),
  .UNSPECIFIED.,.F.,.F.,(3,3),(0.,1.),.PIECEWISE_BEZIER_KNOTS.);
#3903 = CARTESIAN_POINT('',(17.092,-10.906,1.));
#3904 = CARTESIAN_POINT('',(18.477,-11.4805,-4.));
#3905 = CARTESIAN_POINT('',(3.234,-2.105,-9.));
#3906 = PCURVE('',#680,#3907);
#3907 = DEFINITIONAL_REPRESENTATION('',(#3908),#3912);
#3908 = LINE('',#3909,#3910);
#3909 = CARTESIAN_POINT('',(15.,0.));
#3910 = VECTOR('',#3911,1.);
#3911 = DIRECTION('',(0.,1.));
#3912 = ( GEOMETRIC_REPRESENTATION_CONTEXT(2) 
PARAMETRIC_REPRESENTATION_CONTEXT() REPRESENTATION_CONTEXT('2D SPACE',''
  ) );
#3913 = PCURVE('',#644,#3914);
#3914 = DEFINITIONAL_REPRESENTATION('',(#3915),#3919);
#3915 = LINE('',#3916,#3917);
#3916 = CARTESIAN_POINT('',(15.,0.));
#3917 = VECTOR('',#3918,1.);
#3918 = DIRECTION('',(0.,1.));
#3919 = ( GEOMETRIC_REPRESENTATION_CONTEXT(2) 
PARAMETRIC_REPRESENTATION_CONTEXT() REPRESENTATION_CONTEXT('2D SPACE',''
  ) );
#3920 = ORIENTED_EDGE('',*,*,#3921,.F.);
#3921 = EDGE_CURVE('',#3922,#3899,#3924,.T.);
#3922 = VERTEX_POINT('',#3923);
#3923 = CARTESIAN_POINT('',(2.475,-3.889,-9.));
#3924 = SURFACE_CURVE('',#3925,(#3928,#3935),.PCURVE_S1.);
#3925 = B_SPLINE_CURVE_WITH_KNOTS('',1,(#3926,#3927),.UNSPECIFIED.,.F.,
  .F.,(2,2),(14.,15.),.PIECEWISE_BEZIER_KNOTS.);
#3926 = CARTESIAN_POINT('',(2.475,-3.889,-9.));
#3927 = CARTESIAN_POINT('',(3.234,-2.105,-9.));
#3928 = PCURVE('',#680,#3929);
#3929 = DEFINITIONAL_REPRESENTATION('',(#3930),#3934);
#3930 = LINE('',#3931,#3932);
#3931 = CARTESIAN_POINT('',(0.,1.));
#3932 = VECTOR('',#3933,1.);
#3933 = DIRECTION('',(1.,0.));
#3934 = ( GEOMETRIC_REPRESENTATION_CONTEXT(2) 
PARAMETRIC_REPRESENTATION_CONTEXT() REPRESENTATION_CONTEXT('2D SPACE',''
  ) );
#3935 = PCURVE('',#2786,#3936);
#3936 = DEFINITIONAL_REPRESENTATION('',(#3937),#3940);
#3937 = B_SPLINE_CURVE_WITH_KNOTS('',1,(#3938,#3939),.UNSPECIFIED.,.F.,
  .F.,(2,2),(14.,15.),.PIECEWISE_BEZIER_KNOTS.);
#3938 = CARTESIAN_POINT('',(-1.26241294937,3.818541546882));
#3939 = CARTESIAN_POINT('',(-0.925353542669,1.909319727304));
#3940 = ( GEOMETRIC_REPRESENTATION_CONTEXT(2) 
PARAMETRIC_REPRESENTATION_CONTEXT() REPRESENTATION_CONTEXT('2D SPACE',''
  ) );
#3941 = ORIENTED_EDGE('',*,*,#3942,.F.);
#3942 = EDGE_CURVE('',#3943,#3922,#3945,.T.);
#3943 = VERTEX_POINT('',#3944);
#3944 = CARTESIAN_POINT('',(3.880282590006,-5.97766806334,
    -8.376551466507));
#3945 = SURFACE_CURVE('',#3946,(#3950,#3957),.PCURVE_S1.);
#3946 = B_SPLINE_CURVE_WITH_KNOTS('',2,(#3947,#3948,#3949),
  .UNSPECIFIED.,.F.,.F.,(3,3),(0.,1.),.PIECEWISE_BEZIER_KNOTS.);
#3947 = CARTESIAN_POINT('',(13.081,-20.153,1.));
#3948 = CARTESIAN_POINT('',(14.142,-21.213,-4.));
#3949 = CARTESIAN_POINT('',(2.475,-3.889,-9.));
#3950 = PCURVE('',#680,#3951);
#3951 = DEFINITIONAL_REPRESENTATION('',(#3952),#3956);
#3952 = LINE('',#3953,#3954);
#3953 = CARTESIAN_POINT('',(14.,0.));
#3954 = VECTOR('',#3955,1.);
#3955 = DIRECTION('',(0.,1.));
#3956 = ( GEOMETRIC_REPRESENTATION_CONTEXT(2) 
PARAMETRIC_REPRESENTATION_CONTEXT() REPRESENTATION_CONTEXT('2D SPACE',''
  ) );
#3957 = PCURVE('',#3958,#3965);
#3958 = B_SPLINE_SURFACE_WITH_KNOTS('',1,2,(
    (#3959,#3960,#3961)
    ,(#3962,#3963,#3964
    )),.UNSPECIFIED.,.F.,.F.,.F.,(2,2),(3,3),(13.,14.),(0.,1.),
  .PIECEWISE_BEZIER_KNOTS.);
#3959 = CARTESIAN_POINT('',(7.08,-26.331,1.));
#3960 = CARTESIAN_POINT('',(7.6545,-27.716,-4.));
#3961 = CARTESIAN_POINT('',(1.339,-5.081,-9.));
#3962 = CARTESIAN_POINT('',(13.081,-20.153,1.));
#3963 = CARTESIAN_POINT('',(14.142,-21.213,-4.));
#3964 = CARTESIAN_POINT('',(2.475,-3.889,-9.));
#3965 = DEFINITIONAL_REPRESENTATION('',(#3966),#3970);
#3966 = LINE('',#3967,#3968);
#3967 = CARTESIAN_POINT('',(14.,0.));
#3968 = VECTOR('',#3969,1.);
#3969 = DIRECTION('',(0.,1.));
#3970 = ( GEOMETRIC_REPRESENTATION_CONTEXT(2) 
PARAMETRIC_REPRESENTATION_CONTEXT() REPRESENTATION_CONTEXT('2D SPACE',''
  ) );
#3971 = ORIENTED_EDGE('',*,*,#3972,.F.);
#3972 = EDGE_CURVE('',#3973,#3943,#3975,.T.);
#3973 = VERTEX_POINT('',#3974);
#3974 = CARTESIAN_POINT('',(6.5,-5.332446289082,-7.699068603536));
#3975 = SURFACE_CURVE('',#3976,(#3987,#4001),.PCURVE_S1.);
#3976 = B_SPLINE_CURVE_WITH_KNOTS('',5,(#3977,#3978,#3979,#3980,#3981,
    #3982,#3983,#3984,#3985,#3986),.UNSPECIFIED.,.F.,.F.,(6,4,6),(0.,
    0.569957951271,1.),.UNSPECIFIED.);
#3977 = CARTESIAN_POINT('',(6.5,-5.332446289082,-7.699068603536));
#3978 = CARTESIAN_POINT('',(6.197725557216,-5.409491593374,
    -7.779966173043));
#3979 = CARTESIAN_POINT('',(5.895904692954,-5.485594586572,
    -7.859874315901));
#3980 = CARTESIAN_POINT('',(5.594747973525,-5.560752464512,
    -7.938790087738));
#3981 = CARTESIAN_POINT('',(5.29459011523,-5.634932098521,
    -8.016678703447));
#3982 = CARTESIAN_POINT('',(4.770567649032,-5.76325415328,
    -8.151416860943));
#3983 = CARTESIAN_POINT('',(4.546071198618,-5.817843020617,
    -8.208735171648));
#3984 = CARTESIAN_POINT('',(4.322638108672,-5.871810143183,
    -8.265400650342));
#3985 = CARTESIAN_POINT('',(4.100573154499,-5.925107616313,
    -8.321362997129));
#3986 = CARTESIAN_POINT('',(3.880282590006,-5.97766806334,
    -8.376551466507));
#3987 = PCURVE('',#680,#3988);
#3988 = DEFINITIONAL_REPRESENTATION('',(#3989),#4000);
#3989 = B_SPLINE_CURVE_WITH_KNOTS('',5,(#3990,#3991,#3992,#3993,#3994,
    #3995,#3996,#3997,#3998,#3999),.UNSPECIFIED.,.F.,.F.,(6,4,6),(0.,
    0.569957951271,1.),.UNSPECIFIED.);
#3990 = CARTESIAN_POINT('',(14.74214737457,0.86990685926));
#3991 = CARTESIAN_POINT('',(14.678422961388,0.877996616211));
#3992 = CARTESIAN_POINT('',(14.610182728778,0.885987434282));
#3993 = CARTESIAN_POINT('',(14.536776098835,0.893879007284));
#3994 = CARTESIAN_POINT('',(14.45740300417,0.901667870345));
#3995 = CARTESIAN_POINT('',(14.305798696953,0.915141686094));
#3996 = CARTESIAN_POINT('',(14.236599832154,0.920873517165));
#3997 = CARTESIAN_POINT('',(14.162939501061,0.926540065034));
#3998 = CARTESIAN_POINT('',(14.084281600156,0.932136299713));
#3999 = CARTESIAN_POINT('',(14.,0.937655146651));
#4000 = ( GEOMETRIC_REPRESENTATION_CONTEXT(2) 
PARAMETRIC_REPRESENTATION_CONTEXT() REPRESENTATION_CONTEXT('2D SPACE',''
  ) );
#4001 = PCURVE('',#3547,#4002);
#4002 = DEFINITIONAL_REPRESENTATION('',(#4003),#4014);
#4003 = B_SPLINE_CURVE_WITH_KNOTS('',5,(#4004,#4005,#4006,#4007,#4008,
    #4009,#4010,#4011,#4012,#4013),.UNSPECIFIED.,.F.,.F.,(6,4,6),(0.,
    0.569957951271,1.),.UNSPECIFIED.);
#4004 = CARTESIAN_POINT('',(0.,10.082238595117));
#4005 = CARTESIAN_POINT('',(0.302274442784,9.970522903894));
#4006 = CARTESIAN_POINT('',(0.604095307046,9.860173563756));
#4007 = CARTESIAN_POINT('',(0.905252026475,9.751194640743));
#4008 = CARTESIAN_POINT('',(1.20540988477,9.64363417143));
#4009 = CARTESIAN_POINT('',(1.729432350968,9.45756719203));
#4010 = CARTESIAN_POINT('',(1.953928801382,9.378413334392));
#4011 = CARTESIAN_POINT('',(2.177361891328,9.300161006671));
#4012 = CARTESIAN_POINT('',(2.399426845501,9.222879670632));
#4013 = CARTESIAN_POINT('',(2.619717409994,9.146667022443));
#4014 = ( GEOMETRIC_REPRESENTATION_CONTEXT(2) 
PARAMETRIC_REPRESENTATION_CONTEXT() REPRESENTATION_CONTEXT('2D SPACE',''
  ) );
#4015 = ORIENTED_EDGE('',*,*,#4016,.F.);
#4016 = EDGE_CURVE('',#4017,#3973,#4019,.T.);
#4017 = VERTEX_POINT('',#4018);
#4018 = CARTESIAN_POINT('',(7.5,-5.957794548251,-7.305684275663));
#4019 = SURFACE_CURVE('',#4020,(#4051,#4085),.PCURVE_S1.);
#4020 = B_SPLINE_CURVE_WITH_KNOTS('',8,(#4021,#4022,#4023,#4024,#4025,
    #4026,#4027,#4028,#4029,#4030,#4031,#4032,#4033,#4034,#4035,#4036,
    #4037,#4038,#4039,#4040,#4041,#4042,#4043,#4044,#4045,#4046,#4047,
    #4048,#4049,#4050),.UNSPECIFIED.,.F.,.F.,(9,7,7,7,9),(0.,
    3.594387691611E-02,0.341298146879,0.705626079137,1.),.UNSPECIFIED.);
#4021 = CARTESIAN_POINT('',(12.19358852591,-8.592125759805,
    -5.14346409559));
#4022 = CARTESIAN_POINT('',(12.1514884488,-8.571628590374,
    -5.166147148653));
#4023 = CARTESIAN_POINT('',(12.109383497494,-8.551041108869,
    -5.188740491944));
#4024 = CARTESIAN_POINT('',(12.067273900696,-8.530364698407,
    -5.211245337596));
#4025 = CARTESIAN_POINT('',(12.025160285244,-8.509600763211,
    -5.233662501866));
#4026 = CARTESIAN_POINT('',(11.983042633165,-8.488750559263,
    -5.255993322402));
#4027 = CARTESIAN_POINT('',(11.940921554259,-8.467815433713,
    -5.278238573427));
#4028 = CARTESIAN_POINT('',(11.898797195487,-8.446796605817,
    -5.300399380847));
#4029 = CARTESIAN_POINT('',(11.498785567672,-8.246433298907,
    -5.510030117797));
#4030 = CARTESIAN_POINT('',(11.140707468892,-8.061229084899,
    -5.691547696807));
#4031 = CARTESIAN_POINT('',(10.782581020531,-7.870813939893,
    -5.86764456533));
#4032 = CARTESIAN_POINT('',(10.424524009708,-7.675772825405,
    -6.038811256482));
#4033 = CARTESIAN_POINT('',(10.066626016781,-7.476583135301,
    -6.205454974446));
#4034 = CARTESIAN_POINT('',(9.708947964162,-7.273641568644,
    -6.367928284706));
#4035 = CARTESIAN_POINT('',(9.351521788535,-7.067279130068,
    -6.52654520861));
#4036 = CARTESIAN_POINT('',(8.568197449922,-6.607785371665,
    -6.86656731783));
#4037 = CARTESIAN_POINT('',(8.142446958412,-6.35334260518,
    -7.046440429107));
#4038 = CARTESIAN_POINT('',(7.71712935106,-6.094910836224,
    -7.221670559422));
#4039 = CARTESIAN_POINT('',(7.292272207586,-5.832879659145,
    -7.392637824136));
#4040 = CARTESIAN_POINT('',(6.867897549544,-5.567578241856,
    -7.559664726928));
#4041 = CARTESIAN_POINT('',(6.444020199364,-5.299288461377,
    -7.723031675114));
#4042 = CARTESIAN_POINT('',(6.020647704413,-5.028253139809,
    -7.882985707166));
#4043 = CARTESIAN_POINT('',(5.25611092282,-4.533646406836,
    -8.166412258217));
#4044 = CARTESIAN_POINT('',(4.914843304159,-4.311000928553,
    -8.290965505613));
#4045 = CARTESIAN_POINT('',(4.573922476127,-4.086826056518,
    -8.41354875941));
#4046 = CARTESIAN_POINT('',(4.23333540726,-3.861214176179,
    -8.534272707364));
#4047 = CARTESIAN_POINT('',(3.893105917037,-3.63427256278,
    -8.653224978031));
#4048 = CARTESIAN_POINT('',(3.553317967128,-3.406146724464,
    -8.770470195203));
#4049 = CARTESIAN_POINT('',(3.21409907259,-3.177008462552,-8.88605485946
    ));
#4050 = CARTESIAN_POINT('',(2.875712431886,-2.947141003314,-9.));
#4051 = PCURVE('',#680,#4052);
#4052 = DEFINITIONAL_REPRESENTATION('',(#4053),#4084);
#4053 = B_SPLINE_CURVE_WITH_KNOTS('',8,(#4054,#4055,#4056,#4057,#4058,
    #4059,#4060,#4061,#4062,#4063,#4064,#4065,#4066,#4067,#4068,#4069,
    #4070,#4071,#4072,#4073,#4074,#4075,#4076,#4077,#4078,#4079,#4080,
    #4081,#4082,#4083),.UNSPECIFIED.,.F.,.F.,(9,7,7,7,9),(0.,
    3.594387691611E-02,0.341298146879,0.705626079137,1.),.UNSPECIFIED.);
#4054 = CARTESIAN_POINT('',(14.889557643785,0.614346323642));
#4055 = CARTESIAN_POINT('',(14.888509577078,0.616614628948));
#4056 = CARTESIAN_POINT('',(14.887464243017,0.618874674711));
#4057 = CARTESIAN_POINT('',(14.886422718457,0.621123343959));
#4058 = CARTESIAN_POINT('',(14.885382419647,0.623367450215));
#4059 = CARTESIAN_POINT('',(14.884346347939,0.625598660118));
#4060 = CARTESIAN_POINT('',(14.883311830891,0.627824030325));
#4061 = CARTESIAN_POINT('',(14.882280133918,0.630039938085));
#4062 = CARTESIAN_POINT('',(14.872505470034,0.65100301178));
#4063 = CARTESIAN_POINT('',(14.863929504044,0.669154769681));
#4064 = CARTESIAN_POINT('',(14.855457298739,0.686764456533));
#4065 = CARTESIAN_POINT('',(14.847029144776,0.703881125648));
#4066 = CARTESIAN_POINT('',(14.838587374364,0.720545497445));
#4067 = CARTESIAN_POINT('',(14.830072234023,0.736792828471));
#4068 = CARTESIAN_POINT('',(14.821417395879,0.752654520861));
#4069 = CARTESIAN_POINT('',(14.801959296884,0.786656731783));
#4070 = CARTESIAN_POINT('',(14.791065096161,0.804644042911));
#4071 = CARTESIAN_POINT('',(14.779729061507,0.822167055942));
#4072 = CARTESIAN_POINT('',(14.767800214986,0.839263782414));
#4073 = CARTESIAN_POINT('',(14.755079430597,0.855966472693));
#4074 = CARTESIAN_POINT('',(14.741313187877,0.872303167511));
#4075 = CARTESIAN_POINT('',(14.726144920229,0.888298570717));
#4076 = CARTESIAN_POINT('',(14.695069639045,0.916641225822));
#4077 = CARTESIAN_POINT('',(14.679865135054,0.929096550561));
#4078 = CARTESIAN_POINT('',(14.663024499666,0.941354875941));
#4079 = CARTESIAN_POINT('',(14.64407184782,0.953427270736));
#4080 = CARTESIAN_POINT('',(14.622460072924,0.965322497803));
#4081 = CARTESIAN_POINT('',(14.597126818583,0.97704701952));
#4082 = CARTESIAN_POINT('',(14.566792000008,0.988605485946));
#4083 = CARTESIAN_POINT('',(14.527947868097,1.));
#4084 = ( GEOMETRIC_REPRESENTATION_CONTEXT(2) 
PARAMETRIC_REPRESENTATION_CONTEXT() REPRESENTATION_CONTEXT('2D SPACE',''
  ) );
#4085 = PCURVE('',#4086,#4091);
#4086 = PLANE('',#4087);
#4087 = AXIS2_PLACEMENT_3D('',#4088,#4089,#4090);
#4088 = CARTESIAN_POINT('',(7.,9.797295389132,8.712160158588));
#4089 = DIRECTION('',(0.586509812152,0.586509812152,-0.558580773478));
#4090 = DIRECTION('',(-0.707106781187,0.707106781187,-8.816188767719E-17
    ));
#4091 = DEFINITIONAL_REPRESENTATION('',(#4092),#4123);
#4092 = B_SPLINE_CURVE_WITH_KNOTS('',8,(#4093,#4094,#4095,#4096,#4097,
    #4098,#4099,#4100,#4101,#4102,#4103,#4104,#4105,#4106,#4107,#4108,
    #4109,#4110,#4111,#4112,#4113,#4114,#4115,#4116,#4117,#4118,#4119,
    #4120,#4121,#4122),.UNSPECIFIED.,.F.,.F.,(9,7,7,7,9),(0.,
    3.594387691611E-02,0.341298146879,0.705626079137,1.),.UNSPECIFIED.);
#4093 = CARTESIAN_POINT('',(-16.67570606187,-16.70458987166));
#4094 = CARTESIAN_POINT('',(-16.63144312436,-16.73193696851));
#4095 = CARTESIAN_POINT('',(-16.58711287998,-16.75917590965));
#4096 = CARTESIAN_POINT('',(-16.54271646849,-16.78630815644));
#4097 = CARTESIAN_POINT('',(-16.49825532604,-16.81333469299));
#4098 = CARTESIAN_POINT('',(-16.45373032805,-16.84025713197));
#4099 = CARTESIAN_POINT('',(-16.40914285828,-16.86707640681));
#4100 = CARTESIAN_POINT('',(-16.3644938828,-16.89379387492));
#4101 = CARTESIAN_POINT('',(-15.9399646952,-17.14652846277));
#4102 = CARTESIAN_POINT('',(-15.55580608773,-17.36536932163));
#4103 = CARTESIAN_POINT('',(-15.1679286073,-17.57767487441));
#4104 = CARTESIAN_POINT('',(-14.77682917223,-17.78403651665));
#4105 = CARTESIAN_POINT('',(-14.38290869384,-17.98494518105));
#4106 = CARTESIAN_POINT('',(-13.98649075939,-18.18082592689));
#4107 = CARTESIAN_POINT('',(-13.58783200713,-18.37205734396));
#4108 = CARTESIAN_POINT('',(-12.70902690295,-18.78199411603));
#4109 = CARTESIAN_POINT('',(-12.2280576377,-18.99885237501));
#4110 = CARTESIAN_POINT('',(-11.74457381708,-19.21011297261));
#4111 = CARTESIAN_POINT('',(-11.2588704277,-19.41623418275));
#4112 = CARTESIAN_POINT('',(-10.77119579801,-19.61760482167));
#4113 = CARTESIAN_POINT('',(-10.28175972621,-19.81456295347));
#4114 = CARTESIAN_POINT('',(-9.790739250244,-20.00740641218));
#4115 = CARTESIAN_POINT('',(-8.900390332607,-20.34911056114));
#4116 = CARTESIAN_POINT('',(-8.501643557758,-20.49927419698));
#4117 = CARTESIAN_POINT('',(-8.102060556221,-20.6470627731));
#4118 = CARTESIAN_POINT('',(-7.701697439737,-20.79260973665));
#4119 = CARTESIAN_POINT('',(-7.300646906273,-20.93602073419));
#4120 = CARTESIAN_POINT('',(-6.89907121549,-21.07737367732));
#4121 = CARTESIAN_POINT('',(-6.497182016028,-21.21672462799));
#4122 = CARTESIAN_POINT('',(-6.095365688522,-21.35409893936));
#4123 = ( GEOMETRIC_REPRESENTATION_CONTEXT(2) 
PARAMETRIC_REPRESENTATION_CONTEXT() REPRESENTATION_CONTEXT('2D SPACE',''
  ) );
#4124 = ORIENTED_EDGE('',*,*,#4125,.T.);
#4125 = EDGE_CURVE('',#4017,#4126,#4128,.T.);
#4126 = VERTEX_POINT('',#4127);
#4127 = CARTESIAN_POINT('',(7.5,-7.720333961861,-7.056350659954));
#4128 = SURFACE_CURVE('',#4129,(#4144,#4162),.PCURVE_S1.);
#4129 = B_SPLINE_CURVE_WITH_KNOTS('',4,(#4130,#4131,#4132,#4133,#4134,
    #4135,#4136,#4137,#4138,#4139,#4140,#4141,#4142,#4143),
  .UNSPECIFIED.,.F.,.F.,(5,3,3,3,5),(0.,0.205400697409,0.435214660876,
    0.697830805532,1.),.UNSPECIFIED.);
#4130 = CARTESIAN_POINT('',(7.5,-4.735347821406,-7.473587317283));
#4131 = CARTESIAN_POINT('',(7.5,-5.074655945242,-7.427530293126));
#4132 = CARTESIAN_POINT('',(7.5,-5.414417793422,-7.381013541644));
#4133 = CARTESIAN_POINT('',(7.5,-5.754558997343,-7.334034139615));
#4134 = CARTESIAN_POINT('',(7.5,-6.475957048465,-7.23349605059));
#4135 = CARTESIAN_POINT('',(7.5,-6.857295220614,-7.179819078368));
#4136 = CARTESIAN_POINT('',(7.5,-7.238962250186,-7.125544012096));
#4137 = CARTESIAN_POINT('',(7.5,-8.057357626,-7.007931075362));
#4138 = CARTESIAN_POINT('',(7.5,-8.494168910781,-6.944405401104));
#4139 = CARTESIAN_POINT('',(7.5,-8.931252202423,-6.880053930297));
#4140 = CARTESIAN_POINT('',(7.5,-9.871703078236,-6.739809871517));
#4141 = CARTESIAN_POINT('',(7.5,-10.37513845364,-6.663638770064));
#4142 = CARTESIAN_POINT('',(7.5,-10.87876027276,-6.586277842019));
#4143 = CARTESIAN_POINT('',(7.5,-11.38249964939,-6.507656181034));
#4144 = PCURVE('',#680,#4145);
#4145 = DEFINITIONAL_REPRESENTATION('',(#4146),#4161);
#4146 = B_SPLINE_CURVE_WITH_KNOTS('',4,(#4147,#4148,#4149,#4150,#4151,
    #4152,#4153,#4154,#4155,#4156,#4157,#4158,#4159,#4160),
  .UNSPECIFIED.,.F.,.F.,(5,3,3,3,5),(0.,0.205400697409,0.435214660876,
    0.697830805532,1.),.UNSPECIFIED.);
#4147 = CARTESIAN_POINT('',(15.,0.847358731728));
#4148 = CARTESIAN_POINT('',(14.933499101043,0.842753029313));
#4149 = CARTESIAN_POINT('',(14.869635524423,0.838101354164));
#4150 = CARTESIAN_POINT('',(14.80819503893,0.833403413962));
#4151 = CARTESIAN_POINT('',(14.682770087224,0.823349605059));
#4152 = CARTESIAN_POINT('',(14.619350921336,0.817981907837));
#4153 = CARTESIAN_POINT('',(14.558494794881,0.81255440121));
#4154 = CARTESIAN_POINT('',(14.433158164012,0.800793107536));
#4155 = CARTESIAN_POINT('',(14.369399669828,0.79444054011));
#4156 = CARTESIAN_POINT('',(14.308426183717,0.78800539303));
#4157 = CARTESIAN_POINT('',(14.182778237305,0.773980987152));
#4158 = CARTESIAN_POINT('',(14.1189287152,0.766363877006));
#4159 = CARTESIAN_POINT('',(14.058094300043,0.758627784202));
#4160 = CARTESIAN_POINT('',(14.,0.750765618103));
#4161 = ( GEOMETRIC_REPRESENTATION_CONTEXT(2) 
PARAMETRIC_REPRESENTATION_CONTEXT() REPRESENTATION_CONTEXT('2D SPACE',''
  ) );
#4162 = PCURVE('',#4163,#4168);
#4163 = PLANE('',#4164);
#4164 = AXIS2_PLACEMENT_3D('',#4165,#4166,#4167);
#4165 = CARTESIAN_POINT('',(7.5,8.297295389132,8.712160158588));
#4166 = DIRECTION('',(1.,0.,0.));
#4167 = DIRECTION('',(-0.,1.,7.260673763898E-19));
#4168 = DEFINITIONAL_REPRESENTATION('',(#4169),#4184);
#4169 = B_SPLINE_CURVE_WITH_KNOTS('',4,(#4170,#4171,#4172,#4173,#4174,
    #4175,#4176,#4177,#4178,#4179,#4180,#4181,#4182,#4183),
  .UNSPECIFIED.,.F.,.F.,(5,3,3,3,5),(0.,0.205400697409,0.435214660876,
    0.697830805532,1.),.UNSPECIFIED.);
#4170 = CARTESIAN_POINT('',(-13.03264321053,-16.18574747587));
#4171 = CARTESIAN_POINT('',(-13.37195133437,-16.13969045171));
#4172 = CARTESIAN_POINT('',(-13.71171318255,-16.09317370023));
#4173 = CARTESIAN_POINT('',(-14.05185438647,-16.0461942982));
#4174 = CARTESIAN_POINT('',(-14.77325243759,-15.94565620917));
#4175 = CARTESIAN_POINT('',(-15.15459060974,-15.89197923695));
#4176 = CARTESIAN_POINT('',(-15.53625763931,-15.83770417068));
#4177 = CARTESIAN_POINT('',(-16.35465301513,-15.72009123395));
#4178 = CARTESIAN_POINT('',(-16.79146429991,-15.65656555969));
#4179 = CARTESIAN_POINT('',(-17.22854759155,-15.59221408888));
#4180 = CARTESIAN_POINT('',(-18.16899846736,-15.4519700301));
#4181 = CARTESIAN_POINT('',(-18.67243384278,-15.37579892865));
#4182 = CARTESIAN_POINT('',(-19.17605566189,-15.2984380006));
#4183 = CARTESIAN_POINT('',(-19.67979503852,-15.21981633962));
#4184 = ( GEOMETRIC_REPRESENTATION_CONTEXT(2) 
PARAMETRIC_REPRESENTATION_CONTEXT() REPRESENTATION_CONTEXT('2D SPACE',''
  ) );
#4185 = ORIENTED_EDGE('',*,*,#4186,.T.);
#4186 = EDGE_CURVE('',#4126,#4187,#4189,.T.);
#4187 = VERTEX_POINT('',#4188);
#4188 = CARTESIAN_POINT('',(6.5,-8.872851306942,-7.21649387229));
#4189 = SURFACE_CURVE('',#4190,(#4205,#4223),.PCURVE_S1.);
#4190 = B_SPLINE_CURVE_WITH_KNOTS('',4,(#4191,#4192,#4193,#4194,#4195,
    #4196,#4197,#4198,#4199,#4200,#4201,#4202,#4203,#4204),
  .UNSPECIFIED.,.F.,.F.,(5,3,3,3,5),(0.,0.276484770593,0.532771898211,
    0.773786642229,1.),.UNSPECIFIED.);
#4191 = CARTESIAN_POINT('',(9.181118018245,-5.776552319123,
    -6.780553854237));
#4192 = CARTESIAN_POINT('',(8.968755166824,-6.022627082777,
    -6.815951362081));
#4193 = CARTESIAN_POINT('',(8.756452612192,-6.268445095704,
    -6.851142593291));
#4194 = CARTESIAN_POINT('',(8.54422836057,-6.513991811049,
    -6.886131180199));
#4195 = CARTESIAN_POINT('',(8.13547484031,-6.986589469144,
    -6.953167524926));
#4196 = CARTESIAN_POINT('',(7.938931601288,-7.213681155411,
    -6.985243394533));
#4197 = CARTESIAN_POINT('',(7.74249071393,-7.440509265999,
    -7.017149978925));
#4198 = CARTESIAN_POINT('',(7.361552117651,-7.880101924151,
    -7.078736743892));
#4199 = CARTESIAN_POINT('',(7.17704030889,-8.092899017206,
    -7.108436292401));
#4200 = CARTESIAN_POINT('',(6.99265307321,-8.305431835647,-7.1379891543)
  );
#4201 = CARTESIAN_POINT('',(6.635481450982,-8.716897115351,
    -7.19499749465));
#4202 = CARTESIAN_POINT('',(6.462679948751,-8.915863210356,
    -7.222470317062));
#4203 = CARTESIAN_POINT('',(6.290021352027,-9.11456492673,
    -7.249815592695));
#4204 = CARTESIAN_POINT('',(6.117524492,-9.312983806887,-7.277033713831)
  );
#4205 = PCURVE('',#680,#4206);
#4206 = DEFINITIONAL_REPRESENTATION('',(#4207),#4222);
#4207 = B_SPLINE_CURVE_WITH_KNOTS('',4,(#4208,#4209,#4210,#4211,#4212,
    #4213,#4214,#4215,#4216,#4217,#4218,#4219,#4220,#4221),
  .UNSPECIFIED.,.F.,.F.,(5,3,3,3,5),(0.,0.276484770593,0.532771898211,
    0.773786642229,1.),.UNSPECIFIED.);
#4208 = CARTESIAN_POINT('',(15.,0.778055385424));
#4209 = CARTESIAN_POINT('',(14.939385998661,0.781595136208));
#4210 = CARTESIAN_POINT('',(14.877396876055,0.785114259329));
#4211 = CARTESIAN_POINT('',(14.813961674445,0.78861311802));
#4212 = CARTESIAN_POINT('',(14.688783616538,0.795316752493));
#4213 = CARTESIAN_POINT('',(14.627255622628,0.798524339453));
#4214 = CARTESIAN_POINT('',(14.564351736193,0.801714997893));
#4215 = CARTESIAN_POINT('',(14.439482569533,0.807873674389));
#4216 = CARTESIAN_POINT('',(14.377684708242,0.81084362924));
#4217 = CARTESIAN_POINT('',(14.31454611881,0.81379891543));
#4218 = CARTESIAN_POINT('',(14.189417192978,0.819499749465));
#4219 = CARTESIAN_POINT('',(14.12759444954,0.822247031706));
#4220 = CARTESIAN_POINT('',(14.064475920611,0.82498155927));
#4221 = CARTESIAN_POINT('',(14.,0.827703371383));
#4222 = ( GEOMETRIC_REPRESENTATION_CONTEXT(2) 
PARAMETRIC_REPRESENTATION_CONTEXT() REPRESENTATION_CONTEXT('2D SPACE',''
  ) );
#4223 = PCURVE('',#4224,#4229);
#4224 = PLANE('',#4225);
#4225 = AXIS2_PLACEMENT_3D('',#4226,#4227,#4228);
#4226 = CARTESIAN_POINT('',(7.,6.797295389132,8.712160158588));
#4227 = DIRECTION('',(0.586509812152,-0.586509812152,0.558580773478));
#4228 = DIRECTION('',(0.707106781187,0.707106781187,-8.816188767719E-17)
  );
#4229 = DEFINITIONAL_REPRESENTATION('',(#4230),#4245);
#4230 = B_SPLINE_CURVE_WITH_KNOTS('',4,(#4231,#4232,#4233,#4234,#4235,
    #4236,#4237,#4238,#4239,#4240,#4241,#4242,#4243,#4244),
  .UNSPECIFIED.,.F.,.F.,(5,3,3,3,5),(0.,0.276484770593,0.532771898211,
    0.773786642229,1.),.UNSPECIFIED.);
#4231 = CARTESIAN_POINT('',(-7.348769638845,-18.67829473689));
#4232 = CARTESIAN_POINT('',(-7.672933985216,-18.72097060917));
#4233 = CARTESIAN_POINT('',(-7.996874145137,-18.76339779063));
#4234 = CARTESIAN_POINT('',(-8.320567100109,-18.80558066047));
#4235 = CARTESIAN_POINT('',(-8.943776494931,-18.88640088369));
#4236 = CARTESIAN_POINT('',(-9.243331623351,-18.92507212916));
#4237 = CARTESIAN_POINT('',(-9.542628002065,-18.96353928132));
#4238 = CARTESIAN_POINT('',(-10.12283121624,-19.03778939314));
#4239 = CARTESIAN_POINT('',(-10.40377103494,-19.07359570314));
#4240 = CARTESIAN_POINT('',(-10.6844358968,-19.10922516512));
#4241 = CARTESIAN_POINT('',(-11.22794426243,-19.17795544586));
#4242 = CARTESIAN_POINT('',(-11.49082365146,-19.21107717481));
#4243 = CARTESIAN_POINT('',(-11.75341504711,-19.24404513107));
#4244 = CARTESIAN_POINT('',(-12.01569208225,-19.27685978758));
#4245 = ( GEOMETRIC_REPRESENTATION_CONTEXT(2) 
PARAMETRIC_REPRESENTATION_CONTEXT() REPRESENTATION_CONTEXT('2D SPACE',''
  ) );
#4246 = ORIENTED_EDGE('',*,*,#4247,.T.);
#4247 = EDGE_CURVE('',#4187,#3817,#4248,.T.);
#4248 = SURFACE_CURVE('',#4249,(#4258,#4270),.PCURVE_S1.);
#4249 = B_SPLINE_CURVE_WITH_KNOTS('',4,(#4250,#4251,#4252,#4253,#4254,
    #4255,#4256,#4257),.UNSPECIFIED.,.F.,.F.,(5,3,5),(0.,
    5.520651479027E-02,1.),.UNSPECIFIED.);
#4250 = CARTESIAN_POINT('',(6.5,-8.872851306942,-7.21649387229));
#4251 = CARTESIAN_POINT('',(6.492063666973,-8.874991011331,
    -7.218740561897));
#4252 = CARTESIAN_POINT('',(6.484127569875,-8.877129926547,
    -7.220986422875));
#4253 = CARTESIAN_POINT('',(6.476191806376,-8.879268027735,
    -7.223231429122));
#4254 = CARTESIAN_POINT('',(6.332449691197,-8.917982802738,
    -7.263881942874));
#4255 = CARTESIAN_POINT('',(6.196725759389,-8.954326324367,
    -7.302042640585));
#4256 = CARTESIAN_POINT('',(6.061109312069,-8.990436407536,
    -7.339958227913));
#4257 = CARTESIAN_POINT('',(5.925631031897,-9.026312015127,
    -7.377627615883));
#4258 = PCURVE('',#680,#4259);
#4259 = DEFINITIONAL_REPRESENTATION('',(#4260),#4269);
#4260 = B_SPLINE_CURVE_WITH_KNOTS('',4,(#4261,#4262,#4263,#4264,#4265,
    #4266,#4267,#4268),.UNSPECIFIED.,.F.,.F.,(5,3,5),(0.,
    5.520651479027E-02,1.),.UNSPECIFIED.);
#4261 = CARTESIAN_POINT('',(14.140397601878,0.821649385201));
#4262 = CARTESIAN_POINT('',(14.138548769361,0.821874054162));
#4263 = CARTESIAN_POINT('',(14.136696996193,0.822098644818));
#4264 = CARTESIAN_POINT('',(14.13484180486,0.822323142912));
#4265 = CARTESIAN_POINT('',(14.101182067871,0.826388194287));
#4266 = CARTESIAN_POINT('',(14.068458948498,0.830204264059));
#4267 = CARTESIAN_POINT('',(14.034754624034,0.833995822791));
#4268 = CARTESIAN_POINT('',(14.,0.837762761588));
#4269 = ( GEOMETRIC_REPRESENTATION_CONTEXT(2) 
PARAMETRIC_REPRESENTATION_CONTEXT() REPRESENTATION_CONTEXT('2D SPACE',''
  ) );
#4270 = PCURVE('',#3192,#4271);
#4271 = DEFINITIONAL_REPRESENTATION('',(#4272),#4281);
#4272 = B_SPLINE_CURVE_WITH_KNOTS('',4,(#4273,#4274,#4275,#4276,#4277,
    #4278,#4279,#4280),.UNSPECIFIED.,.F.,.F.,(5,3,5),(0.,
    5.520651479027E-02,1.),.UNSPECIFIED.);
#4273 = CARTESIAN_POINT('',(13.,10.748651319219));
#4274 = CARTESIAN_POINT('',(12.992063666973,10.745548747856));
#4275 = CARTESIAN_POINT('',(12.984127569875,10.742447320792));
#4276 = CARTESIAN_POINT('',(12.976191806376,10.73934707407));
#4277 = CARTESIAN_POINT('',(12.832449691197,10.683210650316));
#4278 = CARTESIAN_POINT('',(12.696725759389,10.630512543954));
#4279 = CARTESIAN_POINT('',(12.561109312069,10.578152923358));
#4280 = CARTESIAN_POINT('',(12.425631031897,10.526133292352));
#4281 = ( GEOMETRIC_REPRESENTATION_CONTEXT(2) 
PARAMETRIC_REPRESENTATION_CONTEXT() REPRESENTATION_CONTEXT('2D SPACE',''
  ) );
#4282 = ADVANCED_FACE('',(#4283),#644,.T.);
#4283 = FACE_BOUND('',#4284,.T.);
#4284 = EDGE_LOOP('',(#4285,#4286,#4287,#4310));
#4285 = ORIENTED_EDGE('',*,*,#3898,.F.);
#4286 = ORIENTED_EDGE('',*,*,#624,.F.);
#4287 = ORIENTED_EDGE('',*,*,#4288,.T.);
#4288 = EDGE_CURVE('',#589,#4289,#4291,.T.);
#4289 = VERTEX_POINT('',#4290);
#4290 = CARTESIAN_POINT('',(3.5,0.,-9.));
#4291 = SURFACE_CURVE('',#4292,(#4296,#4303),.PCURVE_S1.);
#4292 = B_SPLINE_CURVE_WITH_KNOTS('',2,(#4293,#4294,#4295),
  .UNSPECIFIED.,.F.,.F.,(3,3),(0.,1.),.PIECEWISE_BEZIER_KNOTS.);
#4293 = CARTESIAN_POINT('',(18.5,0.,1.));
#4294 = CARTESIAN_POINT('',(20.,0.,-4.));
#4295 = CARTESIAN_POINT('',(3.5,0.,-9.));
#4296 = PCURVE('',#644,#4297);
#4297 = DEFINITIONAL_REPRESENTATION('',(#4298),#4302);
#4298 = LINE('',#4299,#4300);
#4299 = CARTESIAN_POINT('',(16.,0.));
#4300 = VECTOR('',#4301,1.);
#4301 = DIRECTION('',(0.,1.));
#4302 = ( GEOMETRIC_REPRESENTATION_CONTEXT(2) 
PARAMETRIC_REPRESENTATION_CONTEXT() REPRESENTATION_CONTEXT('2D SPACE',''
  ) );
#4303 = PCURVE('',#608,#4304);
#4304 = DEFINITIONAL_REPRESENTATION('',(#4305),#4309);
#4305 = LINE('',#4306,#4307);
#4306 = CARTESIAN_POINT('',(0.,0.));
#4307 = VECTOR('',#4308,1.);
#4308 = DIRECTION('',(0.,1.));
#4309 = ( GEOMETRIC_REPRESENTATION_CONTEXT(2) 
PARAMETRIC_REPRESENTATION_CONTEXT() REPRESENTATION_CONTEXT('2D SPACE',''
  ) );
#4310 = ORIENTED_EDGE('',*,*,#4311,.F.);
#4311 = EDGE_CURVE('',#3899,#4289,#4312,.T.);
#4312 = SURFACE_CURVE('',#4313,(#4316,#4323),.PCURVE_S1.);
#4313 = B_SPLINE_CURVE_WITH_KNOTS('',1,(#4314,#4315),.UNSPECIFIED.,.F.,
  .F.,(2,2),(15.,16.),.PIECEWISE_BEZIER_KNOTS.);
#4314 = CARTESIAN_POINT('',(3.234,-2.105,-9.));
#4315 = CARTESIAN_POINT('',(3.5,7.86873728686E-17,-9.));
#4316 = PCURVE('',#644,#4317);
#4317 = DEFINITIONAL_REPRESENTATION('',(#4318),#4322);
#4318 = LINE('',#4319,#4320);
#4319 = CARTESIAN_POINT('',(0.,1.));
#4320 = VECTOR('',#4321,1.);
#4321 = DIRECTION('',(1.,0.));
#4322 = ( GEOMETRIC_REPRESENTATION_CONTEXT(2) 
PARAMETRIC_REPRESENTATION_CONTEXT() REPRESENTATION_CONTEXT('2D SPACE',''
  ) );
#4323 = PCURVE('',#2786,#4324);
#4324 = DEFINITIONAL_REPRESENTATION('',(#4325),#4328);
#4325 = B_SPLINE_CURVE_WITH_KNOTS('',1,(#4326,#4327),.UNSPECIFIED.,.F.,
  .F.,(2,2),(15.,16.),.PIECEWISE_BEZIER_KNOTS.);
#4326 = CARTESIAN_POINT('',(-0.925353542669,1.909319727304));
#4327 = CARTESIAN_POINT('',(0.,-2.22044604925E-16));
#4328 = ( GEOMETRIC_REPRESENTATION_CONTEXT(2) 
PARAMETRIC_REPRESENTATION_CONTEXT() REPRESENTATION_CONTEXT('2D SPACE',''
  ) );
#4329 = ADVANCED_FACE('',(#4330),#608,.T.);
#4330 = FACE_BOUND('',#4331,.T.);
#4331 = EDGE_LOOP('',(#4332,#4333,#4334,#4335));
#4332 = ORIENTED_EDGE('',*,*,#4288,.F.);
#4333 = ORIENTED_EDGE('',*,*,#588,.F.);
#4334 = ORIENTED_EDGE('',*,*,#2726,.T.);
#4335 = ORIENTED_EDGE('',*,*,#4336,.F.);
#4336 = EDGE_CURVE('',#4289,#2727,#4337,.T.);
#4337 = SURFACE_CURVE('',#4338,(#4341,#4348),.PCURVE_S1.);
#4338 = B_SPLINE_CURVE_WITH_KNOTS('',1,(#4339,#4340),.UNSPECIFIED.,.F.,
  .F.,(2,2),(0.,1.),.PIECEWISE_BEZIER_KNOTS.);
#4339 = CARTESIAN_POINT('',(3.5,0.,-9.));
#4340 = CARTESIAN_POINT('',(3.234,2.105,-9.));
#4341 = PCURVE('',#608,#4342);
#4342 = DEFINITIONAL_REPRESENTATION('',(#4343),#4347);
#4343 = LINE('',#4344,#4345);
#4344 = CARTESIAN_POINT('',(0.,1.));
#4345 = VECTOR('',#4346,1.);
#4346 = DIRECTION('',(1.,0.));
#4347 = ( GEOMETRIC_REPRESENTATION_CONTEXT(2) 
PARAMETRIC_REPRESENTATION_CONTEXT() REPRESENTATION_CONTEXT('2D SPACE',''
  ) );
#4348 = PCURVE('',#2786,#4349);
#4349 = DEFINITIONAL_REPRESENTATION('',(#4350),#4353);
#4350 = B_SPLINE_CURVE_WITH_KNOTS('',1,(#4351,#4352),.UNSPECIFIED.,.F.,
  .F.,(2,2),(0.,1.),.PIECEWISE_BEZIER_KNOTS.);
#4351 = CARTESIAN_POINT('',(0.,0.));
#4352 = CARTESIAN_POINT('',(1.371226444813,-1.61911056974));
#4353 = ( GEOMETRIC_REPRESENTATION_CONTEXT(2) 
PARAMETRIC_REPRESENTATION_CONTEXT() REPRESENTATION_CONTEXT('2D SPACE',''
  ) );
#4354 = ADVANCED_FACE('',(#4355),#1360,.F.);
#4355 = FACE_BOUND('',#4356,.F.);
#4356 = EDGE_LOOP('',(#4357,#4358,#4414,#4435));
#4357 = ORIENTED_EDGE('',*,*,#2667,.F.);
#4358 = ORIENTED_EDGE('',*,*,#4359,.F.);
#4359 = EDGE_CURVE('',#4360,#2624,#4362,.T.);
#4360 = VERTEX_POINT('',#4361);
#4361 = CARTESIAN_POINT('',(-2.156098136015,-7.338547015989,
    -9.805474366788));
#4362 = SURFACE_CURVE('',#4363,(#4378,#4396),.PCURVE_S1.);
#4363 = B_SPLINE_CURVE_WITH_KNOTS('',4,(#4364,#4365,#4366,#4367,#4368,
    #4369,#4370,#4371,#4372,#4373,#4374,#4375,#4376,#4377),
  .UNSPECIFIED.,.F.,.F.,(5,3,3,3,5),(0.,0.218687292639,0.45463023475,
    0.713973627973,1.),.UNSPECIFIED.);
#4364 = CARTESIAN_POINT('',(-2.156098136015,-7.338547015989,
    -9.805474366788));
#4365 = CARTESIAN_POINT('',(-2.301391556282,-7.318661737355,
    -9.784594824222));
#4366 = CARTESIAN_POINT('',(-2.447425357199,-7.298594859677,
    -9.763524602661));
#4367 = CARTESIAN_POINT('',(-2.594132362833,-7.278354711485,
    -9.742272447059));
#4368 = CARTESIAN_POINT('',(-2.900401781498,-7.235932085787,
    -9.697728690076));
#4369 = CARTESIAN_POINT('',(-3.06006509517,-7.213722369066,
    -9.67440848752));
#4370 = CARTESIAN_POINT('',(-3.220372254965,-7.191328346877,
    -9.650894764221));
#4371 = CARTESIAN_POINT('',(-3.558110118604,-7.143948125066,
    -9.601145531319));
#4372 = CARTESIAN_POINT('',(-3.735662162766,-7.118925124518,
    -9.574871380744));
#4373 = CARTESIAN_POINT('',(-3.913838628934,-7.093698433751,
    -9.548383355439));
#4374 = CARTESIAN_POINT('',(-4.289700231729,-7.040237780882,
    -9.492249669926));
#4375 = CARTESIAN_POINT('',(-4.487506253856,-7.011961473121,
    -9.462559546777));
#4376 = CARTESIAN_POINT('',(-4.68590579307,-6.983457551374,
    -9.432630428942));
#4377 = CARTESIAN_POINT('',(-4.884830830731,-6.954733923925,
    -9.402470620121));
#4378 = PCURVE('',#1360,#4379);
#4379 = DEFINITIONAL_REPRESENTATION('',(#4380),#4395);
#4380 = B_SPLINE_CURVE_WITH_KNOTS('',4,(#4381,#4382,#4383,#4384,#4385,
    #4386,#4387,#4388,#4389,#4390,#4391,#4392,#4393,#4394),
  .UNSPECIFIED.,.F.,.F.,(5,3,3,3,5),(0.,0.218687292639,0.45463023475,
    0.713973627973,1.),.UNSPECIFIED.);
#4381 = CARTESIAN_POINT('',(11.,0.980547436679));
#4382 = CARTESIAN_POINT('',(10.934674301064,0.978459482422));
#4383 = CARTESIAN_POINT('',(10.871112245149,0.976352460266));
#4384 = CARTESIAN_POINT('',(10.809244260487,0.974227244706));
#4385 = CARTESIAN_POINT('',(10.684002257053,0.969772869008));
#4386 = CARTESIAN_POINT('',(10.620894720591,0.967440848752));
#4387 = CARTESIAN_POINT('',(10.55958921936,0.965089476422));
#4388 = CARTESIAN_POINT('',(10.434501108911,0.960114553132));
#4389 = CARTESIAN_POINT('',(10.371075969514,0.957487138074));
#4390 = CARTESIAN_POINT('',(10.30961109557,0.954838335544));
#4391 = CARTESIAN_POINT('',(10.184256233557,0.949224966993));
#4392 = CARTESIAN_POINT('',(10.120767486645,0.946255954678));
#4393 = CARTESIAN_POINT('',(10.059391603622,0.943263042894));
#4394 = CARTESIAN_POINT('',(10.,0.940247062012));
#4395 = ( GEOMETRIC_REPRESENTATION_CONTEXT(2) 
PARAMETRIC_REPRESENTATION_CONTEXT() REPRESENTATION_CONTEXT('2D SPACE',''
  ) );
#4396 = PCURVE('',#1599,#4397);
#4397 = DEFINITIONAL_REPRESENTATION('',(#4398),#4413);
#4398 = B_SPLINE_CURVE_WITH_KNOTS('',4,(#4399,#4400,#4401,#4402,#4403,
    #4404,#4405,#4406,#4407,#4408,#4409,#4410,#4411,#4412),
  .UNSPECIFIED.,.F.,.F.,(5,3,3,3,5),(0.,0.218687292639,0.45463023475,
    0.713973627973,1.),.UNSPECIFIED.);
#4399 = CARTESIAN_POINT('',(8.656098136015,7.173392541102));
#4400 = CARTESIAN_POINT('',(8.801391556282,7.202226195122));
#4401 = CARTESIAN_POINT('',(8.947425357199,7.231323167754));
#4402 = CARTESIAN_POINT('',(9.094132362833,7.260671382632));
#4403 = CARTESIAN_POINT('',(9.400401781498,7.322184189895));
#4404 = CARTESIAN_POINT('',(9.56006509517,7.354388279139));
#4405 = CARTESIAN_POINT('',(9.720372254965,7.386859611314));
#4406 = CARTESIAN_POINT('',(10.058110118604,7.45556093294));
#4407 = CARTESIAN_POINT('',(10.235662162766,7.491844283735));
#4408 = CARTESIAN_POINT('',(10.413838628934,7.528422985346));
#4409 = CARTESIAN_POINT('',(10.789700231729,7.605940932007));
#4410 = CARTESIAN_POINT('',(10.987506253856,7.64694157826));
#4411 = CARTESIAN_POINT('',(11.18590579307,7.688272264794));
#4412 = CARTESIAN_POINT('',(11.384830830731,7.729921524594));
#4413 = ( GEOMETRIC_REPRESENTATION_CONTEXT(2) 
PARAMETRIC_REPRESENTATION_CONTEXT() REPRESENTATION_CONTEXT('2D SPACE',''
  ) );
#4414 = ORIENTED_EDGE('',*,*,#4415,.T.);
#4415 = EDGE_CURVE('',#4360,#1347,#4416,.T.);
#4416 = SURFACE_CURVE('',#4417,(#4421,#4428),.PCURVE_S1.);
#4417 = B_SPLINE_CURVE_WITH_KNOTS('',2,(#4418,#4419,#4420),
  .UNSPECIFIED.,.F.,.F.,(3,3),(0.,1.),.PIECEWISE_BEZIER_KNOTS.);
#4418 = CARTESIAN_POINT('',(-7.654,-27.716,0.));
#4419 = CARTESIAN_POINT('',(-8.2285,-29.1025,-5.));
#4420 = CARTESIAN_POINT('',(-1.913,-6.467,-10.));
#4421 = PCURVE('',#1360,#4422);
#4422 = DEFINITIONAL_REPRESENTATION('',(#4423),#4427);
#4423 = LINE('',#4424,#4425);
#4424 = CARTESIAN_POINT('',(11.,0.));
#4425 = VECTOR('',#4426,1.);
#4426 = DIRECTION('',(0.,1.));
#4427 = ( GEOMETRIC_REPRESENTATION_CONTEXT(2) 
PARAMETRIC_REPRESENTATION_CONTEXT() REPRESENTATION_CONTEXT('2D SPACE',''
  ) );
#4428 = PCURVE('',#1388,#4429);
#4429 = DEFINITIONAL_REPRESENTATION('',(#4430),#4434);
#4430 = LINE('',#4431,#4432);
#4431 = CARTESIAN_POINT('',(11.,0.));
#4432 = VECTOR('',#4433,1.);
#4433 = DIRECTION('',(0.,1.));
#4434 = ( GEOMETRIC_REPRESENTATION_CONTEXT(2) 
PARAMETRIC_REPRESENTATION_CONTEXT() REPRESENTATION_CONTEXT('2D SPACE',''
  ) );
#4435 = ORIENTED_EDGE('',*,*,#1346,.F.);
#4436 = ADVANCED_FACE('',(#4437),#1388,.F.);
#4437 = FACE_BOUND('',#4438,.F.);
#4438 = EDGE_LOOP('',(#4439,#4440,#4469,#4490));
#4439 = ORIENTED_EDGE('',*,*,#4415,.F.);
#4440 = ORIENTED_EDGE('',*,*,#4441,.F.);
#4441 = EDGE_CURVE('',#4442,#4360,#4444,.T.);
#4442 = VERTEX_POINT('',#4443);
#4443 = CARTESIAN_POINT('',(0.,-7.438226270793,-9.910137584333));
#4444 = SURFACE_CURVE('',#4445,(#4451,#4460),.PCURVE_S1.);
#4445 = B_SPLINE_CURVE_WITH_KNOTS('',4,(#4446,#4447,#4448,#4449,#4450),
  .UNSPECIFIED.,.F.,.F.,(5,5),(0.,1.),.PIECEWISE_BEZIER_KNOTS.);
#4446 = CARTESIAN_POINT('',(0.,-7.438226270793,-9.910137584333));
#4447 = CARTESIAN_POINT('',(-0.532895170384,-7.413788710033,
    -9.884478145535));
#4448 = CARTESIAN_POINT('',(-1.070174273378,-7.389017028112,
    -9.858467879518));
#4449 = CARTESIAN_POINT('',(-1.611373722594,-7.363930804779,
    -9.832127345018));
#4450 = CARTESIAN_POINT('',(-2.156098136015,-7.338547015989,
    -9.805474366788));
#4451 = PCURVE('',#1388,#4452);
#4452 = DEFINITIONAL_REPRESENTATION('',(#4453),#4459);
#4453 = B_SPLINE_CURVE_WITH_KNOTS('',4,(#4454,#4455,#4456,#4457,#4458),
  .UNSPECIFIED.,.F.,.F.,(5,5),(0.,1.),.PIECEWISE_BEZIER_KNOTS.);
#4454 = CARTESIAN_POINT('',(12.,0.991013758433));
#4455 = CARTESIAN_POINT('',(11.736965138555,0.988447814553));
#4456 = CARTESIAN_POINT('',(11.482878290523,0.985846787952));
#4457 = CARTESIAN_POINT('',(11.237360942902,0.983212734502));
#4458 = CARTESIAN_POINT('',(11.,0.980547436679));
#4459 = ( GEOMETRIC_REPRESENTATION_CONTEXT(2) 
PARAMETRIC_REPRESENTATION_CONTEXT() REPRESENTATION_CONTEXT('2D SPACE',''
  ) );
#4460 = PCURVE('',#1599,#4461);
#4461 = DEFINITIONAL_REPRESENTATION('',(#4462),#4468);
#4462 = B_SPLINE_CURVE_WITH_KNOTS('',4,(#4463,#4464,#4465,#4466,#4467),
  .UNSPECIFIED.,.F.,.F.,(5,5),(0.,1.),.PIECEWISE_BEZIER_KNOTS.);
#4463 = CARTESIAN_POINT('',(6.5,7.028857621635));
#4464 = CARTESIAN_POINT('',(7.032895170384,7.064292084738));
#4465 = CARTESIAN_POINT('',(7.570174273378,7.100211023523));
#4466 = CARTESIAN_POINT('',(8.111373722594,7.136586047356));
#4467 = CARTESIAN_POINT('',(8.656098136015,7.173392541102));
#4468 = ( GEOMETRIC_REPRESENTATION_CONTEXT(2) 
PARAMETRIC_REPRESENTATION_CONTEXT() REPRESENTATION_CONTEXT('2D SPACE',''
  ) );
#4469 = ORIENTED_EDGE('',*,*,#4470,.T.);
#4470 = EDGE_CURVE('',#4442,#1375,#4471,.T.);
#4471 = SURFACE_CURVE('',#4472,(#4476,#4483),.PCURVE_S1.);
#4472 = B_SPLINE_CURVE_WITH_KNOTS('',2,(#4473,#4474,#4475),
  .UNSPECIFIED.,.F.,.F.,(3,3),(0.,1.),.PIECEWISE_BEZIER_KNOTS.);
#4473 = CARTESIAN_POINT('',(0.,-30.,0.));
#4474 = CARTESIAN_POINT('',(0.,-31.5,-5.));
#4475 = CARTESIAN_POINT('',(0.,-7.,-10.));
#4476 = PCURVE('',#1388,#4477);
#4477 = DEFINITIONAL_REPRESENTATION('',(#4478),#4482);
#4478 = LINE('',#4479,#4480);
#4479 = CARTESIAN_POINT('',(12.,0.));
#4480 = VECTOR('',#4481,1.);
#4481 = DIRECTION('',(0.,1.));
#4482 = ( GEOMETRIC_REPRESENTATION_CONTEXT(2) 
PARAMETRIC_REPRESENTATION_CONTEXT() REPRESENTATION_CONTEXT('2D SPACE',''
  ) );
#4483 = PCURVE('',#1416,#4484);
#4484 = DEFINITIONAL_REPRESENTATION('',(#4485),#4489);
#4485 = LINE('',#4486,#4487);
#4486 = CARTESIAN_POINT('',(12.,0.));
#4487 = VECTOR('',#4488,1.);
#4488 = DIRECTION('',(0.,1.));
#4489 = ( GEOMETRIC_REPRESENTATION_CONTEXT(2) 
PARAMETRIC_REPRESENTATION_CONTEXT() REPRESENTATION_CONTEXT('2D SPACE',''
  ) );
#4490 = ORIENTED_EDGE('',*,*,#1374,.F.);
#4491 = ADVANCED_FACE('',(#4492),#1416,.F.);
#4492 = FACE_BOUND('',#4493,.F.);
#4493 = EDGE_LOOP('',(#4494,#4495,#4524,#4545));
#4494 = ORIENTED_EDGE('',*,*,#4470,.F.);
#4495 = ORIENTED_EDGE('',*,*,#4496,.F.);
#4496 = EDGE_CURVE('',#4497,#4442,#4499,.T.);
#4497 = VERTEX_POINT('',#4498);
#4498 = CARTESIAN_POINT('',(2.156098136015,-7.338547015989,
    -9.805474366788));
#4499 = SURFACE_CURVE('',#4500,(#4506,#4515),.PCURVE_S1.);
#4500 = B_SPLINE_CURVE_WITH_KNOTS('',4,(#4501,#4502,#4503,#4504,#4505),
  .UNSPECIFIED.,.F.,.F.,(5,5),(0.,1.),.PIECEWISE_BEZIER_KNOTS.);
#4501 = CARTESIAN_POINT('',(2.156098136015,-7.338547015989,
    -9.805474366788));
#4502 = CARTESIAN_POINT('',(1.611373722594,-7.363930804779,
    -9.832127345018));
#4503 = CARTESIAN_POINT('',(1.070174273378,-7.389017028112,
    -9.858467879518));
#4504 = CARTESIAN_POINT('',(0.532895170384,-7.413788710033,
    -9.884478145535));
#4505 = CARTESIAN_POINT('',(0.,-7.438226270793,-9.910137584333));
#4506 = PCURVE('',#1416,#4507);
#4507 = DEFINITIONAL_REPRESENTATION('',(#4508),#4514);
#4508 = B_SPLINE_CURVE_WITH_KNOTS('',4,(#4509,#4510,#4511,#4512,#4513),
  .UNSPECIFIED.,.F.,.F.,(5,5),(0.,1.),.PIECEWISE_BEZIER_KNOTS.);
#4509 = CARTESIAN_POINT('',(13.,0.980547436679));
#4510 = CARTESIAN_POINT('',(12.762639057098,0.983212734502));
#4511 = CARTESIAN_POINT('',(12.517121709477,0.985846787952));
#4512 = CARTESIAN_POINT('',(12.263034861445,0.988447814553));
#4513 = CARTESIAN_POINT('',(12.,0.991013758433));
#4514 = ( GEOMETRIC_REPRESENTATION_CONTEXT(2) 
PARAMETRIC_REPRESENTATION_CONTEXT() REPRESENTATION_CONTEXT('2D SPACE',''
  ) );
#4515 = PCURVE('',#1599,#4516);
#4516 = DEFINITIONAL_REPRESENTATION('',(#4517),#4523);
#4517 = B_SPLINE_CURVE_WITH_KNOTS('',4,(#4518,#4519,#4520,#4521,#4522),
  .UNSPECIFIED.,.F.,.F.,(5,5),(0.,1.),.PIECEWISE_BEZIER_KNOTS.);
#4518 = CARTESIAN_POINT('',(4.343901863985,7.173392541102));
#4519 = CARTESIAN_POINT('',(4.888626277406,7.136586047356));
#4520 = CARTESIAN_POINT('',(5.429825726622,7.100211023523));
#4521 = CARTESIAN_POINT('',(5.967104829616,7.064292084738));
#4522 = CARTESIAN_POINT('',(6.5,7.028857621635));
#4523 = ( GEOMETRIC_REPRESENTATION_CONTEXT(2) 
PARAMETRIC_REPRESENTATION_CONTEXT() REPRESENTATION_CONTEXT('2D SPACE',''
  ) );
#4524 = ORIENTED_EDGE('',*,*,#4525,.T.);
#4525 = EDGE_CURVE('',#4497,#1403,#4526,.T.);
#4526 = SURFACE_CURVE('',#4527,(#4531,#4538),.PCURVE_S1.);
#4527 = B_SPLINE_CURVE_WITH_KNOTS('',2,(#4528,#4529,#4530),
  .UNSPECIFIED.,.F.,.F.,(3,3),(0.,1.),.PIECEWISE_BEZIER_KNOTS.);
#4528 = CARTESIAN_POINT('',(7.654,-27.716,0.));
#4529 = CARTESIAN_POINT('',(8.2285,-29.1025,-5.));
#4530 = CARTESIAN_POINT('',(1.913,-6.467,-10.));
#4531 = PCURVE('',#1416,#4532);
#4532 = DEFINITIONAL_REPRESENTATION('',(#4533),#4537);
#4533 = LINE('',#4534,#4535);
#4534 = CARTESIAN_POINT('',(13.,0.));
#4535 = VECTOR('',#4536,1.);
#4536 = DIRECTION('',(0.,1.));
#4537 = ( GEOMETRIC_REPRESENTATION_CONTEXT(2) 
PARAMETRIC_REPRESENTATION_CONTEXT() REPRESENTATION_CONTEXT('2D SPACE',''
  ) );
#4538 = PCURVE('',#1444,#4539);
#4539 = DEFINITIONAL_REPRESENTATION('',(#4540),#4544);
#4540 = LINE('',#4541,#4542);
#4541 = CARTESIAN_POINT('',(13.,0.));
#4542 = VECTOR('',#4543,1.);
#4543 = DIRECTION('',(0.,1.));
#4544 = ( GEOMETRIC_REPRESENTATION_CONTEXT(2) 
PARAMETRIC_REPRESENTATION_CONTEXT() REPRESENTATION_CONTEXT('2D SPACE',''
  ) );
#4545 = ORIENTED_EDGE('',*,*,#1402,.F.);
#4546 = ADVANCED_FACE('',(#4547),#1444,.F.);
#4547 = FACE_BOUND('',#4548,.F.);
#4548 = EDGE_LOOP('',(#4549,#4550,#4604,#4605));
#4549 = ORIENTED_EDGE('',*,*,#4525,.F.);
#4550 = ORIENTED_EDGE('',*,*,#4551,.F.);
#4551 = EDGE_CURVE('',#1555,#4497,#4552,.T.);
#4552 = SURFACE_CURVE('',#4553,(#4568,#4586),.PCURVE_S1.);
#4553 = B_SPLINE_CURVE_WITH_KNOTS('',4,(#4554,#4555,#4556,#4557,#4558,
    #4559,#4560,#4561,#4562,#4563,#4564,#4565,#4566,#4567),
  .UNSPECIFIED.,.F.,.F.,(5,3,3,3,5),(0.,0.287113700538,0.545369872981,
    0.782220301321,1.),.UNSPECIFIED.);
#4554 = CARTESIAN_POINT('',(4.884830830731,-6.954733923925,
    -9.402470620121));
#4555 = CARTESIAN_POINT('',(4.685149580017,-6.983566744174,
    -9.432745081383));
#4556 = CARTESIAN_POINT('',(4.485997831888,-7.012178184983,
    -9.462787094233));
#4557 = CARTESIAN_POINT('',(4.287444380262,-7.040560247913,
    -9.492588260309));
#4558 = CARTESIAN_POINT('',(3.911597508886,-7.094015731345,
    -9.548716517912));
#4559 = CARTESIAN_POINT('',(3.734173211256,-7.119134965518,
    -9.575091713794));
#4560 = CARTESIAN_POINT('',(3.557368443455,-7.144052172568,
    -9.601254781197));
#4561 = CARTESIAN_POINT('',(3.219753143215,-7.191415200058,
    -9.650985960061));
#4562 = CARTESIAN_POINT('',(3.058831661792,-7.213894671396,
    -9.674589404966));
#4563 = CARTESIAN_POINT('',(2.898559222803,-7.23618838778,
    -9.697997807169));
#4564 = CARTESIAN_POINT('',(2.592305811838,-7.278606703891,
    -9.742537039086));
#4565 = CARTESIAN_POINT('',(2.446213233989,-7.298761419262,
    -9.763699490226));
#4566 = CARTESIAN_POINT('',(2.300788560893,-7.318744265051,
    -9.784681478304));
#4567 = CARTESIAN_POINT('',(2.156098136015,-7.338547015989,
    -9.805474366788));
#4568 = PCURVE('',#1444,#4569);
#4569 = DEFINITIONAL_REPRESENTATION('',(#4570),#4585);
#4570 = B_SPLINE_CURVE_WITH_KNOTS('',4,(#4571,#4572,#4573,#4574,#4575,
    #4576,#4577,#4578,#4579,#4580,#4581,#4582,#4583,#4584),
  .UNSPECIFIED.,.F.,.F.,(5,3,3,3,5),(0.,0.287113700538,0.545369872981,
    0.782220301321,1.),.UNSPECIFIED.);
#4571 = CARTESIAN_POINT('',(14.,0.940247062012));
#4572 = CARTESIAN_POINT('',(13.940382619339,0.943274508138));
#4573 = CARTESIAN_POINT('',(13.878765844628,0.946278709423));
#4574 = CARTESIAN_POINT('',(13.815019617797,0.949258826031));
#4575 = CARTESIAN_POINT('',(13.689615679305,0.954871651791));
#4576 = CARTESIAN_POINT('',(13.628392108526,0.957509171379));
#4577 = CARTESIAN_POINT('',(13.565224199458,0.96012547812));
#4578 = CARTESIAN_POINT('',(13.440181477312,0.965098596006));
#4579 = CARTESIAN_POINT('',(13.378633553314,0.967458940497));
#4580 = CARTESIAN_POINT('',(13.315269371738,0.969799780717));
#4581 = CARTESIAN_POINT('',(13.189985359739,0.974253703909));
#4582 = CARTESIAN_POINT('',(13.128360135878,0.976369949023));
#4583 = CARTESIAN_POINT('',(13.065054584833,0.97846814783));
#4584 = CARTESIAN_POINT('',(13.,0.980547436679));
#4585 = ( GEOMETRIC_REPRESENTATION_CONTEXT(2) 
PARAMETRIC_REPRESENTATION_CONTEXT() REPRESENTATION_CONTEXT('2D SPACE',''
  ) );
#4586 = PCURVE('',#1599,#4587);
#4587 = DEFINITIONAL_REPRESENTATION('',(#4588),#4603);
#4588 = B_SPLINE_CURVE_WITH_KNOTS('',4,(#4589,#4590,#4591,#4592,#4593,
    #4594,#4595,#4596,#4597,#4598,#4599,#4600,#4601,#4602),
  .UNSPECIFIED.,.F.,.F.,(5,3,3,3,5),(0.,0.287113700538,0.545369872981,
    0.782220301321,1.),.UNSPECIFIED.);
#4589 = CARTESIAN_POINT('',(1.615169169269,7.729921524594));
#4590 = CARTESIAN_POINT('',(1.814850419983,7.688113935233));
#4591 = CARTESIAN_POINT('',(2.014002168112,7.64662734606));
#4592 = CARTESIAN_POINT('',(2.212555619738,7.605473354812));
#4593 = CARTESIAN_POINT('',(2.588402491114,7.527962903836));
#4594 = CARTESIAN_POINT('',(2.765826788744,7.491540014284));
#4595 = CARTESIAN_POINT('',(2.942631556545,7.455410064062));
#4596 = CARTESIAN_POINT('',(3.280246856785,7.386733674201));
#4597 = CARTESIAN_POINT('',(3.441168338208,7.354138440762));
#4598 = CARTESIAN_POINT('',(3.601440777197,7.321812552004));
#4599 = CARTESIAN_POINT('',(3.907694188162,7.260305993643));
#4600 = CARTESIAN_POINT('',(4.053786766011,7.231081656355));
#4601 = CARTESIAN_POINT('',(4.199211439107,7.202106529961));
#4602 = CARTESIAN_POINT('',(4.343901863985,7.173392541102));
#4603 = ( GEOMETRIC_REPRESENTATION_CONTEXT(2) 
PARAMETRIC_REPRESENTATION_CONTEXT() REPRESENTATION_CONTEXT('2D SPACE',''
  ) );
#4604 = ORIENTED_EDGE('',*,*,#1554,.T.);
#4605 = ORIENTED_EDGE('',*,*,#1430,.F.);
#4606 = ADVANCED_FACE('',(#4607),#1799,.T.);
#4607 = FACE_BOUND('',#4608,.T.);
#4608 = EDGE_LOOP('',(#4609,#4632,#4660,#4681,#4682));
#4609 = ORIENTED_EDGE('',*,*,#4610,.F.);
#4610 = EDGE_CURVE('',#4611,#1878,#4613,.T.);
#4611 = VERTEX_POINT('',#4612);
#4612 = CARTESIAN_POINT('',(6.5,-16.28571428571,-15.));
#4613 = SURFACE_CURVE('',#4614,(#4618,#4625),.PCURVE_S1.);
#4614 = LINE('',#4615,#4616);
#4615 = CARTESIAN_POINT('',(6.5,-16.28571428571,-15.));
#4616 = VECTOR('',#4617,1.);
#4617 = DIRECTION('',(-0.,0.689655172414,0.724137931034));
#4618 = PCURVE('',#1799,#4619);
#4619 = DEFINITIONAL_REPRESENTATION('',(#4620),#4624);
#4620 = LINE('',#4621,#4622);
#4621 = CARTESIAN_POINT('',(-16.67570606187,-28.58780688289));
#4622 = VECTOR('',#4623,1.);
#4623 = DIRECTION('',(0.487659849094,0.873033717322));
#4624 = ( GEOMETRIC_REPRESENTATION_CONTEXT(2) 
PARAMETRIC_REPRESENTATION_CONTEXT() REPRESENTATION_CONTEXT('2D SPACE',''
  ) );
#4625 = PCURVE('',#1942,#4626);
#4626 = DEFINITIONAL_REPRESENTATION('',(#4627),#4631);
#4627 = LINE('',#4628,#4629);
#4628 = CARTESIAN_POINT('',(13.,0.));
#4629 = VECTOR('',#4630,1.);
#4630 = DIRECTION('',(0.,1.));
#4631 = ( GEOMETRIC_REPRESENTATION_CONTEXT(2) 
PARAMETRIC_REPRESENTATION_CONTEXT() REPRESENTATION_CONTEXT('2D SPACE',''
  ) );
#4632 = ORIENTED_EDGE('',*,*,#4633,.T.);
#4633 = EDGE_CURVE('',#4611,#4634,#4636,.T.);
#4634 = VERTEX_POINT('',#4635);
#4635 = CARTESIAN_POINT('',(7.5,-15.28571428571,-15.));
#4636 = SURFACE_CURVE('',#4637,(#4641,#4648),.PCURVE_S1.);
#4637 = LINE('',#4638,#4639);
#4638 = CARTESIAN_POINT('',(6.5,-16.28571428571,-15.));
#4639 = VECTOR('',#4640,1.);
#4640 = DIRECTION('',(0.707106781187,0.707106781187,-5.938674897018E-17)
  );
#4641 = PCURVE('',#1799,#4642);
#4642 = DEFINITIONAL_REPRESENTATION('',(#4643),#4647);
#4643 = LINE('',#4644,#4645);
#4644 = CARTESIAN_POINT('',(-16.67570606187,-28.58780688289));
#4645 = VECTOR('',#4646,1.);
#4646 = DIRECTION('',(1.,6.145777005362E-19));
#4647 = ( GEOMETRIC_REPRESENTATION_CONTEXT(2) 
PARAMETRIC_REPRESENTATION_CONTEXT() REPRESENTATION_CONTEXT('2D SPACE',''
  ) );
#4648 = PCURVE('',#4649,#4654);
#4649 = PLANE('',#4650);
#4650 = AXIS2_PLACEMENT_3D('',#4651,#4652,#4653);
#4651 = CARTESIAN_POINT('',(-1.992724121955E-16,-14.28571428571,-15.));
#4652 = DIRECTION('',(0.,0.,1.));
#4653 = DIRECTION('',(1.,0.,-0.));
#4654 = DEFINITIONAL_REPRESENTATION('',(#4655),#4659);
#4655 = LINE('',#4656,#4657);
#4656 = CARTESIAN_POINT('',(6.5,-2.));
#4657 = VECTOR('',#4658,1.);
#4658 = DIRECTION('',(0.707106781187,0.707106781187));
#4659 = ( GEOMETRIC_REPRESENTATION_CONTEXT(2) 
PARAMETRIC_REPRESENTATION_CONTEXT() REPRESENTATION_CONTEXT('2D SPACE',''
  ) );
#4660 = ORIENTED_EDGE('',*,*,#4661,.T.);
#4661 = EDGE_CURVE('',#4634,#1703,#4662,.T.);
#4662 = SURFACE_CURVE('',#4663,(#4667,#4674),.PCURVE_S1.);
#4663 = LINE('',#4664,#4665);
#4664 = CARTESIAN_POINT('',(7.5,-15.28571428571,-15.));
#4665 = VECTOR('',#4666,1.);
#4666 = DIRECTION('',(0.,0.689655172414,0.724137931034));
#4667 = PCURVE('',#1799,#4668);
#4668 = DEFINITIONAL_REPRESENTATION('',(#4669),#4673);
#4669 = LINE('',#4670,#4671);
#4670 = CARTESIAN_POINT('',(-15.26149249949,-28.58780688289));
#4671 = VECTOR('',#4672,1.);
#4672 = DIRECTION('',(0.487659849094,0.873033717322));
#4673 = ( GEOMETRIC_REPRESENTATION_CONTEXT(2) 
PARAMETRIC_REPRESENTATION_CONTEXT() REPRESENTATION_CONTEXT('2D SPACE',''
  ) );
#4674 = PCURVE('',#1740,#4675);
#4675 = DEFINITIONAL_REPRESENTATION('',(#4676),#4680);
#4676 = LINE('',#4677,#4678);
#4677 = CARTESIAN_POINT('',(-23.58300967484,-23.71216015858));
#4678 = VECTOR('',#4679,1.);
#4679 = DIRECTION('',(0.689655172414,0.724137931034));
#4680 = ( GEOMETRIC_REPRESENTATION_CONTEXT(2) 
PARAMETRIC_REPRESENTATION_CONTEXT() REPRESENTATION_CONTEXT('2D SPACE',''
  ) );
#4681 = ORIENTED_EDGE('',*,*,#1763,.T.);
#4682 = ORIENTED_EDGE('',*,*,#1877,.T.);
#4683 = ADVANCED_FACE('',(#4684),#1740,.T.);
#4684 = FACE_BOUND('',#4685,.T.);
#4685 = EDGE_LOOP('',(#4686,#4687,#4710,#4731));
#4686 = ORIENTED_EDGE('',*,*,#4661,.F.);
#4687 = ORIENTED_EDGE('',*,*,#4688,.T.);
#4688 = EDGE_CURVE('',#4634,#4689,#4691,.T.);
#4689 = VERTEX_POINT('',#4690);
#4690 = CARTESIAN_POINT('',(7.5,-13.28571428571,-15.));
#4691 = SURFACE_CURVE('',#4692,(#4696,#4703),.PCURVE_S1.);
#4692 = LINE('',#4693,#4694);
#4693 = CARTESIAN_POINT('',(7.5,-15.28571428571,-15.));
#4694 = VECTOR('',#4695,1.);
#4695 = DIRECTION('',(0.,1.,7.260673763898E-19));
#4696 = PCURVE('',#1740,#4697);
#4697 = DEFINITIONAL_REPRESENTATION('',(#4698),#4702);
#4698 = LINE('',#4699,#4700);
#4699 = CARTESIAN_POINT('',(-23.58300967484,-23.71216015858));
#4700 = VECTOR('',#4701,1.);
#4701 = DIRECTION('',(1.,0.));
#4702 = ( GEOMETRIC_REPRESENTATION_CONTEXT(2) 
PARAMETRIC_REPRESENTATION_CONTEXT() REPRESENTATION_CONTEXT('2D SPACE',''
  ) );
#4703 = PCURVE('',#4649,#4704);
#4704 = DEFINITIONAL_REPRESENTATION('',(#4705),#4709);
#4705 = LINE('',#4706,#4707);
#4706 = CARTESIAN_POINT('',(7.5,-1.));
#4707 = VECTOR('',#4708,1.);
#4708 = DIRECTION('',(0.,1.));
#4709 = ( GEOMETRIC_REPRESENTATION_CONTEXT(2) 
PARAMETRIC_REPRESENTATION_CONTEXT() REPRESENTATION_CONTEXT('2D SPACE',''
  ) );
#4710 = ORIENTED_EDGE('',*,*,#4711,.T.);
#4711 = EDGE_CURVE('',#4689,#1615,#4712,.T.);
#4712 = SURFACE_CURVE('',#4713,(#4717,#4724),.PCURVE_S1.);
#4713 = LINE('',#4714,#4715);
#4714 = CARTESIAN_POINT('',(7.5,-13.28571428571,-15.));
#4715 = VECTOR('',#4716,1.);
#4716 = DIRECTION('',(0.,0.689655172414,0.724137931034));
#4717 = PCURVE('',#1740,#4718);
#4718 = DEFINITIONAL_REPRESENTATION('',(#4719),#4723);
#4719 = LINE('',#4720,#4721);
#4720 = CARTESIAN_POINT('',(-21.58300967484,-23.71216015858));
#4721 = VECTOR('',#4722,1.);
#4722 = DIRECTION('',(0.689655172414,0.724137931034));
#4723 = ( GEOMETRIC_REPRESENTATION_CONTEXT(2) 
PARAMETRIC_REPRESENTATION_CONTEXT() REPRESENTATION_CONTEXT('2D SPACE',''
  ) );
#4724 = PCURVE('',#1670,#4725);
#4725 = DEFINITIONAL_REPRESENTATION('',(#4726),#4730);
#4726 = LINE('',#4727,#4728);
#4727 = CARTESIAN_POINT('',(-16.67570606187,-28.58780688289));
#4728 = VECTOR('',#4729,1.);
#4729 = DIRECTION('',(0.487659849094,0.873033717322));
#4730 = ( GEOMETRIC_REPRESENTATION_CONTEXT(2) 
PARAMETRIC_REPRESENTATION_CONTEXT() REPRESENTATION_CONTEXT('2D SPACE',''
  ) );
#4731 = ORIENTED_EDGE('',*,*,#1702,.T.);
#4732 = ADVANCED_FACE('',(#4733),#1670,.T.);
#4733 = FACE_BOUND('',#4734,.T.);
#4734 = EDGE_LOOP('',(#4735,#4736,#4759,#4780));
#4735 = ORIENTED_EDGE('',*,*,#4711,.F.);
#4736 = ORIENTED_EDGE('',*,*,#4737,.T.);
#4737 = EDGE_CURVE('',#4689,#4738,#4740,.T.);
#4738 = VERTEX_POINT('',#4739);
#4739 = CARTESIAN_POINT('',(6.5,-12.28571428571,-15.));
#4740 = SURFACE_CURVE('',#4741,(#4745,#4752),.PCURVE_S1.);
#4741 = LINE('',#4742,#4743);
#4742 = CARTESIAN_POINT('',(7.5,-13.28571428571,-15.));
#4743 = VECTOR('',#4744,1.);
#4744 = DIRECTION('',(-0.707106781187,0.707106781187,-5.938674897018E-17
    ));
#4745 = PCURVE('',#1670,#4746);
#4746 = DEFINITIONAL_REPRESENTATION('',(#4747),#4751);
#4747 = LINE('',#4748,#4749);
#4748 = CARTESIAN_POINT('',(-16.67570606187,-28.58780688289));
#4749 = VECTOR('',#4750,1.);
#4750 = DIRECTION('',(1.,6.145777005362E-19));
#4751 = ( GEOMETRIC_REPRESENTATION_CONTEXT(2) 
PARAMETRIC_REPRESENTATION_CONTEXT() REPRESENTATION_CONTEXT('2D SPACE',''
  ) );
#4752 = PCURVE('',#4649,#4753);
#4753 = DEFINITIONAL_REPRESENTATION('',(#4754),#4758);
#4754 = LINE('',#4755,#4756);
#4755 = CARTESIAN_POINT('',(7.5,1.));
#4756 = VECTOR('',#4757,1.);
#4757 = DIRECTION('',(-0.707106781187,0.707106781187));
#4758 = ( GEOMETRIC_REPRESENTATION_CONTEXT(2) 
PARAMETRIC_REPRESENTATION_CONTEXT() REPRESENTATION_CONTEXT('2D SPACE',''
  ) );
#4759 = ORIENTED_EDGE('',*,*,#4760,.T.);
#4760 = EDGE_CURVE('',#4738,#1578,#4761,.T.);
#4761 = SURFACE_CURVE('',#4762,(#4766,#4773),.PCURVE_S1.);
#4762 = LINE('',#4763,#4764);
#4763 = CARTESIAN_POINT('',(6.5,-12.28571428571,-15.));
#4764 = VECTOR('',#4765,1.);
#4765 = DIRECTION('',(0.,0.689655172414,0.724137931034));
#4766 = PCURVE('',#1670,#4767);
#4767 = DEFINITIONAL_REPRESENTATION('',(#4768),#4772);
#4768 = LINE('',#4769,#4770);
#4769 = CARTESIAN_POINT('',(-15.26149249949,-28.58780688289));
#4770 = VECTOR('',#4771,1.);
#4771 = DIRECTION('',(0.487659849094,0.873033717322));
#4772 = ( GEOMETRIC_REPRESENTATION_CONTEXT(2) 
PARAMETRIC_REPRESENTATION_CONTEXT() REPRESENTATION_CONTEXT('2D SPACE',''
  ) );
#4773 = PCURVE('',#1599,#4774);
#4774 = DEFINITIONAL_REPRESENTATION('',(#4775),#4779);
#4775 = LINE('',#4776,#4777);
#4776 = CARTESIAN_POINT('',(0.,0.));
#4777 = VECTOR('',#4778,1.);
#4778 = DIRECTION('',(0.,1.));
#4779 = ( GEOMETRIC_REPRESENTATION_CONTEXT(2) 
PARAMETRIC_REPRESENTATION_CONTEXT() REPRESENTATION_CONTEXT('2D SPACE',''
  ) );
#4780 = ORIENTED_EDGE('',*,*,#1614,.F.);
#4781 = ADVANCED_FACE('',(#4782),#1599,.T.);
#4782 = FACE_BOUND('',#4783,.T.);
#4783 = EDGE_LOOP('',(#4784,#4785,#4808,#4829,#4830,#4831,#4832,#4833,
    #4834));
#4784 = ORIENTED_EDGE('',*,*,#4760,.F.);
#4785 = ORIENTED_EDGE('',*,*,#4786,.T.);
#4786 = EDGE_CURVE('',#4738,#4787,#4789,.T.);
#4787 = VERTEX_POINT('',#4788);
#4788 = CARTESIAN_POINT('',(-6.5,-12.28571428571,-15.));
#4789 = SURFACE_CURVE('',#4790,(#4794,#4801),.PCURVE_S1.);
#4790 = LINE('',#4791,#4792);
#4791 = CARTESIAN_POINT('',(6.5,-12.28571428571,-15.));
#4792 = VECTOR('',#4793,1.);
#4793 = DIRECTION('',(-1.,0.,0.));
#4794 = PCURVE('',#1599,#4795);
#4795 = DEFINITIONAL_REPRESENTATION('',(#4796),#4800);
#4796 = LINE('',#4797,#4798);
#4797 = CARTESIAN_POINT('',(0.,0.));
#4798 = VECTOR('',#4799,1.);
#4799 = DIRECTION('',(1.,0.));
#4800 = ( GEOMETRIC_REPRESENTATION_CONTEXT(2) 
PARAMETRIC_REPRESENTATION_CONTEXT() REPRESENTATION_CONTEXT('2D SPACE',''
  ) );
#4801 = PCURVE('',#4649,#4802);
#4802 = DEFINITIONAL_REPRESENTATION('',(#4803),#4807);
#4803 = LINE('',#4804,#4805);
#4804 = CARTESIAN_POINT('',(6.5,2.));
#4805 = VECTOR('',#4806,1.);
#4806 = DIRECTION('',(-1.,0.));
#4807 = ( GEOMETRIC_REPRESENTATION_CONTEXT(2) 
PARAMETRIC_REPRESENTATION_CONTEXT() REPRESENTATION_CONTEXT('2D SPACE',''
  ) );
#4808 = ORIENTED_EDGE('',*,*,#4809,.T.);
#4809 = EDGE_CURVE('',#4787,#2452,#4810,.T.);
#4810 = SURFACE_CURVE('',#4811,(#4815,#4822),.PCURVE_S1.);
#4811 = LINE('',#4812,#4813);
#4812 = CARTESIAN_POINT('',(-6.5,-12.28571428571,-15.));
#4813 = VECTOR('',#4814,1.);
#4814 = DIRECTION('',(0.,0.689655172414,0.724137931034));
#4815 = PCURVE('',#1599,#4816);
#4816 = DEFINITIONAL_REPRESENTATION('',(#4817),#4821);
#4817 = LINE('',#4818,#4819);
#4818 = CARTESIAN_POINT('',(13.,0.));
#4819 = VECTOR('',#4820,1.);
#4820 = DIRECTION('',(0.,1.));
#4821 = ( GEOMETRIC_REPRESENTATION_CONTEXT(2) 
PARAMETRIC_REPRESENTATION_CONTEXT() REPRESENTATION_CONTEXT('2D SPACE',''
  ) );
#4822 = PCURVE('',#2563,#4823);
#4823 = DEFINITIONAL_REPRESENTATION('',(#4824),#4828);
#4824 = LINE('',#4825,#4826);
#4825 = CARTESIAN_POINT('',(15.261492499498,-28.58780688289));
#4826 = VECTOR('',#4827,1.);
#4827 = DIRECTION('',(-0.487659849094,0.873033717322));
#4828 = ( GEOMETRIC_REPRESENTATION_CONTEXT(2) 
PARAMETRIC_REPRESENTATION_CONTEXT() REPRESENTATION_CONTEXT('2D SPACE',''
  ) );
#4829 = ORIENTED_EDGE('',*,*,#2623,.F.);
#4830 = ORIENTED_EDGE('',*,*,#4359,.F.);
#4831 = ORIENTED_EDGE('',*,*,#4441,.F.);
#4832 = ORIENTED_EDGE('',*,*,#4496,.F.);
#4833 = ORIENTED_EDGE('',*,*,#4551,.F.);
#4834 = ORIENTED_EDGE('',*,*,#1577,.F.);
#4835 = ADVANCED_FACE('',(#4836),#1942,.T.);
#4836 = FACE_BOUND('',#4837,.T.);
#4837 = EDGE_LOOP('',(#4838,#4861,#4882,#4883,#4884,#4885,#4886));
#4838 = ORIENTED_EDGE('',*,*,#4839,.F.);
#4839 = EDGE_CURVE('',#4840,#2185,#4842,.T.);
#4840 = VERTEX_POINT('',#4841);
#4841 = CARTESIAN_POINT('',(-6.5,-16.28571428571,-15.));
#4842 = SURFACE_CURVE('',#4843,(#4847,#4854),.PCURVE_S1.);
#4843 = LINE('',#4844,#4845);
#4844 = CARTESIAN_POINT('',(-6.5,-16.28571428571,-15.));
#4845 = VECTOR('',#4846,1.);
#4846 = DIRECTION('',(0.,0.689655172414,0.724137931034));
#4847 = PCURVE('',#1942,#4848);
#4848 = DEFINITIONAL_REPRESENTATION('',(#4849),#4853);
#4849 = LINE('',#4850,#4851);
#4850 = CARTESIAN_POINT('',(0.,-6.309129464077E-15));
#4851 = VECTOR('',#4852,1.);
#4852 = DIRECTION('',(0.,1.));
#4853 = ( GEOMETRIC_REPRESENTATION_CONTEXT(2) 
PARAMETRIC_REPRESENTATION_CONTEXT() REPRESENTATION_CONTEXT('2D SPACE',''
  ) );
#4854 = PCURVE('',#2267,#4855);
#4855 = DEFINITIONAL_REPRESENTATION('',(#4856),#4860);
#4856 = LINE('',#4857,#4858);
#4857 = CARTESIAN_POINT('',(16.675706061872,-28.58780688289));
#4858 = VECTOR('',#4859,1.);
#4859 = DIRECTION('',(-0.487659849094,0.873033717322));
#4860 = ( GEOMETRIC_REPRESENTATION_CONTEXT(2) 
PARAMETRIC_REPRESENTATION_CONTEXT() REPRESENTATION_CONTEXT('2D SPACE',''
  ) );
#4861 = ORIENTED_EDGE('',*,*,#4862,.T.);
#4862 = EDGE_CURVE('',#4840,#4611,#4863,.T.);
#4863 = SURFACE_CURVE('',#4864,(#4868,#4875),.PCURVE_S1.);
#4864 = LINE('',#4865,#4866);
#4865 = CARTESIAN_POINT('',(-6.5,-16.28571428571,-15.));
#4866 = VECTOR('',#4867,1.);
#4867 = DIRECTION('',(1.,0.,0.));
#4868 = PCURVE('',#1942,#4869);
#4869 = DEFINITIONAL_REPRESENTATION('',(#4870),#4874);
#4870 = LINE('',#4871,#4872);
#4871 = CARTESIAN_POINT('',(0.,0.));
#4872 = VECTOR('',#4873,1.);
#4873 = DIRECTION('',(1.,0.));
#4874 = ( GEOMETRIC_REPRESENTATION_CONTEXT(2) 
PARAMETRIC_REPRESENTATION_CONTEXT() REPRESENTATION_CONTEXT('2D SPACE',''
  ) );
#4875 = PCURVE('',#4649,#4876);
#4876 = DEFINITIONAL_REPRESENTATION('',(#4877),#4881);
#4877 = LINE('',#4878,#4879);
#4878 = CARTESIAN_POINT('',(-6.5,-2.));
#4879 = VECTOR('',#4880,1.);
#4880 = DIRECTION('',(1.,0.));
#4881 = ( GEOMETRIC_REPRESENTATION_CONTEXT(2) 
PARAMETRIC_REPRESENTATION_CONTEXT() REPRESENTATION_CONTEXT('2D SPACE',''
  ) );
#4882 = ORIENTED_EDGE('',*,*,#4610,.T.);
#4883 = ORIENTED_EDGE('',*,*,#1906,.T.);
#4884 = ORIENTED_EDGE('',*,*,#2020,.T.);
#4885 = ORIENTED_EDGE('',*,*,#2102,.T.);
#4886 = ORIENTED_EDGE('',*,*,#2184,.T.);
#4887 = ADVANCED_FACE('',(#4888),#2267,.T.);
#4888 = FACE_BOUND('',#4889,.T.);
#4889 = EDGE_LOOP('',(#4890,#4913,#4934,#4935,#4936));
#4890 = ORIENTED_EDGE('',*,*,#4891,.F.);
#4891 = EDGE_CURVE('',#4892,#2335,#4894,.T.);
#4892 = VERTEX_POINT('',#4893);
#4893 = CARTESIAN_POINT('',(-7.5,-15.28571428571,-15.));
#4894 = SURFACE_CURVE('',#4895,(#4899,#4906),.PCURVE_S1.);
#4895 = LINE('',#4896,#4897);
#4896 = CARTESIAN_POINT('',(-7.5,-15.28571428571,-15.));
#4897 = VECTOR('',#4898,1.);
#4898 = DIRECTION('',(0.,0.689655172414,0.724137931034));
#4899 = PCURVE('',#2267,#4900);
#4900 = DEFINITIONAL_REPRESENTATION('',(#4901),#4905);
#4901 = LINE('',#4902,#4903);
#4902 = CARTESIAN_POINT('',(15.261492499498,-28.58780688289));
#4903 = VECTOR('',#4904,1.);
#4904 = DIRECTION('',(-0.487659849094,0.873033717322));
#4905 = ( GEOMETRIC_REPRESENTATION_CONTEXT(2) 
PARAMETRIC_REPRESENTATION_CONTEXT() REPRESENTATION_CONTEXT('2D SPACE',''
  ) );
#4906 = PCURVE('',#2428,#4907);
#4907 = DEFINITIONAL_REPRESENTATION('',(#4908),#4912);
#4908 = LINE('',#4909,#4910);
#4909 = CARTESIAN_POINT('',(23.583009674846,-23.71216015858));
#4910 = VECTOR('',#4911,1.);
#4911 = DIRECTION('',(-0.689655172414,0.724137931034));
#4912 = ( GEOMETRIC_REPRESENTATION_CONTEXT(2) 
PARAMETRIC_REPRESENTATION_CONTEXT() REPRESENTATION_CONTEXT('2D SPACE',''
  ) );
#4913 = ORIENTED_EDGE('',*,*,#4914,.T.);
#4914 = EDGE_CURVE('',#4892,#4840,#4915,.T.);
#4915 = SURFACE_CURVE('',#4916,(#4920,#4927),.PCURVE_S1.);
#4916 = LINE('',#4917,#4918);
#4917 = CARTESIAN_POINT('',(-7.5,-15.28571428571,-15.));
#4918 = VECTOR('',#4919,1.);
#4919 = DIRECTION('',(0.707106781187,-0.707106781187,5.938674897018E-17)
  );
#4920 = PCURVE('',#2267,#4921);
#4921 = DEFINITIONAL_REPRESENTATION('',(#4922),#4926);
#4922 = LINE('',#4923,#4924);
#4923 = CARTESIAN_POINT('',(15.261492499498,-28.58780688289));
#4924 = VECTOR('',#4925,1.);
#4925 = DIRECTION('',(1.,-6.145777005362E-19));
#4926 = ( GEOMETRIC_REPRESENTATION_CONTEXT(2) 
PARAMETRIC_REPRESENTATION_CONTEXT() REPRESENTATION_CONTEXT('2D SPACE',''
  ) );
#4927 = PCURVE('',#4649,#4928);
#4928 = DEFINITIONAL_REPRESENTATION('',(#4929),#4933);
#4929 = LINE('',#4930,#4931);
#4930 = CARTESIAN_POINT('',(-7.5,-1.));
#4931 = VECTOR('',#4932,1.);
#4932 = DIRECTION('',(0.707106781187,-0.707106781187));
#4933 = ( GEOMETRIC_REPRESENTATION_CONTEXT(2) 
PARAMETRIC_REPRESENTATION_CONTEXT() REPRESENTATION_CONTEXT('2D SPACE',''
  ) );
#4934 = ORIENTED_EDGE('',*,*,#4839,.T.);
#4935 = ORIENTED_EDGE('',*,*,#2249,.T.);
#4936 = ORIENTED_EDGE('',*,*,#2334,.T.);
#4937 = ADVANCED_FACE('',(#4938),#2563,.T.);
#4938 = FACE_BOUND('',#4939,.T.);
#4939 = EDGE_LOOP('',(#4940,#4941,#4964,#4985));
#4940 = ORIENTED_EDGE('',*,*,#4809,.F.);
#4941 = ORIENTED_EDGE('',*,*,#4942,.T.);
#4942 = EDGE_CURVE('',#4787,#4943,#4945,.T.);
#4943 = VERTEX_POINT('',#4944);
#4944 = CARTESIAN_POINT('',(-7.5,-13.28571428571,-15.));
#4945 = SURFACE_CURVE('',#4946,(#4950,#4957),.PCURVE_S1.);
#4946 = LINE('',#4947,#4948);
#4947 = CARTESIAN_POINT('',(-6.5,-12.28571428571,-15.));
#4948 = VECTOR('',#4949,1.);
#4949 = DIRECTION('',(-0.707106781187,-0.707106781187,5.938674897018E-17
    ));
#4950 = PCURVE('',#2563,#4951);
#4951 = DEFINITIONAL_REPRESENTATION('',(#4952),#4956);
#4952 = LINE('',#4953,#4954);
#4953 = CARTESIAN_POINT('',(15.261492499498,-28.58780688289));
#4954 = VECTOR('',#4955,1.);
#4955 = DIRECTION('',(1.,-6.145777005362E-19));
#4956 = ( GEOMETRIC_REPRESENTATION_CONTEXT(2) 
PARAMETRIC_REPRESENTATION_CONTEXT() REPRESENTATION_CONTEXT('2D SPACE',''
  ) );
#4957 = PCURVE('',#4649,#4958);
#4958 = DEFINITIONAL_REPRESENTATION('',(#4959),#4963);
#4959 = LINE('',#4960,#4961);
#4960 = CARTESIAN_POINT('',(-6.5,2.));
#4961 = VECTOR('',#4962,1.);
#4962 = DIRECTION('',(-0.707106781187,-0.707106781187));
#4963 = ( GEOMETRIC_REPRESENTATION_CONTEXT(2) 
PARAMETRIC_REPRESENTATION_CONTEXT() REPRESENTATION_CONTEXT('2D SPACE',''
  ) );
#4964 = ORIENTED_EDGE('',*,*,#4965,.T.);
#4965 = EDGE_CURVE('',#4943,#2391,#4966,.T.);
#4966 = SURFACE_CURVE('',#4967,(#4971,#4978),.PCURVE_S1.);
#4967 = LINE('',#4968,#4969);
#4968 = CARTESIAN_POINT('',(-7.5,-13.28571428571,-15.));
#4969 = VECTOR('',#4970,1.);
#4970 = DIRECTION('',(0.,0.689655172414,0.724137931034));
#4971 = PCURVE('',#2563,#4972);
#4972 = DEFINITIONAL_REPRESENTATION('',(#4973),#4977);
#4973 = LINE('',#4974,#4975);
#4974 = CARTESIAN_POINT('',(16.675706061872,-28.58780688289));
#4975 = VECTOR('',#4976,1.);
#4976 = DIRECTION('',(-0.487659849094,0.873033717322));
#4977 = ( GEOMETRIC_REPRESENTATION_CONTEXT(2) 
PARAMETRIC_REPRESENTATION_CONTEXT() REPRESENTATION_CONTEXT('2D SPACE',''
  ) );
#4978 = PCURVE('',#2428,#4979);
#4979 = DEFINITIONAL_REPRESENTATION('',(#4980),#4984);
#4980 = LINE('',#4981,#4982);
#4981 = CARTESIAN_POINT('',(21.583009674846,-23.71216015858));
#4982 = VECTOR('',#4983,1.);
#4983 = DIRECTION('',(-0.689655172414,0.724137931034));
#4984 = ( GEOMETRIC_REPRESENTATION_CONTEXT(2) 
PARAMETRIC_REPRESENTATION_CONTEXT() REPRESENTATION_CONTEXT('2D SPACE',''
  ) );
#4985 = ORIENTED_EDGE('',*,*,#2451,.F.);
#4986 = ADVANCED_FACE('',(#4987),#2428,.T.);
#4987 = FACE_BOUND('',#4988,.T.);
#4988 = EDGE_LOOP('',(#4989,#4990,#5011,#5012));
#4989 = ORIENTED_EDGE('',*,*,#4965,.F.);
#4990 = ORIENTED_EDGE('',*,*,#4991,.T.);
#4991 = EDGE_CURVE('',#4943,#4892,#4992,.T.);
#4992 = SURFACE_CURVE('',#4993,(#4997,#5004),.PCURVE_S1.);
#4993 = LINE('',#4994,#4995);
#4994 = CARTESIAN_POINT('',(-7.5,-13.28571428571,-15.));
#4995 = VECTOR('',#4996,1.);
#4996 = DIRECTION('',(-0.,-1.,-7.260673763898E-19));
#4997 = PCURVE('',#2428,#4998);
#4998 = DEFINITIONAL_REPRESENTATION('',(#4999),#5003);
#4999 = LINE('',#5000,#5001);
#5000 = CARTESIAN_POINT('',(21.583009674846,-23.71216015858));
#5001 = VECTOR('',#5002,1.);
#5002 = DIRECTION('',(1.,0.));
#5003 = ( GEOMETRIC_REPRESENTATION_CONTEXT(2) 
PARAMETRIC_REPRESENTATION_CONTEXT() REPRESENTATION_CONTEXT('2D SPACE',''
  ) );
#5004 = PCURVE('',#4649,#5005);
#5005 = DEFINITIONAL_REPRESENTATION('',(#5006),#5010);
#5006 = LINE('',#5007,#5008);
#5007 = CARTESIAN_POINT('',(-7.5,1.));
#5008 = VECTOR('',#5009,1.);
#5009 = DIRECTION('',(0.,-1.));
#5010 = ( GEOMETRIC_REPRESENTATION_CONTEXT(2) 
PARAMETRIC_REPRESENTATION_CONTEXT() REPRESENTATION_CONTEXT('2D SPACE',''
  ) );
#5011 = ORIENTED_EDGE('',*,*,#4891,.T.);
#5012 = ORIENTED_EDGE('',*,*,#2390,.T.);
#5013 = ADVANCED_FACE('',(#5014),#2786,.T.);
#5014 = FACE_BOUND('',#5015,.T.);
#5015 = EDGE_LOOP('',(#5016,#5017,#5018,#5019,#5020,#5021,#5022,#5023,
    #5024,#5025,#5026,#5047,#5075,#5103,#5122,#5123));
#5016 = ORIENTED_EDGE('',*,*,#4336,.T.);
#5017 = ORIENTED_EDGE('',*,*,#2773,.T.);
#5018 = ORIENTED_EDGE('',*,*,#2825,.T.);
#5019 = ORIENTED_EDGE('',*,*,#2872,.T.);
#5020 = ORIENTED_EDGE('',*,*,#2919,.T.);
#5021 = ORIENTED_EDGE('',*,*,#2966,.T.);
#5022 = ORIENTED_EDGE('',*,*,#3013,.T.);
#5023 = ORIENTED_EDGE('',*,*,#3060,.T.);
#5024 = ORIENTED_EDGE('',*,*,#3107,.T.);
#5025 = ORIENTED_EDGE('',*,*,#3600,.T.);
#5026 = ORIENTED_EDGE('',*,*,#5027,.T.);
#5027 = EDGE_CURVE('',#3571,#5028,#5030,.T.);
#5028 = VERTEX_POINT('',#5029);
#5029 = CARTESIAN_POINT('',(-1.339,-5.081,-9.));
#5030 = SURFACE_CURVE('',#5031,(#5034,#5040),.PCURVE_S1.);
#5031 = B_SPLINE_CURVE_WITH_KNOTS('',1,(#5032,#5033),.UNSPECIFIED.,.F.,
  .F.,(2,2),(10.,11.),.PIECEWISE_BEZIER_KNOTS.);
#5032 = CARTESIAN_POINT('',(-2.475,-3.889,-9.));
#5033 = CARTESIAN_POINT('',(-1.339,-5.081,-9.));
#5034 = PCURVE('',#2786,#5035);
#5035 = DEFINITIONAL_REPRESENTATION('',(#5036),#5039);
#5036 = B_SPLINE_CURVE_WITH_KNOTS('',1,(#5037,#5038),.UNSPECIFIED.,.F.,
  .F.,(2,2),(10.,11.),.PIECEWISE_BEZIER_KNOTS.);
#5037 = CARTESIAN_POINT('',(2.886216497273,6.518795926463));
#5038 = CARTESIAN_POINT('',(1.283883917102,6.898124679027));
#5039 = ( GEOMETRIC_REPRESENTATION_CONTEXT(2) 
PARAMETRIC_REPRESENTATION_CONTEXT() REPRESENTATION_CONTEXT('2D SPACE',''
  ) );
#5040 = PCURVE('',#3586,#5041);
#5041 = DEFINITIONAL_REPRESENTATION('',(#5042),#5046);
#5042 = LINE('',#5043,#5044);
#5043 = CARTESIAN_POINT('',(0.,1.));
#5044 = VECTOR('',#5045,1.);
#5045 = DIRECTION('',(1.,0.));
#5046 = ( GEOMETRIC_REPRESENTATION_CONTEXT(2) 
PARAMETRIC_REPRESENTATION_CONTEXT() REPRESENTATION_CONTEXT('2D SPACE',''
  ) );
#5047 = ORIENTED_EDGE('',*,*,#5048,.T.);
#5048 = EDGE_CURVE('',#5028,#5049,#5051,.T.);
#5049 = VERTEX_POINT('',#5050);
#5050 = CARTESIAN_POINT('',(0.,-5.5,-9.));
#5051 = SURFACE_CURVE('',#5052,(#5055,#5061),.PCURVE_S1.);
#5052 = B_SPLINE_CURVE_WITH_KNOTS('',1,(#5053,#5054),.UNSPECIFIED.,.F.,
  .F.,(2,2),(11.,12.),.PIECEWISE_BEZIER_KNOTS.);
#5053 = CARTESIAN_POINT('',(-1.339,-5.081,-9.));
#5054 = CARTESIAN_POINT('',(0.,-5.5,-9.));
#5055 = PCURVE('',#2786,#5056);
#5056 = DEFINITIONAL_REPRESENTATION('',(#5057),#5060);
#5057 = B_SPLINE_CURVE_WITH_KNOTS('',1,(#5058,#5059),.UNSPECIFIED.,.F.,
  .F.,(2,2),(11.,12.),.PIECEWISE_BEZIER_KNOTS.);
#5058 = CARTESIAN_POINT('',(1.283883917102,6.898124679027));
#5059 = CARTESIAN_POINT('',(-6.690828776633E-02,6.518859047489));
#5060 = ( GEOMETRIC_REPRESENTATION_CONTEXT(2) 
PARAMETRIC_REPRESENTATION_CONTEXT() REPRESENTATION_CONTEXT('2D SPACE',''
  ) );
#5061 = PCURVE('',#5062,#5069);
#5062 = B_SPLINE_SURFACE_WITH_KNOTS('',1,2,(
    (#5063,#5064,#5065)
    ,(#5066,#5067,#5068
    )),.UNSPECIFIED.,.F.,.F.,.F.,(2,2),(3,3),(11.,12.),(0.,1.),
  .PIECEWISE_BEZIER_KNOTS.);
#5063 = CARTESIAN_POINT('',(-7.08,-26.331,1.));
#5064 = CARTESIAN_POINT('',(-7.6545,-27.716,-4.));
#5065 = CARTESIAN_POINT('',(-1.339,-5.081,-9.));
#5066 = CARTESIAN_POINT('',(0.,-28.5,1.));
#5067 = CARTESIAN_POINT('',(0.,-30.,-4.));
#5068 = CARTESIAN_POINT('',(0.,-5.5,-9.));
#5069 = DEFINITIONAL_REPRESENTATION('',(#5070),#5074);
#5070 = LINE('',#5071,#5072);
#5071 = CARTESIAN_POINT('',(0.,1.));
#5072 = VECTOR('',#5073,1.);
#5073 = DIRECTION('',(1.,0.));
#5074 = ( GEOMETRIC_REPRESENTATION_CONTEXT(2) 
PARAMETRIC_REPRESENTATION_CONTEXT() REPRESENTATION_CONTEXT('2D SPACE',''
  ) );
#5075 = ORIENTED_EDGE('',*,*,#5076,.T.);
#5076 = EDGE_CURVE('',#5049,#5077,#5079,.T.);
#5077 = VERTEX_POINT('',#5078);
#5078 = CARTESIAN_POINT('',(1.339,-5.081,-9.));
#5079 = SURFACE_CURVE('',#5080,(#5083,#5089),.PCURVE_S1.);
#5080 = B_SPLINE_CURVE_WITH_KNOTS('',1,(#5081,#5082),.UNSPECIFIED.,.F.,
  .F.,(2,2),(12.,13.),.PIECEWISE_BEZIER_KNOTS.);
#5081 = CARTESIAN_POINT('',(0.,-5.5,-9.));
#5082 = CARTESIAN_POINT('',(1.339,-5.081,-9.));
#5083 = PCURVE('',#2786,#5084);
#5084 = DEFINITIONAL_REPRESENTATION('',(#5085),#5088);
#5085 = B_SPLINE_CURVE_WITH_KNOTS('',1,(#5086,#5087),.UNSPECIFIED.,.F.,
  .F.,(2,2),(12.,13.),.PIECEWISE_BEZIER_KNOTS.);
#5086 = CARTESIAN_POINT('',(-6.690828776633E-02,6.518859047489));
#5087 = CARTESIAN_POINT('',(-0.96056651888,5.437259784377));
#5088 = ( GEOMETRIC_REPRESENTATION_CONTEXT(2) 
PARAMETRIC_REPRESENTATION_CONTEXT() REPRESENTATION_CONTEXT('2D SPACE',''
  ) );
#5089 = PCURVE('',#5090,#5097);
#5090 = B_SPLINE_SURFACE_WITH_KNOTS('',1,2,(
    (#5091,#5092,#5093)
    ,(#5094,#5095,#5096
    )),.UNSPECIFIED.,.F.,.F.,.F.,(2,2),(3,3),(12.,13.),(0.,1.),
  .PIECEWISE_BEZIER_KNOTS.);
#5091 = CARTESIAN_POINT('',(0.,-28.5,1.));
#5092 = CARTESIAN_POINT('',(0.,-30.,-4.));
#5093 = CARTESIAN_POINT('',(0.,-5.5,-9.));
#5094 = CARTESIAN_POINT('',(7.08,-26.331,1.));
#5095 = CARTESIAN_POINT('',(7.6545,-27.716,-4.));
#5096 = CARTESIAN_POINT('',(1.339,-5.081,-9.));
#5097 = DEFINITIONAL_REPRESENTATION('',(#5098),#5102);
#5098 = LINE('',#5099,#5100);
#5099 = CARTESIAN_POINT('',(0.,1.));
#5100 = VECTOR('',#5101,1.);
#5101 = DIRECTION('',(1.,0.));
#5102 = ( GEOMETRIC_REPRESENTATION_CONTEXT(2) 
PARAMETRIC_REPRESENTATION_CONTEXT() REPRESENTATION_CONTEXT('2D SPACE',''
  ) );
#5103 = ORIENTED_EDGE('',*,*,#5104,.T.);
#5104 = EDGE_CURVE('',#5077,#3922,#5105,.T.);
#5105 = SURFACE_CURVE('',#5106,(#5109,#5115),.PCURVE_S1.);
#5106 = B_SPLINE_CURVE_WITH_KNOTS('',1,(#5107,#5108),.UNSPECIFIED.,.F.,
  .F.,(2,2),(13.,14.),.PIECEWISE_BEZIER_KNOTS.);
#5107 = CARTESIAN_POINT('',(1.339,-5.081,-9.));
#5108 = CARTESIAN_POINT('',(2.475,-3.889,-9.));
#5109 = PCURVE('',#2786,#5110);
#5110 = DEFINITIONAL_REPRESENTATION('',(#5111),#5114);
#5111 = B_SPLINE_CURVE_WITH_KNOTS('',1,(#5112,#5113),.UNSPECIFIED.,.F.,
  .F.,(2,2),(13.,14.),.PIECEWISE_BEZIER_KNOTS.);
#5112 = CARTESIAN_POINT('',(-0.96056651888,5.437259784377));
#5113 = CARTESIAN_POINT('',(-1.26241294937,3.818541546882));
#5114 = ( GEOMETRIC_REPRESENTATION_CONTEXT(2) 
PARAMETRIC_REPRESENTATION_CONTEXT() REPRESENTATION_CONTEXT('2D SPACE',''
  ) );
#5115 = PCURVE('',#3958,#5116);
#5116 = DEFINITIONAL_REPRESENTATION('',(#5117),#5121);
#5117 = LINE('',#5118,#5119);
#5118 = CARTESIAN_POINT('',(0.,1.));
#5119 = VECTOR('',#5120,1.);
#5120 = DIRECTION('',(1.,0.));
#5121 = ( GEOMETRIC_REPRESENTATION_CONTEXT(2) 
PARAMETRIC_REPRESENTATION_CONTEXT() REPRESENTATION_CONTEXT('2D SPACE',''
  ) );
#5122 = ORIENTED_EDGE('',*,*,#3921,.T.);
#5123 = ORIENTED_EDGE('',*,*,#4311,.T.);
#5124 = ADVANCED_FACE('',(#5125),#3586,.T.);
#5125 = FACE_BOUND('',#5126,.T.);
#5126 = EDGE_LOOP('',(#5127,#5128,#5184,#5205));
#5127 = ORIENTED_EDGE('',*,*,#3570,.F.);
#5128 = ORIENTED_EDGE('',*,*,#5129,.F.);
#5129 = EDGE_CURVE('',#5130,#3510,#5132,.T.);
#5130 = VERTEX_POINT('',#5131);
#5131 = CARTESIAN_POINT('',(-1.681546101297,-6.309209637575,
    -8.724670119454));
#5132 = SURFACE_CURVE('',#5133,(#5148,#5166),.PCURVE_S1.);
#5133 = B_SPLINE_CURVE_WITH_KNOTS('',4,(#5134,#5135,#5136,#5137,#5138,
    #5139,#5140,#5141,#5142,#5143,#5144,#5145,#5146,#5147),
  .UNSPECIFIED.,.F.,.F.,(5,3,3,3,5),(0.,0.218711877431,0.455554638477,
    0.714930030974,1.),.UNSPECIFIED.);
#5134 = CARTESIAN_POINT('',(-1.681546101297,-6.309209637575,
    -8.724670119454));
#5135 = CARTESIAN_POINT('',(-1.796818771252,-6.291995386005,
    -8.706595155305));
#5136 = CARTESIAN_POINT('',(-1.913025156085,-6.27462356165,
    -8.688354739733));
#5137 = CARTESIAN_POINT('',(-2.030084380522,-6.257103601242,
    -8.669958781304));
#5138 = CARTESIAN_POINT('',(-2.275535251647,-6.220319781619,
    -8.6313357707));
#5139 = CARTESIAN_POINT('',(-2.404061871643,-6.201031758671,
    -8.611083346605));
#5140 = CARTESIAN_POINT('',(-2.533415189905,-6.181589975137,
    -8.590669473894));
#5141 = CARTESIAN_POINT('',(-2.806000575051,-6.140552602408,
    -8.547580232529));
#5142 = CARTESIAN_POINT('',(-2.94938214347,-6.118928088874,
    -8.524874493318));
#5143 = CARTESIAN_POINT('',(-3.093563802399,-6.097140727859,
    -8.501997764252));
#5144 = CARTESIAN_POINT('',(-3.397718868834,-6.051084484739,
    -8.453638708976));
#5145 = CARTESIAN_POINT('',(-3.557841536024,-6.026783612228,
    -8.428122792839));
#5146 = CARTESIAN_POINT('',(-3.718724323655,-6.002308542361,
    -8.402423969479));
#5147 = CARTESIAN_POINT('',(-3.880282590006,-5.97766806334,
    -8.376551466507));
#5148 = PCURVE('',#3586,#5149);
#5149 = DEFINITIONAL_REPRESENTATION('',(#5150),#5165);
#5150 = B_SPLINE_CURVE_WITH_KNOTS('',4,(#5151,#5152,#5153,#5154,#5155,
    #5156,#5157,#5158,#5159,#5160,#5161,#5162,#5163,#5164),
  .UNSPECIFIED.,.F.,.F.,(5,3,3,3,5),(0.,0.218711877431,0.455554638477,
    0.714930030974,1.),.UNSPECIFIED.);
#5151 = CARTESIAN_POINT('',(11.,0.972467011945));
#5152 = CARTESIAN_POINT('',(10.934704783057,0.97065951553));
#5153 = CARTESIAN_POINT('',(10.871145840705,0.968835473973));
#5154 = CARTESIAN_POINT('',(10.809265281076,0.96699587813));
#5155 = CARTESIAN_POINT('',(10.683738912221,0.96313357707));
#5156 = CARTESIAN_POINT('',(10.620372199486,0.961108334661));
#5157 = CARTESIAN_POINT('',(10.558819840127,0.959066947389));
#5158 = CARTESIAN_POINT('',(10.433489266571,0.954758023253));
#5159 = CARTESIAN_POINT('',(10.370056608225,0.952487449332));
#5160 = CARTESIAN_POINT('',(10.308594847624,0.950199776425));
#5161 = CARTESIAN_POINT('',(10.18350187318,0.945363870898));
#5162 = CARTESIAN_POINT('',(10.120259096318,0.942812279284));
#5163 = CARTESIAN_POINT('',(10.059134185667,0.940242396948));
#5164 = CARTESIAN_POINT('',(10.,0.937655146651));
#5165 = ( GEOMETRIC_REPRESENTATION_CONTEXT(2) 
PARAMETRIC_REPRESENTATION_CONTEXT() REPRESENTATION_CONTEXT('2D SPACE',''
  ) );
#5166 = PCURVE('',#3547,#5167);
#5167 = DEFINITIONAL_REPRESENTATION('',(#5168),#5183);
#5168 = B_SPLINE_CURVE_WITH_KNOTS('',4,(#5169,#5170,#5171,#5172,#5173,
    #5174,#5175,#5176,#5177,#5178,#5179,#5180,#5181,#5182),
  .UNSPECIFIED.,.F.,.F.,(5,3,3,3,5),(0.,0.218711877431,0.455554638477,
    0.714930030974,1.),.UNSPECIFIED.);
#5169 = CARTESIAN_POINT('',(8.181546101297,8.665931739802));
#5170 = CARTESIAN_POINT('',(8.296818771252,8.690892404579));
#5171 = CARTESIAN_POINT('',(8.413025156085,8.716081549893));
#5172 = CARTESIAN_POINT('',(8.530084380522,8.741485492484));
#5173 = CARTESIAN_POINT('',(8.775535251647,8.794822030939));
#5174 = CARTESIAN_POINT('',(8.904061871643,8.822789664212));
#5175 = CARTESIAN_POINT('',(9.033415189905,8.850980250336));
#5176 = CARTESIAN_POINT('',(9.306000575051,8.910484440793));
#5177 = CARTESIAN_POINT('',(9.44938214347,8.941839985419));
#5178 = CARTESIAN_POINT('',(9.593563802399,8.97343165889));
#5179 = CARTESIAN_POINT('',(9.897718868834,9.040213211414));
#5180 = CARTESIAN_POINT('',(10.057841536024,9.075449476555));
#5181 = CARTESIAN_POINT('',(10.218724323655,9.110938327862));
#5182 = CARTESIAN_POINT('',(10.380282590006,9.146667022443));
#5183 = ( GEOMETRIC_REPRESENTATION_CONTEXT(2) 
PARAMETRIC_REPRESENTATION_CONTEXT() REPRESENTATION_CONTEXT('2D SPACE',''
  ) );
#5184 = ORIENTED_EDGE('',*,*,#5185,.T.);
#5185 = EDGE_CURVE('',#5130,#5028,#5186,.T.);
#5186 = SURFACE_CURVE('',#5187,(#5191,#5198),.PCURVE_S1.);
#5187 = B_SPLINE_CURVE_WITH_KNOTS('',2,(#5188,#5189,#5190),
  .UNSPECIFIED.,.F.,.F.,(3,3),(0.,1.),.PIECEWISE_BEZIER_KNOTS.);
#5188 = CARTESIAN_POINT('',(-7.08,-26.331,1.));
#5189 = CARTESIAN_POINT('',(-7.6545,-27.716,-4.));
#5190 = CARTESIAN_POINT('',(-1.339,-5.081,-9.));
#5191 = PCURVE('',#3586,#5192);
#5192 = DEFINITIONAL_REPRESENTATION('',(#5193),#5197);
#5193 = LINE('',#5194,#5195);
#5194 = CARTESIAN_POINT('',(11.,0.));
#5195 = VECTOR('',#5196,1.);
#5196 = DIRECTION('',(0.,1.));
#5197 = ( GEOMETRIC_REPRESENTATION_CONTEXT(2) 
PARAMETRIC_REPRESENTATION_CONTEXT() REPRESENTATION_CONTEXT('2D SPACE',''
  ) );
#5198 = PCURVE('',#5062,#5199);
#5199 = DEFINITIONAL_REPRESENTATION('',(#5200),#5204);
#5200 = LINE('',#5201,#5202);
#5201 = CARTESIAN_POINT('',(11.,0.));
#5202 = VECTOR('',#5203,1.);
#5203 = DIRECTION('',(0.,1.));
#5204 = ( GEOMETRIC_REPRESENTATION_CONTEXT(2) 
PARAMETRIC_REPRESENTATION_CONTEXT() REPRESENTATION_CONTEXT('2D SPACE',''
  ) );
#5205 = ORIENTED_EDGE('',*,*,#5027,.F.);
#5206 = ADVANCED_FACE('',(#5207),#3547,.T.);
#5207 = FACE_BOUND('',#5208,.T.);
#5208 = EDGE_LOOP('',(#5209,#5232,#5233,#5289,#5321,#5351,#5352,#5353,
    #5376));
#5209 = ORIENTED_EDGE('',*,*,#5210,.F.);
#5210 = EDGE_CURVE('',#3973,#5211,#5213,.T.);
#5211 = VERTEX_POINT('',#5212);
#5212 = CARTESIAN_POINT('',(6.5,26.585058241244,25.814311153306));
#5213 = SURFACE_CURVE('',#5214,(#5218,#5225),.PCURVE_S1.);
#5214 = LINE('',#5215,#5216);
#5215 = CARTESIAN_POINT('',(6.5,-12.28571428571,-15.));
#5216 = VECTOR('',#5217,1.);
#5217 = DIRECTION('',(0.,0.689655172414,0.724137931034));
#5218 = PCURVE('',#3547,#5219);
#5219 = DEFINITIONAL_REPRESENTATION('',(#5220),#5224);
#5220 = LINE('',#5221,#5222);
#5221 = CARTESIAN_POINT('',(0.,0.));
#5222 = VECTOR('',#5223,1.);
#5223 = DIRECTION('',(0.,1.));
#5224 = ( GEOMETRIC_REPRESENTATION_CONTEXT(2) 
PARAMETRIC_REPRESENTATION_CONTEXT() REPRESENTATION_CONTEXT('2D SPACE',''
  ) );
#5225 = PCURVE('',#4086,#5226);
#5226 = DEFINITIONAL_REPRESENTATION('',(#5227),#5231);
#5227 = LINE('',#5228,#5229);
#5228 = CARTESIAN_POINT('',(-15.26149249949,-28.58780688289));
#5229 = VECTOR('',#5230,1.);
#5230 = DIRECTION('',(0.487659849094,0.873033717322));
#5231 = ( GEOMETRIC_REPRESENTATION_CONTEXT(2) 
PARAMETRIC_REPRESENTATION_CONTEXT() REPRESENTATION_CONTEXT('2D SPACE',''
  ) );
#5232 = ORIENTED_EDGE('',*,*,#3972,.T.);
#5233 = ORIENTED_EDGE('',*,*,#5234,.T.);
#5234 = EDGE_CURVE('',#3943,#5235,#5237,.T.);
#5235 = VERTEX_POINT('',#5236);
#5236 = CARTESIAN_POINT('',(1.681546101297,-6.309209637575,
    -8.724670119454));
#5237 = SURFACE_CURVE('',#5238,(#5253,#5271),.PCURVE_S1.);
#5238 = B_SPLINE_CURVE_WITH_KNOTS('',4,(#5239,#5240,#5241,#5242,#5243,
    #5244,#5245,#5246,#5247,#5248,#5249,#5250,#5251,#5252),
  .UNSPECIFIED.,.F.,.F.,(5,3,3,3,5),(0.,0.286157753095,0.545435079235,
    0.782195438594,1.),.UNSPECIFIED.);
#5239 = CARTESIAN_POINT('',(3.880282590006,-5.97766806334,
    -8.376551466507));
#5240 = CARTESIAN_POINT('',(3.718107841584,-6.002402566727,
    -8.402522695063));
#5241 = CARTESIAN_POINT('',(3.556613738052,-6.026970396023,
    -8.428318915825));
#5242 = CARTESIAN_POINT('',(3.39588589017,-6.051362662506,
    -8.453930795632));
#5243 = CARTESIAN_POINT('',(3.091196939583,-6.097498554356,
    -8.502373482074));
#5244 = CARTESIAN_POINT('',(2.947079249014,-6.11927572456,
    -8.525239510788));
#5245 = CARTESIAN_POINT('',(2.803761770975,-6.140890089654,
    -8.547934594137));
#5246 = CARTESIAN_POINT('',(2.531295234249,-6.181908725068,
    -8.591004161321));
#5247 = CARTESIAN_POINT('',(2.401996705122,-6.201341903441,
    -8.611408998613));
#5248 = CARTESIAN_POINT('',(2.273524966836,-6.220621352073,
    -8.631652419677));
#5249 = CARTESIAN_POINT('',(2.028627580928,-6.257321635728,
    -8.670187717514));
#5250 = CARTESIAN_POINT('',(1.912061018703,-6.274767691329,
    -8.688506075895));
#5251 = CARTESIAN_POINT('',(1.796340567953,-6.292066798525,
    -8.706670138451));
#5252 = CARTESIAN_POINT('',(1.681546101297,-6.309209637575,
    -8.724670119454));
#5253 = PCURVE('',#3547,#5254);
#5254 = DEFINITIONAL_REPRESENTATION('',(#5255),#5270);
#5255 = B_SPLINE_CURVE_WITH_KNOTS('',4,(#5256,#5257,#5258,#5259,#5260,
    #5261,#5262,#5263,#5264,#5265,#5266,#5267,#5268,#5269),
  .UNSPECIFIED.,.F.,.F.,(5,3,3,3,5),(0.,0.286157753095,0.545435079235,
    0.782195438594,1.),.UNSPECIFIED.);
#5256 = CARTESIAN_POINT('',(2.619717409994,9.146667022443));
#5257 = CARTESIAN_POINT('',(2.781892158416,9.110801992532));
#5258 = CARTESIAN_POINT('',(2.943386261948,9.075178640052));
#5259 = CARTESIAN_POINT('',(3.10411410983,9.039809853651));
#5260 = CARTESIAN_POINT('',(3.408803060417,8.97291281047));
#5261 = CARTESIAN_POINT('',(3.552920750986,8.941335913674));
#5262 = CARTESIAN_POINT('',(3.696238229025,8.909995084287));
#5263 = CARTESIAN_POINT('',(3.968704765751,8.850518062938));
#5264 = CARTESIAN_POINT('',(4.098003294878,8.822339954296));
#5265 = CARTESIAN_POINT('',(4.226475033164,8.794384753779));
#5266 = CARTESIAN_POINT('',(4.471372419072,8.741169342481));
#5267 = CARTESIAN_POINT('',(4.587938981297,8.715872561859));
#5268 = CARTESIAN_POINT('',(4.703659432047,8.690788856425));
#5269 = CARTESIAN_POINT('',(4.818453898703,8.665931739802));
#5270 = ( GEOMETRIC_REPRESENTATION_CONTEXT(2) 
PARAMETRIC_REPRESENTATION_CONTEXT() REPRESENTATION_CONTEXT('2D SPACE',''
  ) );
#5271 = PCURVE('',#3958,#5272);
#5272 = DEFINITIONAL_REPRESENTATION('',(#5273),#5288);
#5273 = B_SPLINE_CURVE_WITH_KNOTS('',4,(#5274,#5275,#5276,#5277,#5278,
    #5279,#5280,#5281,#5282,#5283,#5284,#5285,#5286,#5287),
  .UNSPECIFIED.,.F.,.F.,(5,3,3,3,5),(0.,0.286157753095,0.545435079235,
    0.782195438594,1.),.UNSPECIFIED.);
#5274 = CARTESIAN_POINT('',(14.,0.937655146651));
#5275 = CARTESIAN_POINT('',(13.940640167165,0.940252269506));
#5276 = CARTESIAN_POINT('',(13.879274388709,0.942831891582));
#5277 = CARTESIAN_POINT('',(13.815774059113,0.945393079563));
#5278 = CARTESIAN_POINT('',(13.690404272387,0.950237348207));
#5279 = CARTESIAN_POINT('',(13.628942100392,0.952523951079));
#5280 = CARTESIAN_POINT('',(13.56550966962,0.954793459414));
#5281 = CARTESIAN_POINT('',(13.440179174408,0.959100416132));
#5282 = CARTESIAN_POINT('',(13.378626435417,0.961140899861));
#5283 = CARTESIAN_POINT('',(13.315259952424,0.963165241968));
#5284 = CARTESIAN_POINT('',(13.189964505766,0.967018771751));
#5285 = CARTESIAN_POINT('',(13.128326787809,0.96885060759));
#5286 = CARTESIAN_POINT('',(13.065024342779,0.970667013845));
#5287 = CARTESIAN_POINT('',(13.,0.972467011945));
#5288 = ( GEOMETRIC_REPRESENTATION_CONTEXT(2) 
PARAMETRIC_REPRESENTATION_CONTEXT() REPRESENTATION_CONTEXT('2D SPACE',''
  ) );
#5289 = ORIENTED_EDGE('',*,*,#5290,.T.);
#5290 = EDGE_CURVE('',#5235,#5291,#5293,.T.);
#5291 = VERTEX_POINT('',#5292);
#5292 = CARTESIAN_POINT('',(0.,-6.39562912185,-8.815410577943));
#5293 = SURFACE_CURVE('',#5294,(#5301,#5311),.PCURVE_S1.);
#5294 = B_SPLINE_CURVE_WITH_KNOTS('',5,(#5295,#5296,#5297,#5298,#5299,
    #5300),.UNSPECIFIED.,.F.,.F.,(6,6),(0.,1.),
  .PIECEWISE_BEZIER_KNOTS.);
#5295 = CARTESIAN_POINT('',(1.681546101297,-6.309209637575,
    -8.724670119454));
#5296 = CARTESIAN_POINT('',(1.339442872296,-6.326811811027,
    -8.743152401578));
#5297 = CARTESIAN_POINT('',(1.00003089982,-6.344263061628,-8.76147621471
    ));
#5298 = CARTESIAN_POINT('',(0.663508452566,-6.361555509407,
    -8.779633284877));
#5299 = CARTESIAN_POINT('',(0.330089968393,-6.378680550008,
    -8.797614577508));
#5300 = CARTESIAN_POINT('',(0.,-6.39562912185,-8.815410577943));
#5301 = PCURVE('',#3547,#5302);
#5302 = DEFINITIONAL_REPRESENTATION('',(#5303),#5310);
#5303 = B_SPLINE_CURVE_WITH_KNOTS('',5,(#5304,#5305,#5306,#5307,#5308,
    #5309),.UNSPECIFIED.,.F.,.F.,(6,6),(0.,1.),
  .PIECEWISE_BEZIER_KNOTS.);
#5304 = CARTESIAN_POINT('',(4.818453898703,8.665931739802));
#5305 = CARTESIAN_POINT('',(5.160557127704,8.640408588297));
#5306 = CARTESIAN_POINT('',(5.49996910018,8.615104274925));
#5307 = CARTESIAN_POINT('',(5.836491547434,8.590030225646));
#5308 = CARTESIAN_POINT('',(6.169910031607,8.565198916774));
#5309 = CARTESIAN_POINT('',(6.5,8.540623487603));
#5310 = ( GEOMETRIC_REPRESENTATION_CONTEXT(2) 
PARAMETRIC_REPRESENTATION_CONTEXT() REPRESENTATION_CONTEXT('2D SPACE',''
  ) );
#5311 = PCURVE('',#5090,#5312);
#5312 = DEFINITIONAL_REPRESENTATION('',(#5313),#5320);
#5313 = B_SPLINE_CURVE_WITH_KNOTS('',5,(#5314,#5315,#5316,#5317,#5318,
    #5319),.UNSPECIFIED.,.F.,.F.,(6,6),(0.,1.),
  .PIECEWISE_BEZIER_KNOTS.);
#5314 = CARTESIAN_POINT('',(13.,0.972467011945));
#5315 = CARTESIAN_POINT('',(12.810020382764,0.974315240158));
#5316 = CARTESIAN_POINT('',(12.61516507178,0.976147621471));
#5317 = CARTESIAN_POINT('',(12.415292999643,0.977963328488));
#5318 = CARTESIAN_POINT('',(12.210274202789,0.979761457751));
#5319 = CARTESIAN_POINT('',(12.,0.981541057794));
#5320 = ( GEOMETRIC_REPRESENTATION_CONTEXT(2) 
PARAMETRIC_REPRESENTATION_CONTEXT() REPRESENTATION_CONTEXT('2D SPACE',''
  ) );
#5321 = ORIENTED_EDGE('',*,*,#5322,.T.);
#5322 = EDGE_CURVE('',#5291,#5130,#5323,.T.);
#5323 = SURFACE_CURVE('',#5324,(#5331,#5341),.PCURVE_S1.);
#5324 = B_SPLINE_CURVE_WITH_KNOTS('',5,(#5325,#5326,#5327,#5328,#5329,
    #5330),.UNSPECIFIED.,.F.,.F.,(6,6),(0.,1.),
  .PIECEWISE_BEZIER_KNOTS.);
#5325 = CARTESIAN_POINT('',(0.,-6.39562912185,-8.815410577943));
#5326 = CARTESIAN_POINT('',(-0.330089968393,-6.378680550008,
    -8.797614577508));
#5327 = CARTESIAN_POINT('',(-0.663508452566,-6.361555509407,
    -8.779633284877));
#5328 = CARTESIAN_POINT('',(-1.000030899821,-6.344263061628,
    -8.76147621471));
#5329 = CARTESIAN_POINT('',(-1.339442872296,-6.326811811027,
    -8.743152401578));
#5330 = CARTESIAN_POINT('',(-1.681546101297,-6.309209637575,
    -8.724670119454));
#5331 = PCURVE('',#3547,#5332);
#5332 = DEFINITIONAL_REPRESENTATION('',(#5333),#5340);
#5333 = B_SPLINE_CURVE_WITH_KNOTS('',5,(#5334,#5335,#5336,#5337,#5338,
    #5339),.UNSPECIFIED.,.F.,.F.,(6,6),(0.,1.),
  .PIECEWISE_BEZIER_KNOTS.);
#5334 = CARTESIAN_POINT('',(6.5,8.540623487603));
#5335 = CARTESIAN_POINT('',(6.830089968393,8.565198916774));
#5336 = CARTESIAN_POINT('',(7.163508452566,8.590030225646));
#5337 = CARTESIAN_POINT('',(7.500030899821,8.615104274925));
#5338 = CARTESIAN_POINT('',(7.839442872296,8.640408588297));
#5339 = CARTESIAN_POINT('',(8.181546101297,8.665931739802));
#5340 = ( GEOMETRIC_REPRESENTATION_CONTEXT(2) 
PARAMETRIC_REPRESENTATION_CONTEXT() REPRESENTATION_CONTEXT('2D SPACE',''
  ) );
#5341 = PCURVE('',#5062,#5342);
#5342 = DEFINITIONAL_REPRESENTATION('',(#5343),#5350);
#5343 = B_SPLINE_CURVE_WITH_KNOTS('',5,(#5344,#5345,#5346,#5347,#5348,
    #5349),.UNSPECIFIED.,.F.,.F.,(6,6),(0.,1.),
  .PIECEWISE_BEZIER_KNOTS.);
#5344 = CARTESIAN_POINT('',(12.,0.981541057794));
#5345 = CARTESIAN_POINT('',(11.789725797211,0.979761457751));
#5346 = CARTESIAN_POINT('',(11.584707000357,0.977963328488));
#5347 = CARTESIAN_POINT('',(11.38483492822,0.976147621471));
#5348 = CARTESIAN_POINT('',(11.189979617236,0.974315240158));
#5349 = CARTESIAN_POINT('',(11.,0.972467011945));
#5350 = ( GEOMETRIC_REPRESENTATION_CONTEXT(2) 
PARAMETRIC_REPRESENTATION_CONTEXT() REPRESENTATION_CONTEXT('2D SPACE',''
  ) );
#5351 = ORIENTED_EDGE('',*,*,#5129,.T.);
#5352 = ORIENTED_EDGE('',*,*,#3509,.T.);
#5353 = ORIENTED_EDGE('',*,*,#5354,.T.);
#5354 = EDGE_CURVE('',#3338,#5355,#5357,.T.);
#5355 = VERTEX_POINT('',#5356);
#5356 = CARTESIAN_POINT('',(-6.5,26.585058241244,25.814311153306));
#5357 = SURFACE_CURVE('',#5358,(#5362,#5369),.PCURVE_S1.);
#5358 = LINE('',#5359,#5360);
#5359 = CARTESIAN_POINT('',(-6.5,-12.28571428571,-15.));
#5360 = VECTOR('',#5361,1.);
#5361 = DIRECTION('',(0.,0.689655172414,0.724137931034));
#5362 = PCURVE('',#3547,#5363);
#5363 = DEFINITIONAL_REPRESENTATION('',(#5364),#5368);
#5364 = LINE('',#5365,#5366);
#5365 = CARTESIAN_POINT('',(13.,0.));
#5366 = VECTOR('',#5367,1.);
#5367 = DIRECTION('',(0.,1.));
#5368 = ( GEOMETRIC_REPRESENTATION_CONTEXT(2) 
PARAMETRIC_REPRESENTATION_CONTEXT() REPRESENTATION_CONTEXT('2D SPACE',''
  ) );
#5369 = PCURVE('',#3449,#5370);
#5370 = DEFINITIONAL_REPRESENTATION('',(#5371),#5375);
#5371 = LINE('',#5372,#5373);
#5372 = CARTESIAN_POINT('',(15.261492499498,-28.58780688289));
#5373 = VECTOR('',#5374,1.);
#5374 = DIRECTION('',(-0.487659849094,0.873033717322));
#5375 = ( GEOMETRIC_REPRESENTATION_CONTEXT(2) 
PARAMETRIC_REPRESENTATION_CONTEXT() REPRESENTATION_CONTEXT('2D SPACE',''
  ) );
#5376 = ORIENTED_EDGE('',*,*,#5377,.F.);
#5377 = EDGE_CURVE('',#5211,#5355,#5378,.T.);
#5378 = SURFACE_CURVE('',#5379,(#5383,#5389),.PCURVE_S1.);
#5379 = LINE('',#5380,#5381);
#5380 = CARTESIAN_POINT('',(6.5,26.585058241244,25.814311153306));
#5381 = VECTOR('',#5382,1.);
#5382 = DIRECTION('',(-1.,-2.029207644289E-16,-2.130668026503E-16));
#5383 = PCURVE('',#3547,#5384);
#5384 = DEFINITIONAL_REPRESENTATION('',(#5385),#5388);
#5385 = B_SPLINE_CURVE_WITH_KNOTS('',1,(#5386,#5387),.UNSPECIFIED.,.F.,
  .F.,(2,2),(-9.769962616701E-15,13.),.PIECEWISE_BEZIER_KNOTS.);
#5386 = CARTESIAN_POINT('',(2.6645352591E-15,56.362620164089));
#5387 = CARTESIAN_POINT('',(13.,56.362620164089));
#5388 = ( GEOMETRIC_REPRESENTATION_CONTEXT(2) 
PARAMETRIC_REPRESENTATION_CONTEXT() REPRESENTATION_CONTEXT('2D SPACE',''
  ) );
#5389 = PCURVE('',#5390,#5395);
#5390 = PLANE('',#5391);
#5391 = AXIS2_PLACEMENT_3D('',#5392,#5393,#5394);
#5392 = CARTESIAN_POINT('',(6.5,10.643670971537,19.437756245423));
#5393 = DIRECTION('',(1.224646799147E-16,0.371390676354,-0.928476690885)
  );
#5394 = DIRECTION('',(-1.,4.548224030302E-17,-1.137056007576E-16));
#5395 = DEFINITIONAL_REPRESENTATION('',(#5396),#5399);
#5396 = B_SPLINE_CURVE_WITH_KNOTS('',1,(#5397,#5398),.UNSPECIFIED.,.F.,
  .F.,(2,2),(-9.769962616701E-15,13.),.PIECEWISE_BEZIER_KNOTS.);
#5397 = CARTESIAN_POINT('',(-4.733165431326E-30,17.169399540345));
#5398 = CARTESIAN_POINT('',(13.,17.169399540345));
#5399 = ( GEOMETRIC_REPRESENTATION_CONTEXT(2) 
PARAMETRIC_REPRESENTATION_CONTEXT() REPRESENTATION_CONTEXT('2D SPACE',''
  ) );
#5400 = ADVANCED_FACE('',(#5401),#3449,.T.);
#5401 = FACE_BOUND('',#5402,.T.);
#5402 = EDGE_LOOP('',(#5403,#5404,#5405,#5428));
#5403 = ORIENTED_EDGE('',*,*,#5354,.F.);
#5404 = ORIENTED_EDGE('',*,*,#3337,.T.);
#5405 = ORIENTED_EDGE('',*,*,#5406,.T.);
#5406 = EDGE_CURVE('',#3277,#5407,#5409,.T.);
#5407 = VERTEX_POINT('',#5408);
#5408 = CARTESIAN_POINT('',(-7.5,26.169551195618,26.428028755399));
#5409 = SURFACE_CURVE('',#5410,(#5414,#5421),.PCURVE_S1.);
#5410 = LINE('',#5411,#5412);
#5411 = CARTESIAN_POINT('',(-7.5,-13.28571428571,-15.));
#5412 = VECTOR('',#5413,1.);
#5413 = DIRECTION('',(0.,0.689655172414,0.724137931034));
#5414 = PCURVE('',#3449,#5415);
#5415 = DEFINITIONAL_REPRESENTATION('',(#5416),#5420);
#5416 = LINE('',#5417,#5418);
#5417 = CARTESIAN_POINT('',(16.675706061872,-28.58780688289));
#5418 = VECTOR('',#5419,1.);
#5419 = DIRECTION('',(-0.487659849094,0.873033717322));
#5420 = ( GEOMETRIC_REPRESENTATION_CONTEXT(2) 
PARAMETRIC_REPRESENTATION_CONTEXT() REPRESENTATION_CONTEXT('2D SPACE',''
  ) );
#5421 = PCURVE('',#3314,#5422);
#5422 = DEFINITIONAL_REPRESENTATION('',(#5423),#5427);
#5423 = LINE('',#5424,#5425);
#5424 = CARTESIAN_POINT('',(21.583009674846,-23.71216015858));
#5425 = VECTOR('',#5426,1.);
#5426 = DIRECTION('',(-0.689655172414,0.724137931034));
#5427 = ( GEOMETRIC_REPRESENTATION_CONTEXT(2) 
PARAMETRIC_REPRESENTATION_CONTEXT() REPRESENTATION_CONTEXT('2D SPACE',''
  ) );
#5428 = ORIENTED_EDGE('',*,*,#5429,.F.);
#5429 = EDGE_CURVE('',#5355,#5407,#5430,.T.);
#5430 = SURFACE_CURVE('',#5431,(#5435,#5441),.PCURVE_S1.);
#5431 = LINE('',#5432,#5433);
#5432 = CARTESIAN_POINT('',(-6.395275746947,26.628571906235,
    25.750040035841));
#5433 = VECTOR('',#5434,1.);
#5434 = DIRECTION('',(-0.803401955127,-0.333819172824,0.493061921418));
#5435 = PCURVE('',#3449,#5436);
#5436 = DEFINITIONAL_REPRESENTATION('',(#5437),#5440);
#5437 = B_SPLINE_CURVE_WITH_KNOTS('',1,(#5438,#5439),.UNSPECIFIED.,.F.,
  .F.,(2,2),(-5.405289045025,13.536393688933),.PIECEWISE_BEZIER_KNOTS.);
#5438 = CARTESIAN_POINT('',(-16.67570606187,17.32803111485));
#5439 = CARTESIAN_POINT('',(-1.444002465513,28.587806882894));
#5440 = ( GEOMETRIC_REPRESENTATION_CONTEXT(2) 
PARAMETRIC_REPRESENTATION_CONTEXT() REPRESENTATION_CONTEXT('2D SPACE',''
  ) );
#5441 = PCURVE('',#5442,#5447);
#5442 = PLANE('',#5443);
#5443 = AXIS2_PLACEMENT_3D('',#5444,#5445,#5446);
#5444 = CARTESIAN_POINT('',(-7.,15.076798939287,21.600967642695));
#5445 = DIRECTION('',(-0.586509812152,0.300804952328,-0.752012380819));
#5446 = DIRECTION('',(-0.707106781187,-0.64294874021,0.294307521927));
#5447 = DEFINITIONAL_REPRESENTATION('',(#5448),#5451);
#5448 = B_SPLINE_CURVE_WITH_KNOTS('',1,(#5449,#5450),.UNSPECIFIED.,.F.,
  .F.,(2,2),(-5.405289045025,13.536393688933),.PIECEWISE_BEZIER_KNOTS.);
#5449 = CARTESIAN_POINT('',(-11.64889628876,8.328777986587));
#5450 = CARTESIAN_POINT('',(5.925792087418,15.394022021585));
#5451 = ( GEOMETRIC_REPRESENTATION_CONTEXT(2) 
PARAMETRIC_REPRESENTATION_CONTEXT() REPRESENTATION_CONTEXT('2D SPACE',''
  ) );
#5452 = ADVANCED_FACE('',(#5453),#3314,.T.);
#5453 = FACE_BOUND('',#5454,.T.);
#5454 = EDGE_LOOP('',(#5455,#5456,#5457,#5480,#5508,#5536,#5564,#5592,
    #5620,#5648));
#5455 = ORIENTED_EDGE('',*,*,#5406,.F.);
#5456 = ORIENTED_EDGE('',*,*,#3276,.F.);
#5457 = ORIENTED_EDGE('',*,*,#5458,.T.);
#5458 = EDGE_CURVE('',#3216,#5459,#5461,.T.);
#5459 = VERTEX_POINT('',#5460);
#5460 = CARTESIAN_POINT('',(-7.5,25.338537104368,27.655463959586));
#5461 = SURFACE_CURVE('',#5462,(#5466,#5473),.PCURVE_S1.);
#5462 = LINE('',#5463,#5464);
#5463 = CARTESIAN_POINT('',(-7.5,-15.28571428571,-15.));
#5464 = VECTOR('',#5465,1.);
#5465 = DIRECTION('',(0.,0.689655172414,0.724137931034));
#5466 = PCURVE('',#3314,#5467);
#5467 = DEFINITIONAL_REPRESENTATION('',(#5468),#5472);
#5468 = LINE('',#5469,#5470);
#5469 = CARTESIAN_POINT('',(23.583009674846,-23.71216015858));
#5470 = VECTOR('',#5471,1.);
#5471 = DIRECTION('',(-0.689655172414,0.724137931034));
#5472 = ( GEOMETRIC_REPRESENTATION_CONTEXT(2) 
PARAMETRIC_REPRESENTATION_CONTEXT() REPRESENTATION_CONTEXT('2D SPACE',''
  ) );
#5473 = PCURVE('',#3253,#5474);
#5474 = DEFINITIONAL_REPRESENTATION('',(#5475),#5479);
#5475 = LINE('',#5476,#5477);
#5476 = CARTESIAN_POINT('',(15.261492499498,-28.58780688289));
#5477 = VECTOR('',#5478,1.);
#5478 = DIRECTION('',(-0.487659849094,0.873033717322));
#5479 = ( GEOMETRIC_REPRESENTATION_CONTEXT(2) 
PARAMETRIC_REPRESENTATION_CONTEXT() REPRESENTATION_CONTEXT('2D SPACE',''
  ) );
#5480 = ORIENTED_EDGE('',*,*,#5481,.T.);
#5481 = EDGE_CURVE('',#5459,#5482,#5484,.T.);
#5482 = VERTEX_POINT('',#5483);
#5483 = CARTESIAN_POINT('',(-7.5,45.572973248603,35.74923841728));
#5484 = SURFACE_CURVE('',#5485,(#5489,#5496),.PCURVE_S1.);
#5485 = LINE('',#5486,#5487);
#5486 = CARTESIAN_POINT('',(-7.5,7.915870486592,20.686397312476));
#5487 = VECTOR('',#5488,1.);
#5488 = DIRECTION('',(0.,0.928476690885,0.371390676354));
#5489 = PCURVE('',#3314,#5490);
#5490 = DEFINITIONAL_REPRESENTATION('',(#5491),#5495);
#5491 = LINE('',#5492,#5493);
#5492 = CARTESIAN_POINT('',(0.38142490254,11.974237153888));
#5493 = VECTOR('',#5494,1.);
#5494 = DIRECTION('',(-0.928476690885,0.371390676354));
#5495 = ( GEOMETRIC_REPRESENTATION_CONTEXT(2) 
PARAMETRIC_REPRESENTATION_CONTEXT() REPRESENTATION_CONTEXT('2D SPACE',''
  ) );
#5496 = PCURVE('',#5497,#5502);
#5497 = PLANE('',#5498);
#5498 = AXIS2_PLACEMENT_3D('',#5499,#5500,#5501);
#5499 = CARTESIAN_POINT('',(-7.,12.348998454342,22.849608709748));
#5500 = DIRECTION('',(-0.586509812152,-0.300804952328,0.752012380819));
#5501 = DIRECTION('',(0.707106781187,-0.64294874021,0.294307521927));
#5502 = DEFINITIONAL_REPRESENTATION('',(#5503),#5507);
#5503 = LINE('',#5504,#5505);
#5504 = CARTESIAN_POINT('',(1.860071265725,-4.595894038613));
#5505 = VECTOR('',#5506,1.);
#5506 = DIRECTION('',(-0.487659849094,0.873033717322));
#5507 = ( GEOMETRIC_REPRESENTATION_CONTEXT(2) 
PARAMETRIC_REPRESENTATION_CONTEXT() REPRESENTATION_CONTEXT('2D SPACE',''
  ) );
#5508 = ORIENTED_EDGE('',*,*,#5509,.T.);
#5509 = EDGE_CURVE('',#5482,#5510,#5512,.T.);
#5510 = VERTEX_POINT('',#5511);
#5511 = CARTESIAN_POINT('',(-7.5,101.27592873519,33.521120197816));
#5512 = SURFACE_CURVE('',#5513,(#5517,#5524),.PCURVE_S1.);
#5513 = LINE('',#5514,#5515);
#5514 = CARTESIAN_POINT('',(-7.5,26.705721570591,36.503928484401));
#5515 = VECTOR('',#5516,1.);
#5516 = DIRECTION('',(0.,0.999200958722,-3.996803834887E-02));
#5517 = PCURVE('',#3314,#5518);
#5518 = DEFINITIONAL_REPRESENTATION('',(#5519),#5523);
#5519 = LINE('',#5520,#5521);
#5520 = CARTESIAN_POINT('',(-18.40842618145,27.791768325813));
#5521 = VECTOR('',#5522,1.);
#5522 = DIRECTION('',(-0.999200958722,-3.996803834887E-02));
#5523 = ( GEOMETRIC_REPRESENTATION_CONTEXT(2) 
PARAMETRIC_REPRESENTATION_CONTEXT() REPRESENTATION_CONTEXT('2D SPACE',''
  ) );
#5524 = PCURVE('',#5525,#5530);
#5525 = PLANE('',#5526);
#5526 = AXIS2_PLACEMENT_3D('',#5527,#5528,#5529);
#5527 = CARTESIAN_POINT('',(-7.,46.03485098736,36.09312181265));
#5528 = DIRECTION('',(-0.586509812152,3.23717977742E-02,0.809294944355)
  );
#5529 = DIRECTION('',(0.707106781187,-0.466804840818,0.531124505732));
#5530 = DEFINITIONAL_REPRESENTATION('',(#5531),#5535);
#5531 = LINE('',#5532,#5533);
#5532 = CARTESIAN_POINT('',(8.887567280432,-17.17687846983));
#5533 = VECTOR('',#5534,1.);
#5534 = DIRECTION('',(-0.487659849094,0.873033717322));
#5535 = ( GEOMETRIC_REPRESENTATION_CONTEXT(2) 
PARAMETRIC_REPRESENTATION_CONTEXT() REPRESENTATION_CONTEXT('2D SPACE',''
  ) );
#5536 = ORIENTED_EDGE('',*,*,#5537,.T.);
#5537 = EDGE_CURVE('',#5510,#5538,#5540,.T.);
#5538 = VERTEX_POINT('',#5539);
#5539 = CARTESIAN_POINT('',(-7.5,127.23906096258,31.963332264173));
#5540 = SURFACE_CURVE('',#5541,(#5545,#5552),.PCURVE_S1.);
#5541 = LINE('',#5542,#5543);
#5542 = CARTESIAN_POINT('',(-7.5,77.239060962586,34.963332264173));
#5543 = VECTOR('',#5544,1.);
#5544 = DIRECTION('',(0.,0.998204845466,-5.989229072795E-02));
#5545 = PCURVE('',#3314,#5546);
#5546 = DEFINITIONAL_REPRESENTATION('',(#5547),#5551);
#5547 = LINE('',#5548,#5549);
#5548 = CARTESIAN_POINT('',(-68.94176557345,26.251172105584));
#5549 = VECTOR('',#5550,1.);
#5550 = DIRECTION('',(-0.998204845466,-5.989229072795E-02));
#5551 = ( GEOMETRIC_REPRESENTATION_CONTEXT(2) 
PARAMETRIC_REPRESENTATION_CONTEXT() REPRESENTATION_CONTEXT('2D SPACE',''
  ) );
#5552 = PCURVE('',#5553,#5558);
#5553 = PLANE('',#5554);
#5554 = AXIS2_PLACEMENT_3D('',#5555,#5556,#5557);
#5555 = CARTESIAN_POINT('',(-7.,89.160059867938,34.610792434008));
#5556 = DIRECTION('',(-0.586509812152,4.850928901626E-02,0.808488150271)
  );
#5557 = DIRECTION('',(0.707106781187,-0.456117005574,0.540330710978));
#5558 = DEFINITIONAL_REPRESENTATION('',(#5559),#5563);
#5559 = LINE('',#5560,#5561);
#5560 = CARTESIAN_POINT('',(5.274305030644,-10.70823074447));
#5561 = VECTOR('',#5562,1.);
#5562 = DIRECTION('',(-0.487659849094,0.873033717322));
#5563 = ( GEOMETRIC_REPRESENTATION_CONTEXT(2) 
PARAMETRIC_REPRESENTATION_CONTEXT() REPRESENTATION_CONTEXT('2D SPACE',''
  ) );
#5564 = ORIENTED_EDGE('',*,*,#5565,.F.);
#5565 = EDGE_CURVE('',#5566,#5538,#5568,.T.);
#5566 = VERTEX_POINT('',#5567);
#5567 = CARTESIAN_POINT('',(-7.5,128.5291546732,30.435046224908));
#5568 = SURFACE_CURVE('',#5569,(#5573,#5580),.PCURVE_S1.);
#5569 = LINE('',#5570,#5571);
#5570 = CARTESIAN_POINT('',(-7.5,128.5291546732,30.435046224908));
#5571 = VECTOR('',#5572,1.);
#5572 = DIRECTION('',(-8.868131993826E-17,-0.645046855311,0.764143019632
    ));
#5573 = PCURVE('',#3314,#5574);
#5574 = DEFINITIONAL_REPRESENTATION('',(#5575),#5579);
#5575 = LINE('',#5576,#5577);
#5576 = CARTESIAN_POINT('',(-120.231859284,21.72288606632));
#5577 = VECTOR('',#5578,1.);
#5578 = DIRECTION('',(0.645046855311,0.764143019632));
#5579 = ( GEOMETRIC_REPRESENTATION_CONTEXT(2) 
PARAMETRIC_REPRESENTATION_CONTEXT() REPRESENTATION_CONTEXT('2D SPACE',''
  ) );
#5580 = PCURVE('',#5581,#5586);
#5581 = PLANE('',#5582);
#5582 = AXIS2_PLACEMENT_3D('',#5583,#5584,#5585);
#5583 = CARTESIAN_POINT('',(-4.583265480497E-15,127.88410781789,
    31.19918924454));
#5584 = DIRECTION('',(0.,0.764143019632,0.645046855311));
#5585 = DIRECTION('',(0.,-0.645046855311,0.764143019632));
#5586 = DEFINITIONAL_REPRESENTATION('',(#5587),#5591);
#5587 = LINE('',#5588,#5589);
#5588 = CARTESIAN_POINT('',(-1.,-7.5));
#5589 = VECTOR('',#5590,1.);
#5590 = DIRECTION('',(1.,-8.868131993826E-17));
#5591 = ( GEOMETRIC_REPRESENTATION_CONTEXT(2) 
PARAMETRIC_REPRESENTATION_CONTEXT() REPRESENTATION_CONTEXT('2D SPACE',''
  ) );
#5592 = ORIENTED_EDGE('',*,*,#5593,.F.);
#5593 = EDGE_CURVE('',#5594,#5566,#5596,.T.);
#5594 = VERTEX_POINT('',#5595);
#5595 = CARTESIAN_POINT('',(-7.5,101.20360888784,32.07457897203));
#5596 = SURFACE_CURVE('',#5597,(#5601,#5608),.PCURVE_S1.);
#5597 = LINE('',#5598,#5599);
#5598 = CARTESIAN_POINT('',(-7.5,78.529154673208,33.435046224908));
#5599 = VECTOR('',#5600,1.);
#5600 = DIRECTION('',(0.,0.998204845466,-5.989229072795E-02));
#5601 = PCURVE('',#3314,#5602);
#5602 = DEFINITIONAL_REPRESENTATION('',(#5603),#5607);
#5603 = LINE('',#5604,#5605);
#5604 = CARTESIAN_POINT('',(-70.23185928407,24.72288606632));
#5605 = VECTOR('',#5606,1.);
#5606 = DIRECTION('',(-0.998204845466,-5.989229072795E-02));
#5607 = ( GEOMETRIC_REPRESENTATION_CONTEXT(2) 
PARAMETRIC_REPRESENTATION_CONTEXT() REPRESENTATION_CONTEXT('2D SPACE',''
  ) );
#5608 = PCURVE('',#5609,#5614);
#5609 = PLANE('',#5610);
#5610 = AXIS2_PLACEMENT_3D('',#5611,#5612,#5613);
#5611 = CARTESIAN_POINT('',(-7.,91.095200433872,32.318363375111));
#5612 = DIRECTION('',(-0.586509812152,-4.850928901626E-02,
    -0.808488150271));
#5613 = DIRECTION('',(-0.707106781187,-0.456117005574,0.540330710978));
#5614 = DEFINITIONAL_REPRESENTATION('',(#5615),#5619);
#5615 = LINE('',#5616,#5617);
#5616 = CARTESIAN_POINT('',(6.688518593018,-10.70823074447));
#5617 = VECTOR('',#5618,1.);
#5618 = DIRECTION('',(-0.487659849094,0.873033717322));
#5619 = ( GEOMETRIC_REPRESENTATION_CONTEXT(2) 
PARAMETRIC_REPRESENTATION_CONTEXT() REPRESENTATION_CONTEXT('2D SPACE',''
  ) );
#5620 = ORIENTED_EDGE('',*,*,#5621,.F.);
#5621 = EDGE_CURVE('',#5622,#5594,#5624,.T.);
#5622 = VERTEX_POINT('',#5623);
#5623 = CARTESIAN_POINT('',(-7.5,45.8238978418,34.289767413872));
#5624 = SURFACE_CURVE('',#5625,(#5629,#5636),.PCURVE_S1.);
#5625 = LINE('',#5626,#5627);
#5626 = CARTESIAN_POINT('',(-7.5,28.026045044323,35.001681525771));
#5627 = VECTOR('',#5628,1.);
#5628 = DIRECTION('',(0.,0.999200958722,-3.996803834887E-02));
#5629 = PCURVE('',#3314,#5630);
#5630 = DEFINITIONAL_REPRESENTATION('',(#5631),#5635);
#5631 = LINE('',#5632,#5633);
#5632 = CARTESIAN_POINT('',(-19.72874965519,26.289521367183));
#5633 = VECTOR('',#5634,1.);
#5634 = DIRECTION('',(-0.999200958722,-3.996803834887E-02));
#5635 = ( GEOMETRIC_REPRESENTATION_CONTEXT(2) 
PARAMETRIC_REPRESENTATION_CONTEXT() REPRESENTATION_CONTEXT('2D SPACE',''
  ) );
#5636 = PCURVE('',#5637,#5642);
#5637 = PLANE('',#5638);
#5638 = AXIS2_PLACEMENT_3D('',#5639,#5640,#5641);
#5639 = CARTESIAN_POINT('',(-7.,48.015336197957,33.839751374705));
#5640 = DIRECTION('',(-0.586509812152,-3.23717977742E-02,-0.809294944355
    ));
#5641 = DIRECTION('',(-0.707106781187,-0.466804840818,0.531124505732));
#5642 = DEFINITIONAL_REPRESENTATION('',(#5643),#5647);
#5643 = LINE('',#5644,#5645);
#5644 = CARTESIAN_POINT('',(10.301780842805,-17.17687846983));
#5645 = VECTOR('',#5646,1.);
#5646 = DIRECTION('',(-0.487659849094,0.873033717322));
#5647 = ( GEOMETRIC_REPRESENTATION_CONTEXT(2) 
PARAMETRIC_REPRESENTATION_CONTEXT() REPRESENTATION_CONTEXT('2D SPACE',''
  ) );
#5648 = ORIENTED_EDGE('',*,*,#5649,.F.);
#5649 = EDGE_CURVE('',#5407,#5622,#5650,.T.);
#5650 = SURFACE_CURVE('',#5651,(#5655,#5662),.PCURVE_S1.);
#5651 = LINE('',#5652,#5653);
#5652 = CARTESIAN_POINT('',(-7.5,9.734404143222,19.853969934441));
#5653 = VECTOR('',#5654,1.);
#5654 = DIRECTION('',(0.,0.928476690885,0.371390676354));
#5655 = PCURVE('',#3314,#5656);
#5656 = DEFINITIONAL_REPRESENTATION('',(#5657),#5661);
#5657 = LINE('',#5658,#5659);
#5658 = CARTESIAN_POINT('',(-1.43710875409,11.141809775852));
#5659 = VECTOR('',#5660,1.);
#5660 = DIRECTION('',(-0.928476690885,0.371390676354));
#5661 = ( GEOMETRIC_REPRESENTATION_CONTEXT(2) 
PARAMETRIC_REPRESENTATION_CONTEXT() REPRESENTATION_CONTEXT('2D SPACE',''
  ) );
#5662 = PCURVE('',#5442,#5663);
#5663 = DEFINITIONAL_REPRESENTATION('',(#5664),#5668);
#5664 = LINE('',#5665,#5666);
#5665 = CARTESIAN_POINT('',(3.274284828098,-4.595894038613));
#5666 = VECTOR('',#5667,1.);
#5667 = DIRECTION('',(-0.487659849094,0.873033717322));
#5668 = ( GEOMETRIC_REPRESENTATION_CONTEXT(2) 
PARAMETRIC_REPRESENTATION_CONTEXT() REPRESENTATION_CONTEXT('2D SPACE',''
  ) );
#5669 = ADVANCED_FACE('',(#5670),#3253,.T.);
#5670 = FACE_BOUND('',#5671,.T.);
#5671 = EDGE_LOOP('',(#5672,#5673,#5674,#5697));
#5672 = ORIENTED_EDGE('',*,*,#5458,.F.);
#5673 = ORIENTED_EDGE('',*,*,#3215,.F.);
#5674 = ORIENTED_EDGE('',*,*,#5675,.T.);
#5675 = EDGE_CURVE('',#3155,#5676,#5678,.T.);
#5676 = VERTEX_POINT('',#5677);
#5677 = CARTESIAN_POINT('',(-6.5,24.923030058743,28.26918156168));
#5678 = SURFACE_CURVE('',#5679,(#5683,#5690),.PCURVE_S1.);
#5679 = LINE('',#5680,#5681);
#5680 = CARTESIAN_POINT('',(-6.5,-16.28571428571,-15.));
#5681 = VECTOR('',#5682,1.);
#5682 = DIRECTION('',(0.,0.689655172414,0.724137931034));
#5683 = PCURVE('',#3253,#5684);
#5684 = DEFINITIONAL_REPRESENTATION('',(#5685),#5689);
#5685 = LINE('',#5686,#5687);
#5686 = CARTESIAN_POINT('',(16.675706061872,-28.58780688289));
#5687 = VECTOR('',#5688,1.);
#5688 = DIRECTION('',(-0.487659849094,0.873033717322));
#5689 = ( GEOMETRIC_REPRESENTATION_CONTEXT(2) 
PARAMETRIC_REPRESENTATION_CONTEXT() REPRESENTATION_CONTEXT('2D SPACE',''
  ) );
#5690 = PCURVE('',#3192,#5691);
#5691 = DEFINITIONAL_REPRESENTATION('',(#5692),#5696);
#5692 = LINE('',#5693,#5694);
#5693 = CARTESIAN_POINT('',(0.,-6.309129464077E-15));
#5694 = VECTOR('',#5695,1.);
#5695 = DIRECTION('',(0.,1.));
#5696 = ( GEOMETRIC_REPRESENTATION_CONTEXT(2) 
PARAMETRIC_REPRESENTATION_CONTEXT() REPRESENTATION_CONTEXT('2D SPACE',''
  ) );
#5697 = ORIENTED_EDGE('',*,*,#5698,.T.);
#5698 = EDGE_CURVE('',#5676,#5459,#5699,.T.);
#5699 = SURFACE_CURVE('',#5700,(#5704,#5710),.PCURVE_S1.);
#5700 = LINE('',#5701,#5702);
#5701 = CARTESIAN_POINT('',(-7.652977782211,25.402100450701,
    27.561578801914));
#5702 = VECTOR('',#5703,1.);
#5703 = DIRECTION('',(-0.803401955127,0.333819172824,-0.493061921418));
#5704 = PCURVE('',#3253,#5705);
#5705 = DEFINITIONAL_REPRESENTATION('',(#5706),#5709);
#5706 = B_SPLINE_CURVE_WITH_KNOTS('',1,(#5707,#5708),.UNSPECIFIED.,.F.,
  .F.,(2,2),(-9.862334331716,3.80332964694),.PIECEWISE_BEZIER_KNOTS.);
#5707 = CARTESIAN_POINT('',(-5.686643152633,28.587806882894));
#5708 = CARTESIAN_POINT('',(-16.67570606187,20.46433051164));
#5709 = ( GEOMETRIC_REPRESENTATION_CONTEXT(2) 
PARAMETRIC_REPRESENTATION_CONTEXT() REPRESENTATION_CONTEXT('2D SPACE',''
  ) );
#5710 = PCURVE('',#5497,#5711);
#5711 = DEFINITIONAL_REPRESENTATION('',(#5712),#5715);
#5712 = B_SPLINE_CURVE_WITH_KNOTS('',1,(#5713,#5714),.UNSPECIFIED.,.F.,
  .F.,(2,2),(-9.862334331716,3.80332964694),.PIECEWISE_BEZIER_KNOTS.);
#5713 = CARTESIAN_POINT('',(1.683151400299,15.394022021585));
#5714 = CARTESIAN_POINT('',(-10.99628100556,10.296731972671));
#5715 = ( GEOMETRIC_REPRESENTATION_CONTEXT(2) 
PARAMETRIC_REPRESENTATION_CONTEXT() REPRESENTATION_CONTEXT('2D SPACE',''
  ) );
#5716 = ADVANCED_FACE('',(#5717),#3192,.T.);
#5717 = FACE_BOUND('',#5718,.T.);
#5718 = EDGE_LOOP('',(#5719,#5720,#5721,#5722,#5723,#5724,#5725,#5726,
    #5749));
#5719 = ORIENTED_EDGE('',*,*,#5675,.F.);
#5720 = ORIENTED_EDGE('',*,*,#3154,.F.);
#5721 = ORIENTED_EDGE('',*,*,#3647,.F.);
#5722 = ORIENTED_EDGE('',*,*,#3729,.F.);
#5723 = ORIENTED_EDGE('',*,*,#3784,.F.);
#5724 = ORIENTED_EDGE('',*,*,#3839,.F.);
#5725 = ORIENTED_EDGE('',*,*,#4247,.F.);
#5726 = ORIENTED_EDGE('',*,*,#5727,.T.);
#5727 = EDGE_CURVE('',#4187,#5728,#5730,.T.);
#5728 = VERTEX_POINT('',#5729);
#5729 = CARTESIAN_POINT('',(6.5,24.923030058743,28.26918156168));
#5730 = SURFACE_CURVE('',#5731,(#5735,#5742),.PCURVE_S1.);
#5731 = LINE('',#5732,#5733);
#5732 = CARTESIAN_POINT('',(6.5,-16.28571428571,-15.));
#5733 = VECTOR('',#5734,1.);
#5734 = DIRECTION('',(-0.,0.689655172414,0.724137931034));
#5735 = PCURVE('',#3192,#5736);
#5736 = DEFINITIONAL_REPRESENTATION('',(#5737),#5741);
#5737 = LINE('',#5738,#5739);
#5738 = CARTESIAN_POINT('',(13.,0.));
#5739 = VECTOR('',#5740,1.);
#5740 = DIRECTION('',(0.,1.));
#5741 = ( GEOMETRIC_REPRESENTATION_CONTEXT(2) 
PARAMETRIC_REPRESENTATION_CONTEXT() REPRESENTATION_CONTEXT('2D SPACE',''
  ) );
#5742 = PCURVE('',#4224,#5743);
#5743 = DEFINITIONAL_REPRESENTATION('',(#5744),#5748);
#5744 = LINE('',#5745,#5746);
#5745 = CARTESIAN_POINT('',(-16.67570606187,-28.58780688289));
#5746 = VECTOR('',#5747,1.);
#5747 = DIRECTION('',(0.487659849094,0.873033717322));
#5748 = ( GEOMETRIC_REPRESENTATION_CONTEXT(2) 
PARAMETRIC_REPRESENTATION_CONTEXT() REPRESENTATION_CONTEXT('2D SPACE',''
  ) );
#5749 = ORIENTED_EDGE('',*,*,#5750,.T.);
#5750 = EDGE_CURVE('',#5728,#5676,#5751,.T.);
#5751 = SURFACE_CURVE('',#5752,(#5756,#5762),.PCURVE_S1.);
#5752 = LINE('',#5753,#5754);
#5753 = CARTESIAN_POINT('',(-6.5,24.923030058743,28.26918156168));
#5754 = VECTOR('',#5755,1.);
#5755 = DIRECTION('',(-1.,-2.029207644289E-16,-2.130668026503E-16));
#5756 = PCURVE('',#3192,#5757);
#5757 = DEFINITIONAL_REPRESENTATION('',(#5758),#5761);
#5758 = B_SPLINE_CURVE_WITH_KNOTS('',1,(#5759,#5760),.UNSPECIFIED.,.F.,
  .F.,(2,2),(-13.,-1.33226762955E-14),.PIECEWISE_BEZIER_KNOTS.);
#5759 = CARTESIAN_POINT('',(13.,59.752679299463));
#5760 = CARTESIAN_POINT('',(0.,59.752679299463));
#5761 = ( GEOMETRIC_REPRESENTATION_CONTEXT(2) 
PARAMETRIC_REPRESENTATION_CONTEXT() REPRESENTATION_CONTEXT('2D SPACE',''
  ) );
#5762 = PCURVE('',#5763,#5768);
#5763 = PLANE('',#5764);
#5764 = AXIS2_PLACEMENT_3D('',#5765,#5766,#5767);
#5765 = CARTESIAN_POINT('',(-6.5,7.006603658276,21.102611001493));
#5766 = DIRECTION('',(-1.224646799147E-16,-0.371390676354,0.928476690885
    ));
#5767 = DIRECTION('',(1.,-4.548224030302E-17,1.137056007576E-16));
#5768 = DEFINITIONAL_REPRESENTATION('',(#5769),#5772);
#5769 = B_SPLINE_CURVE_WITH_KNOTS('',1,(#5770,#5771),.UNSPECIFIED.,.F.,
  .F.,(2,2),(-13.,-1.33226762955E-14),.PIECEWISE_BEZIER_KNOTS.);
#5770 = CARTESIAN_POINT('',(13.,19.296581784281));
#5771 = CARTESIAN_POINT('',(3.552713678801E-15,19.296581784281));
#5772 = ( GEOMETRIC_REPRESENTATION_CONTEXT(2) 
PARAMETRIC_REPRESENTATION_CONTEXT() REPRESENTATION_CONTEXT('2D SPACE',''
  ) );
#5773 = ADVANCED_FACE('',(#5774),#4224,.T.);
#5774 = FACE_BOUND('',#5775,.T.);
#5775 = EDGE_LOOP('',(#5776,#5777,#5778,#5801));
#5776 = ORIENTED_EDGE('',*,*,#5727,.F.);
#5777 = ORIENTED_EDGE('',*,*,#4186,.F.);
#5778 = ORIENTED_EDGE('',*,*,#5779,.T.);
#5779 = EDGE_CURVE('',#4126,#5780,#5782,.T.);
#5780 = VERTEX_POINT('',#5781);
#5781 = CARTESIAN_POINT('',(7.5,25.338537104368,27.655463959586));
#5782 = SURFACE_CURVE('',#5783,(#5787,#5794),.PCURVE_S1.);
#5783 = LINE('',#5784,#5785);
#5784 = CARTESIAN_POINT('',(7.5,-15.28571428571,-15.));
#5785 = VECTOR('',#5786,1.);
#5786 = DIRECTION('',(0.,0.689655172414,0.724137931034));
#5787 = PCURVE('',#4224,#5788);
#5788 = DEFINITIONAL_REPRESENTATION('',(#5789),#5793);
#5789 = LINE('',#5790,#5791);
#5790 = CARTESIAN_POINT('',(-15.26149249949,-28.58780688289));
#5791 = VECTOR('',#5792,1.);
#5792 = DIRECTION('',(0.487659849094,0.873033717322));
#5793 = ( GEOMETRIC_REPRESENTATION_CONTEXT(2) 
PARAMETRIC_REPRESENTATION_CONTEXT() REPRESENTATION_CONTEXT('2D SPACE',''
  ) );
#5794 = PCURVE('',#4163,#5795);
#5795 = DEFINITIONAL_REPRESENTATION('',(#5796),#5800);
#5796 = LINE('',#5797,#5798);
#5797 = CARTESIAN_POINT('',(-23.58300967484,-23.71216015858));
#5798 = VECTOR('',#5799,1.);
#5799 = DIRECTION('',(0.689655172414,0.724137931034));
#5800 = ( GEOMETRIC_REPRESENTATION_CONTEXT(2) 
PARAMETRIC_REPRESENTATION_CONTEXT() REPRESENTATION_CONTEXT('2D SPACE',''
  ) );
#5801 = ORIENTED_EDGE('',*,*,#5802,.T.);
#5802 = EDGE_CURVE('',#5780,#5728,#5803,.T.);
#5803 = SURFACE_CURVE('',#5804,(#5808,#5814),.PCURVE_S1.);
#5804 = LINE('',#5805,#5806);
#5805 = CARTESIAN_POINT('',(7.652977782211,25.402100450701,
    27.561578801914));
#5806 = VECTOR('',#5807,1.);
#5807 = DIRECTION('',(-0.803401955127,-0.333819172824,0.493061921418));
#5808 = PCURVE('',#4224,#5809);
#5809 = DEFINITIONAL_REPRESENTATION('',(#5810),#5813);
#5810 = B_SPLINE_CURVE_WITH_KNOTS('',1,(#5811,#5812),.UNSPECIFIED.,.F.,
  .F.,(2,2),(-3.80332964694,9.862334331716),.PIECEWISE_BEZIER_KNOTS.);
#5811 = CARTESIAN_POINT('',(16.675706061872,20.46433051164));
#5812 = CARTESIAN_POINT('',(5.686643152633,28.587806882894));
#5813 = ( GEOMETRIC_REPRESENTATION_CONTEXT(2) 
PARAMETRIC_REPRESENTATION_CONTEXT() REPRESENTATION_CONTEXT('2D SPACE',''
  ) );
#5814 = PCURVE('',#5815,#5820);
#5815 = PLANE('',#5816);
#5816 = AXIS2_PLACEMENT_3D('',#5817,#5818,#5819);
#5817 = CARTESIAN_POINT('',(7.,12.348998454342,22.849608709748));
#5818 = DIRECTION('',(0.586509812152,-0.300804952328,0.752012380819));
#5819 = DIRECTION('',(0.707106781187,0.64294874021,-0.294307521927));
#5820 = DEFINITIONAL_REPRESENTATION('',(#5821),#5824);
#5821 = B_SPLINE_CURVE_WITH_KNOTS('',1,(#5822,#5823),.UNSPECIFIED.,.F.,
  .F.,(2,2),(-3.80332964694,9.862334331716),.PIECEWISE_BEZIER_KNOTS.);
#5822 = CARTESIAN_POINT('',(10.996281005561,10.296731972671));
#5823 = CARTESIAN_POINT('',(-1.683151400299,15.394022021585));
#5824 = ( GEOMETRIC_REPRESENTATION_CONTEXT(2) 
PARAMETRIC_REPRESENTATION_CONTEXT() REPRESENTATION_CONTEXT('2D SPACE',''
  ) );
#5825 = ADVANCED_FACE('',(#5826),#4163,.T.);
#5826 = FACE_BOUND('',#5827,.T.);
#5827 = EDGE_LOOP('',(#5828,#5829,#5830,#5853,#5881,#5909,#5937,#5960,
    #5988,#6016));
#5828 = ORIENTED_EDGE('',*,*,#5779,.F.);
#5829 = ORIENTED_EDGE('',*,*,#4125,.F.);
#5830 = ORIENTED_EDGE('',*,*,#5831,.T.);
#5831 = EDGE_CURVE('',#4017,#5832,#5834,.T.);
#5832 = VERTEX_POINT('',#5833);
#5833 = CARTESIAN_POINT('',(7.5,26.169551195618,26.428028755399));
#5834 = SURFACE_CURVE('',#5835,(#5839,#5846),.PCURVE_S1.);
#5835 = LINE('',#5836,#5837);
#5836 = CARTESIAN_POINT('',(7.5,-13.28571428571,-15.));
#5837 = VECTOR('',#5838,1.);
#5838 = DIRECTION('',(0.,0.689655172414,0.724137931034));
#5839 = PCURVE('',#4163,#5840);
#5840 = DEFINITIONAL_REPRESENTATION('',(#5841),#5845);
#5841 = LINE('',#5842,#5843);
#5842 = CARTESIAN_POINT('',(-21.58300967484,-23.71216015858));
#5843 = VECTOR('',#5844,1.);
#5844 = DIRECTION('',(0.689655172414,0.724137931034));
#5845 = ( GEOMETRIC_REPRESENTATION_CONTEXT(2) 
PARAMETRIC_REPRESENTATION_CONTEXT() REPRESENTATION_CONTEXT('2D SPACE',''
  ) );
#5846 = PCURVE('',#4086,#5847);
#5847 = DEFINITIONAL_REPRESENTATION('',(#5848),#5852);
#5848 = LINE('',#5849,#5850);
#5849 = CARTESIAN_POINT('',(-16.67570606187,-28.58780688289));
#5850 = VECTOR('',#5851,1.);
#5851 = DIRECTION('',(0.487659849094,0.873033717322));
#5852 = ( GEOMETRIC_REPRESENTATION_CONTEXT(2) 
PARAMETRIC_REPRESENTATION_CONTEXT() REPRESENTATION_CONTEXT('2D SPACE',''
  ) );
#5853 = ORIENTED_EDGE('',*,*,#5854,.T.);
#5854 = EDGE_CURVE('',#5832,#5855,#5857,.T.);
#5855 = VERTEX_POINT('',#5856);
#5856 = CARTESIAN_POINT('',(7.5,45.8238978418,34.289767413872));
#5857 = SURFACE_CURVE('',#5858,(#5862,#5869),.PCURVE_S1.);
#5858 = LINE('',#5859,#5860);
#5859 = CARTESIAN_POINT('',(7.5,9.734404143222,19.853969934441));
#5860 = VECTOR('',#5861,1.);
#5861 = DIRECTION('',(0.,0.928476690885,0.371390676354));
#5862 = PCURVE('',#4163,#5863);
#5863 = DEFINITIONAL_REPRESENTATION('',(#5864),#5868);
#5864 = LINE('',#5865,#5866);
#5865 = CARTESIAN_POINT('',(1.43710875409,11.141809775852));
#5866 = VECTOR('',#5867,1.);
#5867 = DIRECTION('',(0.928476690885,0.371390676354));
#5868 = ( GEOMETRIC_REPRESENTATION_CONTEXT(2) 
PARAMETRIC_REPRESENTATION_CONTEXT() REPRESENTATION_CONTEXT('2D SPACE',''
  ) );
#5869 = PCURVE('',#5870,#5875);
#5870 = PLANE('',#5871);
#5871 = AXIS2_PLACEMENT_3D('',#5872,#5873,#5874);
#5872 = CARTESIAN_POINT('',(7.,15.076798939287,21.600967642695));
#5873 = DIRECTION('',(0.586509812152,0.300804952328,-0.752012380819));
#5874 = DIRECTION('',(-0.707106781187,0.64294874021,-0.294307521927));
#5875 = DEFINITIONAL_REPRESENTATION('',(#5876),#5880);
#5876 = LINE('',#5877,#5878);
#5877 = CARTESIAN_POINT('',(-3.274284828098,-4.595894038613));
#5878 = VECTOR('',#5879,1.);
#5879 = DIRECTION('',(0.487659849094,0.873033717322));
#5880 = ( GEOMETRIC_REPRESENTATION_CONTEXT(2) 
PARAMETRIC_REPRESENTATION_CONTEXT() REPRESENTATION_CONTEXT('2D SPACE',''
  ) );
#5881 = ORIENTED_EDGE('',*,*,#5882,.T.);
#5882 = EDGE_CURVE('',#5855,#5883,#5885,.T.);
#5883 = VERTEX_POINT('',#5884);
#5884 = CARTESIAN_POINT('',(7.5,101.20360888784,32.07457897203));
#5885 = SURFACE_CURVE('',#5886,(#5890,#5897),.PCURVE_S1.);
#5886 = LINE('',#5887,#5888);
#5887 = CARTESIAN_POINT('',(7.5,28.026045044323,35.001681525771));
#5888 = VECTOR('',#5889,1.);
#5889 = DIRECTION('',(0.,0.999200958722,-3.996803834887E-02));
#5890 = PCURVE('',#4163,#5891);
#5891 = DEFINITIONAL_REPRESENTATION('',(#5892),#5896);
#5892 = LINE('',#5893,#5894);
#5893 = CARTESIAN_POINT('',(19.728749655191,26.289521367183));
#5894 = VECTOR('',#5895,1.);
#5895 = DIRECTION('',(0.999200958722,-3.996803834887E-02));
#5896 = ( GEOMETRIC_REPRESENTATION_CONTEXT(2) 
PARAMETRIC_REPRESENTATION_CONTEXT() REPRESENTATION_CONTEXT('2D SPACE',''
  ) );
#5897 = PCURVE('',#5898,#5903);
#5898 = PLANE('',#5899);
#5899 = AXIS2_PLACEMENT_3D('',#5900,#5901,#5902);
#5900 = CARTESIAN_POINT('',(7.,48.015336197957,33.839751374705));
#5901 = DIRECTION('',(0.586509812152,-3.23717977742E-02,-0.809294944355)
  );
#5902 = DIRECTION('',(-0.707106781187,0.466804840818,-0.531124505732));
#5903 = DEFINITIONAL_REPRESENTATION('',(#5904),#5908);
#5904 = LINE('',#5905,#5906);
#5905 = CARTESIAN_POINT('',(-10.3017808428,-17.17687846983));
#5906 = VECTOR('',#5907,1.);
#5907 = DIRECTION('',(0.487659849094,0.873033717322));
#5908 = ( GEOMETRIC_REPRESENTATION_CONTEXT(2) 
PARAMETRIC_REPRESENTATION_CONTEXT() REPRESENTATION_CONTEXT('2D SPACE',''
  ) );
#5909 = ORIENTED_EDGE('',*,*,#5910,.T.);
#5910 = EDGE_CURVE('',#5883,#5911,#5913,.T.);
#5911 = VERTEX_POINT('',#5912);
#5912 = CARTESIAN_POINT('',(7.5,128.5291546732,30.435046224908));
#5913 = SURFACE_CURVE('',#5914,(#5918,#5925),.PCURVE_S1.);
#5914 = LINE('',#5915,#5916);
#5915 = CARTESIAN_POINT('',(7.5,78.529154673208,33.435046224908));
#5916 = VECTOR('',#5917,1.);
#5917 = DIRECTION('',(0.,0.998204845466,-5.989229072795E-02));
#5918 = PCURVE('',#4163,#5919);
#5919 = DEFINITIONAL_REPRESENTATION('',(#5920),#5924);
#5920 = LINE('',#5921,#5922);
#5921 = CARTESIAN_POINT('',(70.231859284077,24.72288606632));
#5922 = VECTOR('',#5923,1.);
#5923 = DIRECTION('',(0.998204845466,-5.989229072795E-02));
#5924 = ( GEOMETRIC_REPRESENTATION_CONTEXT(2) 
PARAMETRIC_REPRESENTATION_CONTEXT() REPRESENTATION_CONTEXT('2D SPACE',''
  ) );
#5925 = PCURVE('',#5926,#5931);
#5926 = PLANE('',#5927);
#5927 = AXIS2_PLACEMENT_3D('',#5928,#5929,#5930);
#5928 = CARTESIAN_POINT('',(7.,91.095200433872,32.318363375111));
#5929 = DIRECTION('',(0.586509812152,-4.850928901626E-02,-0.808488150271
    ));
#5930 = DIRECTION('',(-0.707106781187,0.456117005574,-0.540330710978));
#5931 = DEFINITIONAL_REPRESENTATION('',(#5932),#5936);
#5932 = LINE('',#5933,#5934);
#5933 = CARTESIAN_POINT('',(-6.688518593018,-10.70823074447));
#5934 = VECTOR('',#5935,1.);
#5935 = DIRECTION('',(0.487659849094,0.873033717322));
#5936 = ( GEOMETRIC_REPRESENTATION_CONTEXT(2) 
PARAMETRIC_REPRESENTATION_CONTEXT() REPRESENTATION_CONTEXT('2D SPACE',''
  ) );
#5937 = ORIENTED_EDGE('',*,*,#5938,.F.);
#5938 = EDGE_CURVE('',#5939,#5911,#5941,.T.);
#5939 = VERTEX_POINT('',#5940);
#5940 = CARTESIAN_POINT('',(7.5,127.23906096258,31.963332264173));
#5941 = SURFACE_CURVE('',#5942,(#5946,#5953),.PCURVE_S1.);
#5942 = LINE('',#5943,#5944);
#5943 = CARTESIAN_POINT('',(7.5,127.23906096258,31.963332264173));
#5944 = VECTOR('',#5945,1.);
#5945 = DIRECTION('',(8.868131993826E-17,0.645046855311,-0.764143019632)
  );
#5946 = PCURVE('',#4163,#5947);
#5947 = DEFINITIONAL_REPRESENTATION('',(#5948),#5952);
#5948 = LINE('',#5949,#5950);
#5949 = CARTESIAN_POINT('',(118.94176557345,23.251172105584));
#5950 = VECTOR('',#5951,1.);
#5951 = DIRECTION('',(0.645046855311,-0.764143019632));
#5952 = ( GEOMETRIC_REPRESENTATION_CONTEXT(2) 
PARAMETRIC_REPRESENTATION_CONTEXT() REPRESENTATION_CONTEXT('2D SPACE',''
  ) );
#5953 = PCURVE('',#5581,#5954);
#5954 = DEFINITIONAL_REPRESENTATION('',(#5955),#5959);
#5955 = LINE('',#5956,#5957);
#5956 = CARTESIAN_POINT('',(1.,7.5));
#5957 = VECTOR('',#5958,1.);
#5958 = DIRECTION('',(-1.,8.868131993826E-17));
#5959 = ( GEOMETRIC_REPRESENTATION_CONTEXT(2) 
PARAMETRIC_REPRESENTATION_CONTEXT() REPRESENTATION_CONTEXT('2D SPACE',''
  ) );
#5960 = ORIENTED_EDGE('',*,*,#5961,.F.);
#5961 = EDGE_CURVE('',#5962,#5939,#5964,.T.);
#5962 = VERTEX_POINT('',#5963);
#5963 = CARTESIAN_POINT('',(7.5,101.27592873517,33.521120197817));
#5964 = SURFACE_CURVE('',#5965,(#5969,#5976),.PCURVE_S1.);
#5965 = LINE('',#5966,#5967);
#5966 = CARTESIAN_POINT('',(7.5,77.239060962586,34.963332264173));
#5967 = VECTOR('',#5968,1.);
#5968 = DIRECTION('',(0.,0.998204845466,-5.989229072795E-02));
#5969 = PCURVE('',#4163,#5970);
#5970 = DEFINITIONAL_REPRESENTATION('',(#5971),#5975);
#5971 = LINE('',#5972,#5973);
#5972 = CARTESIAN_POINT('',(68.941765573454,26.251172105584));
#5973 = VECTOR('',#5974,1.);
#5974 = DIRECTION('',(0.998204845466,-5.989229072795E-02));
#5975 = ( GEOMETRIC_REPRESENTATION_CONTEXT(2) 
PARAMETRIC_REPRESENTATION_CONTEXT() REPRESENTATION_CONTEXT('2D SPACE',''
  ) );
#5976 = PCURVE('',#5977,#5982);
#5977 = PLANE('',#5978);
#5978 = AXIS2_PLACEMENT_3D('',#5979,#5980,#5981);
#5979 = CARTESIAN_POINT('',(7.,89.160059867938,34.610792434008));
#5980 = DIRECTION('',(0.586509812152,4.850928901626E-02,0.808488150271)
  );
#5981 = DIRECTION('',(0.707106781187,0.456117005574,-0.540330710978));
#5982 = DEFINITIONAL_REPRESENTATION('',(#5983),#5987);
#5983 = LINE('',#5984,#5985);
#5984 = CARTESIAN_POINT('',(-5.274305030644,-10.70823074447));
#5985 = VECTOR('',#5986,1.);
#5986 = DIRECTION('',(0.487659849094,0.873033717322));
#5987 = ( GEOMETRIC_REPRESENTATION_CONTEXT(2) 
PARAMETRIC_REPRESENTATION_CONTEXT() REPRESENTATION_CONTEXT('2D SPACE',''
  ) );
#5988 = ORIENTED_EDGE('',*,*,#5989,.F.);
#5989 = EDGE_CURVE('',#5990,#5962,#5992,.T.);
#5990 = VERTEX_POINT('',#5991);
#5991 = CARTESIAN_POINT('',(7.5,45.572973248603,35.74923841728));
#5992 = SURFACE_CURVE('',#5993,(#5997,#6004),.PCURVE_S1.);
#5993 = LINE('',#5994,#5995);
#5994 = CARTESIAN_POINT('',(7.5,26.705721570591,36.503928484401));
#5995 = VECTOR('',#5996,1.);
#5996 = DIRECTION('',(0.,0.999200958722,-3.996803834887E-02));
#5997 = PCURVE('',#4163,#5998);
#5998 = DEFINITIONAL_REPRESENTATION('',(#5999),#6003);
#5999 = LINE('',#6000,#6001);
#6000 = CARTESIAN_POINT('',(18.408426181459,27.791768325813));
#6001 = VECTOR('',#6002,1.);
#6002 = DIRECTION('',(0.999200958722,-3.996803834887E-02));
#6003 = ( GEOMETRIC_REPRESENTATION_CONTEXT(2) 
PARAMETRIC_REPRESENTATION_CONTEXT() REPRESENTATION_CONTEXT('2D SPACE',''
  ) );
#6004 = PCURVE('',#6005,#6010);
#6005 = PLANE('',#6006);
#6006 = AXIS2_PLACEMENT_3D('',#6007,#6008,#6009);
#6007 = CARTESIAN_POINT('',(7.,46.03485098736,36.09312181265));
#6008 = DIRECTION('',(0.586509812152,3.23717977742E-02,0.809294944355));
#6009 = DIRECTION('',(0.707106781187,0.466804840818,-0.531124505732));
#6010 = DEFINITIONAL_REPRESENTATION('',(#6011),#6015);
#6011 = LINE('',#6012,#6013);
#6012 = CARTESIAN_POINT('',(-8.887567280432,-17.17687846983));
#6013 = VECTOR('',#6014,1.);
#6014 = DIRECTION('',(0.487659849094,0.873033717322));
#6015 = ( GEOMETRIC_REPRESENTATION_CONTEXT(2) 
PARAMETRIC_REPRESENTATION_CONTEXT() REPRESENTATION_CONTEXT('2D SPACE',''
  ) );
#6016 = ORIENTED_EDGE('',*,*,#6017,.F.);
#6017 = EDGE_CURVE('',#5780,#5990,#6018,.T.);
#6018 = SURFACE_CURVE('',#6019,(#6023,#6030),.PCURVE_S1.);
#6019 = LINE('',#6020,#6021);
#6020 = CARTESIAN_POINT('',(7.5,7.915870486592,20.686397312476));
#6021 = VECTOR('',#6022,1.);
#6022 = DIRECTION('',(0.,0.928476690885,0.371390676354));
#6023 = PCURVE('',#4163,#6024);
#6024 = DEFINITIONAL_REPRESENTATION('',(#6025),#6029);
#6025 = LINE('',#6026,#6027);
#6026 = CARTESIAN_POINT('',(-0.38142490254,11.974237153888));
#6027 = VECTOR('',#6028,1.);
#6028 = DIRECTION('',(0.928476690885,0.371390676354));
#6029 = ( GEOMETRIC_REPRESENTATION_CONTEXT(2) 
PARAMETRIC_REPRESENTATION_CONTEXT() REPRESENTATION_CONTEXT('2D SPACE',''
  ) );
#6030 = PCURVE('',#5815,#6031);
#6031 = DEFINITIONAL_REPRESENTATION('',(#6032),#6036);
#6032 = LINE('',#6033,#6034);
#6033 = CARTESIAN_POINT('',(-1.860071265725,-4.595894038613));
#6034 = VECTOR('',#6035,1.);
#6035 = DIRECTION('',(0.487659849094,0.873033717322));
#6036 = ( GEOMETRIC_REPRESENTATION_CONTEXT(2) 
PARAMETRIC_REPRESENTATION_CONTEXT() REPRESENTATION_CONTEXT('2D SPACE',''
  ) );
#6037 = ADVANCED_FACE('',(#6038),#4086,.T.);
#6038 = FACE_BOUND('',#6039,.T.);
#6039 = EDGE_LOOP('',(#6040,#6041,#6042,#6043));
#6040 = ORIENTED_EDGE('',*,*,#5831,.F.);
#6041 = ORIENTED_EDGE('',*,*,#4016,.T.);
#6042 = ORIENTED_EDGE('',*,*,#5210,.T.);
#6043 = ORIENTED_EDGE('',*,*,#6044,.F.);
#6044 = EDGE_CURVE('',#5832,#5211,#6045,.T.);
#6045 = SURFACE_CURVE('',#6046,(#6050,#6056),.PCURVE_S1.);
#6046 = LINE('',#6047,#6048);
#6047 = CARTESIAN_POINT('',(6.395275746947,26.628571906235,
    25.750040035841));
#6048 = VECTOR('',#6049,1.);
#6049 = DIRECTION('',(-0.803401955127,0.333819172824,-0.493061921418));
#6050 = PCURVE('',#4086,#6051);
#6051 = DEFINITIONAL_REPRESENTATION('',(#6052),#6055);
#6052 = B_SPLINE_CURVE_WITH_KNOTS('',1,(#6053,#6054),.UNSPECIFIED.,.F.,
  .F.,(2,2),(-13.53639368893,5.405289045025),.PIECEWISE_BEZIER_KNOTS.);
#6053 = CARTESIAN_POINT('',(1.444002465513,28.587806882894));
#6054 = CARTESIAN_POINT('',(16.675706061872,17.32803111485));
#6055 = ( GEOMETRIC_REPRESENTATION_CONTEXT(2) 
PARAMETRIC_REPRESENTATION_CONTEXT() REPRESENTATION_CONTEXT('2D SPACE',''
  ) );
#6056 = PCURVE('',#5870,#6057);
#6057 = DEFINITIONAL_REPRESENTATION('',(#6058),#6061);
#6058 = B_SPLINE_CURVE_WITH_KNOTS('',1,(#6059,#6060),.UNSPECIFIED.,.F.,
  .F.,(2,2),(-13.53639368893,5.405289045025),.PIECEWISE_BEZIER_KNOTS.);
#6059 = CARTESIAN_POINT('',(-5.925792087418,15.394022021585));
#6060 = CARTESIAN_POINT('',(11.648896288763,8.328777986587));
#6061 = ( GEOMETRIC_REPRESENTATION_CONTEXT(2) 
PARAMETRIC_REPRESENTATION_CONTEXT() REPRESENTATION_CONTEXT('2D SPACE',''
  ) );
#6062 = ADVANCED_FACE('',(#6063),#3958,.T.);
#6063 = FACE_BOUND('',#6064,.T.);
#6064 = EDGE_LOOP('',(#6065,#6086,#6087,#6088));
#6065 = ORIENTED_EDGE('',*,*,#6066,.F.);
#6066 = EDGE_CURVE('',#5235,#5077,#6067,.T.);
#6067 = SURFACE_CURVE('',#6068,(#6072,#6079),.PCURVE_S1.);
#6068 = B_SPLINE_CURVE_WITH_KNOTS('',2,(#6069,#6070,#6071),
  .UNSPECIFIED.,.F.,.F.,(3,3),(0.,1.),.PIECEWISE_BEZIER_KNOTS.);
#6069 = CARTESIAN_POINT('',(7.08,-26.331,1.));
#6070 = CARTESIAN_POINT('',(7.6545,-27.716,-4.));
#6071 = CARTESIAN_POINT('',(1.339,-5.081,-9.));
#6072 = PCURVE('',#3958,#6073);
#6073 = DEFINITIONAL_REPRESENTATION('',(#6074),#6078);
#6074 = LINE('',#6075,#6076);
#6075 = CARTESIAN_POINT('',(13.,0.));
#6076 = VECTOR('',#6077,1.);
#6077 = DIRECTION('',(0.,1.));
#6078 = ( GEOMETRIC_REPRESENTATION_CONTEXT(2) 
PARAMETRIC_REPRESENTATION_CONTEXT() REPRESENTATION_CONTEXT('2D SPACE',''
  ) );
#6079 = PCURVE('',#5090,#6080);
#6080 = DEFINITIONAL_REPRESENTATION('',(#6081),#6085);
#6081 = LINE('',#6082,#6083);
#6082 = CARTESIAN_POINT('',(13.,0.));
#6083 = VECTOR('',#6084,1.);
#6084 = DIRECTION('',(0.,1.));
#6085 = ( GEOMETRIC_REPRESENTATION_CONTEXT(2) 
PARAMETRIC_REPRESENTATION_CONTEXT() REPRESENTATION_CONTEXT('2D SPACE',''
  ) );
#6086 = ORIENTED_EDGE('',*,*,#5234,.F.);
#6087 = ORIENTED_EDGE('',*,*,#3942,.T.);
#6088 = ORIENTED_EDGE('',*,*,#5104,.F.);
#6089 = ADVANCED_FACE('',(#6090),#4649,.F.);
#6090 = FACE_BOUND('',#6091,.F.);
#6091 = EDGE_LOOP('',(#6092,#6093,#6094,#6095,#6096,#6097,#6098,#6099));
#6092 = ORIENTED_EDGE('',*,*,#4914,.T.);
#6093 = ORIENTED_EDGE('',*,*,#4862,.T.);
#6094 = ORIENTED_EDGE('',*,*,#4633,.T.);
#6095 = ORIENTED_EDGE('',*,*,#4688,.T.);
#6096 = ORIENTED_EDGE('',*,*,#4737,.T.);
#6097 = ORIENTED_EDGE('',*,*,#4786,.T.);
#6098 = ORIENTED_EDGE('',*,*,#4942,.T.);
#6099 = ORIENTED_EDGE('',*,*,#4991,.T.);
#6100 = ADVANCED_FACE('',(#6101),#5062,.T.);
#6101 = FACE_BOUND('',#6102,.T.);
#6102 = EDGE_LOOP('',(#6103,#6104,#6105,#6126));
#6103 = ORIENTED_EDGE('',*,*,#5185,.F.);
#6104 = ORIENTED_EDGE('',*,*,#5322,.F.);
#6105 = ORIENTED_EDGE('',*,*,#6106,.T.);
#6106 = EDGE_CURVE('',#5291,#5049,#6107,.T.);
#6107 = SURFACE_CURVE('',#6108,(#6112,#6119),.PCURVE_S1.);
#6108 = B_SPLINE_CURVE_WITH_KNOTS('',2,(#6109,#6110,#6111),
  .UNSPECIFIED.,.F.,.F.,(3,3),(0.,1.),.PIECEWISE_BEZIER_KNOTS.);
#6109 = CARTESIAN_POINT('',(0.,-28.5,1.));
#6110 = CARTESIAN_POINT('',(0.,-30.,-4.));
#6111 = CARTESIAN_POINT('',(0.,-5.5,-9.));
#6112 = PCURVE('',#5062,#6113);
#6113 = DEFINITIONAL_REPRESENTATION('',(#6114),#6118);
#6114 = LINE('',#6115,#6116);
#6115 = CARTESIAN_POINT('',(12.,0.));
#6116 = VECTOR('',#6117,1.);
#6117 = DIRECTION('',(0.,1.));
#6118 = ( GEOMETRIC_REPRESENTATION_CONTEXT(2) 
PARAMETRIC_REPRESENTATION_CONTEXT() REPRESENTATION_CONTEXT('2D SPACE',''
  ) );
#6119 = PCURVE('',#5090,#6120);
#6120 = DEFINITIONAL_REPRESENTATION('',(#6121),#6125);
#6121 = LINE('',#6122,#6123);
#6122 = CARTESIAN_POINT('',(12.,0.));
#6123 = VECTOR('',#6124,1.);
#6124 = DIRECTION('',(0.,1.));
#6125 = ( GEOMETRIC_REPRESENTATION_CONTEXT(2) 
PARAMETRIC_REPRESENTATION_CONTEXT() REPRESENTATION_CONTEXT('2D SPACE',''
  ) );
#6126 = ORIENTED_EDGE('',*,*,#5048,.F.);
#6127 = ADVANCED_FACE('',(#6128),#5090,.T.);
#6128 = FACE_BOUND('',#6129,.T.);
#6129 = EDGE_LOOP('',(#6130,#6131,#6132,#6133));
#6130 = ORIENTED_EDGE('',*,*,#6106,.F.);
#6131 = ORIENTED_EDGE('',*,*,#5290,.F.);
#6132 = ORIENTED_EDGE('',*,*,#6066,.T.);
#6133 = ORIENTED_EDGE('',*,*,#5076,.F.);
#6134 = ADVANCED_FACE('',(#6135),#5390,.T.);
#6135 = FACE_BOUND('',#6136,.T.);
#6136 = EDGE_LOOP('',(#6137,#6160,#6161,#6184));
#6137 = ORIENTED_EDGE('',*,*,#6138,.F.);
#6138 = EDGE_CURVE('',#5211,#6139,#6141,.T.);
#6139 = VERTEX_POINT('',#6140);
#6140 = CARTESIAN_POINT('',(6.5,45.949360138398,33.560031912167));
#6141 = SURFACE_CURVE('',#6142,(#6146,#6153),.PCURVE_S1.);
#6142 = LINE('',#6143,#6144);
#6143 = CARTESIAN_POINT('',(6.5,10.643670971537,19.437756245423));
#6144 = VECTOR('',#6145,1.);
#6145 = DIRECTION('',(0.,0.928476690885,0.371390676354));
#6146 = PCURVE('',#5390,#6147);
#6147 = DEFINITIONAL_REPRESENTATION('',(#6148),#6152);
#6148 = LINE('',#6149,#6150);
#6149 = CARTESIAN_POINT('',(-8.079268863352E-32,-1.649305920078E-15));
#6150 = VECTOR('',#6151,1.);
#6151 = DIRECTION('',(1.35144562943E-31,1.));
#6152 = ( GEOMETRIC_REPRESENTATION_CONTEXT(2) 
PARAMETRIC_REPRESENTATION_CONTEXT() REPRESENTATION_CONTEXT('2D SPACE',''
  ) );
#6153 = PCURVE('',#5870,#6154);
#6154 = DEFINITIONAL_REPRESENTATION('',(#6155),#6159);
#6155 = LINE('',#6156,#6157);
#6156 = CARTESIAN_POINT('',(-1.860071265725,-4.595894038613));
#6157 = VECTOR('',#6158,1.);
#6158 = DIRECTION('',(0.487659849094,0.873033717322));
#6159 = ( GEOMETRIC_REPRESENTATION_CONTEXT(2) 
PARAMETRIC_REPRESENTATION_CONTEXT() REPRESENTATION_CONTEXT('2D SPACE',''
  ) );
#6160 = ORIENTED_EDGE('',*,*,#5377,.T.);
#6161 = ORIENTED_EDGE('',*,*,#6162,.T.);
#6162 = EDGE_CURVE('',#5355,#6163,#6165,.T.);
#6163 = VERTEX_POINT('',#6164);
#6164 = CARTESIAN_POINT('',(-6.5,45.949360138398,33.560031912167));
#6165 = SURFACE_CURVE('',#6166,(#6170,#6177),.PCURVE_S1.);
#6166 = LINE('',#6167,#6168);
#6167 = CARTESIAN_POINT('',(-6.5,10.643670971537,19.437756245423));
#6168 = VECTOR('',#6169,1.);
#6169 = DIRECTION('',(1.35144562943E-31,0.928476690885,0.371390676354));
#6170 = PCURVE('',#5390,#6171);
#6171 = DEFINITIONAL_REPRESENTATION('',(#6172),#6176);
#6172 = LINE('',#6173,#6174);
#6173 = CARTESIAN_POINT('',(13.,-1.756879318259E-30));
#6174 = VECTOR('',#6175,1.);
#6175 = DIRECTION('',(-4.409051418798E-34,1.));
#6176 = ( GEOMETRIC_REPRESENTATION_CONTEXT(2) 
PARAMETRIC_REPRESENTATION_CONTEXT() REPRESENTATION_CONTEXT('2D SPACE',''
  ) );
#6177 = PCURVE('',#5442,#6178);
#6178 = DEFINITIONAL_REPRESENTATION('',(#6179),#6183);
#6179 = LINE('',#6180,#6181);
#6180 = CARTESIAN_POINT('',(1.860071265725,-4.595894038613));
#6181 = VECTOR('',#6182,1.);
#6182 = DIRECTION('',(-0.487659849094,0.873033717322));
#6183 = ( GEOMETRIC_REPRESENTATION_CONTEXT(2) 
PARAMETRIC_REPRESENTATION_CONTEXT() REPRESENTATION_CONTEXT('2D SPACE',''
  ) );
#6184 = ORIENTED_EDGE('',*,*,#6185,.F.);
#6185 = EDGE_CURVE('',#6139,#6163,#6186,.T.);
#6186 = SURFACE_CURVE('',#6187,(#6191,#6197),.PCURVE_S1.);
#6187 = LINE('',#6188,#6189);
#6188 = CARTESIAN_POINT('',(6.5,45.949360138398,33.560031912167));
#6189 = VECTOR('',#6190,1.);
#6190 = DIRECTION('',(-1.,2.121791903972E-17,-1.234113292629E-16));
#6191 = PCURVE('',#5390,#6192);
#6192 = DEFINITIONAL_REPRESENTATION('',(#6193),#6196);
#6193 = B_SPLINE_CURVE_WITH_KNOTS('',1,(#6194,#6195),.UNSPECIFIED.,.F.,
  .F.,(2,2),(-4.383902119468E-30,13.),.PIECEWISE_BEZIER_KNOTS.);
#6194 = CARTESIAN_POINT('',(1.855768031935E-30,38.025390958602));
#6195 = CARTESIAN_POINT('',(13.,38.025390958602));
#6196 = ( GEOMETRIC_REPRESENTATION_CONTEXT(2) 
PARAMETRIC_REPRESENTATION_CONTEXT() REPRESENTATION_CONTEXT('2D SPACE',''
  ) );
#6197 = PCURVE('',#6198,#6203);
#6198 = PLANE('',#6199);
#6199 = AXIS2_PLACEMENT_3D('',#6200,#6201,#6202);
#6200 = CARTESIAN_POINT('',(6.5,28.686206781188,34.250558046456));
#6201 = DIRECTION('',(1.224646799147E-16,-3.996803834887E-02,
    -0.999200958722));
#6202 = DIRECTION('',(-1.,-4.894673023214E-18,-1.223668255804E-16));
#6203 = DEFINITIONAL_REPRESENTATION('',(#6204),#6207);
#6204 = B_SPLINE_CURVE_WITH_KNOTS('',1,(#6205,#6206),.UNSPECIFIED.,.F.,
  .F.,(2,2),(-4.383902119468E-30,13.),.PIECEWISE_BEZIER_KNOTS.);
#6205 = CARTESIAN_POINT('',(-6.640903460231E-30,17.276958360101));
#6206 = CARTESIAN_POINT('',(13.,17.276958360101));
#6207 = ( GEOMETRIC_REPRESENTATION_CONTEXT(2) 
PARAMETRIC_REPRESENTATION_CONTEXT() REPRESENTATION_CONTEXT('2D SPACE',''
  ) );
#6208 = ADVANCED_FACE('',(#6209),#5442,.T.);
#6209 = FACE_BOUND('',#6210,.T.);
#6210 = EDGE_LOOP('',(#6211,#6212,#6213,#6214));
#6211 = ORIENTED_EDGE('',*,*,#6162,.F.);
#6212 = ORIENTED_EDGE('',*,*,#5429,.T.);
#6213 = ORIENTED_EDGE('',*,*,#5649,.T.);
#6214 = ORIENTED_EDGE('',*,*,#6215,.F.);
#6215 = EDGE_CURVE('',#6163,#5622,#6216,.T.);
#6216 = SURFACE_CURVE('',#6217,(#6221,#6227),.PCURVE_S1.);
#6217 = LINE('',#6218,#6219);
#6218 = CARTESIAN_POINT('',(-5.237710197827,46.107729915951,
    32.638894230082));
#6219 = VECTOR('',#6220,1.);
#6220 = DIRECTION('',(-0.80367192615,-0.100830525566,0.586467936235));
#6221 = PCURVE('',#5442,#6222);
#6222 = DEFINITIONAL_REPRESENTATION('',(#6223),#6226);
#6223 = B_SPLINE_CURVE_WITH_KNOTS('',1,(#6224,#6225),.UNSPECIFIED.,.F.,
  .F.,(2,2),(-3.872928550764,14.827259534475),.PIECEWISE_BEZIER_KNOTS.);
#6224 = CARTESIAN_POINT('',(-21.06934776573,25.377284987922));
#6225 = CARTESIAN_POINT('',(-6.002369607852,36.453530002056));
#6226 = ( GEOMETRIC_REPRESENTATION_CONTEXT(2) 
PARAMETRIC_REPRESENTATION_CONTEXT() REPRESENTATION_CONTEXT('2D SPACE',''
  ) );
#6227 = PCURVE('',#5637,#6228);
#6228 = DEFINITIONAL_REPRESENTATION('',(#6229),#6232);
#6229 = B_SPLINE_CURVE_WITH_KNOTS('',1,(#6230,#6231),.UNSPECIFIED.,.F.,
  .F.,(2,2),(-3.872928550764,14.827259534475),.PIECEWISE_BEZIER_KNOTS.);
#6230 = CARTESIAN_POINT('',(-4.583027446929,-4.137372697407));
#6231 = CARTESIAN_POINT('',(12.749008857341,2.883848846653));
#6232 = ( GEOMETRIC_REPRESENTATION_CONTEXT(2) 
PARAMETRIC_REPRESENTATION_CONTEXT() REPRESENTATION_CONTEXT('2D SPACE',''
  ) );
#6233 = ADVANCED_FACE('',(#6234),#5637,.T.);
#6234 = FACE_BOUND('',#6235,.T.);
#6235 = EDGE_LOOP('',(#6236,#6259,#6260,#6261));
#6236 = ORIENTED_EDGE('',*,*,#6237,.F.);
#6237 = EDGE_CURVE('',#6163,#6238,#6240,.T.);
#6238 = VERTEX_POINT('',#6239);
#6239 = CARTESIAN_POINT('',(-6.5,101.16744896418,31.351308359136));
#6240 = SURFACE_CURVE('',#6241,(#6245,#6252),.PCURVE_S1.);
#6241 = LINE('',#6242,#6243);
#6242 = CARTESIAN_POINT('',(-6.5,28.686206781188,34.250558046456));
#6243 = VECTOR('',#6244,1.);
#6244 = DIRECTION('',(-8.784400783511E-32,0.999200958722,
    -3.996803834887E-02));
#6245 = PCURVE('',#5637,#6246);
#6246 = DEFINITIONAL_REPRESENTATION('',(#6247),#6251);
#6247 = LINE('',#6248,#6249);
#6248 = CARTESIAN_POINT('',(8.887567280432,-17.17687846983));
#6249 = VECTOR('',#6250,1.);
#6250 = DIRECTION('',(-0.487659849094,0.873033717322));
#6251 = ( GEOMETRIC_REPRESENTATION_CONTEXT(2) 
PARAMETRIC_REPRESENTATION_CONTEXT() REPRESENTATION_CONTEXT('2D SPACE',''
  ) );
#6252 = PCURVE('',#6198,#6253);
#6253 = DEFINITIONAL_REPRESENTATION('',(#6254),#6258);
#6254 = LINE('',#6255,#6256);
#6255 = CARTESIAN_POINT('',(13.,1.141972101856E-30));
#6256 = VECTOR('',#6257,1.);
#6257 = DIRECTION('',(-2.160237105697E-35,1.));
#6258 = ( GEOMETRIC_REPRESENTATION_CONTEXT(2) 
PARAMETRIC_REPRESENTATION_CONTEXT() REPRESENTATION_CONTEXT('2D SPACE',''
  ) );
#6259 = ORIENTED_EDGE('',*,*,#6215,.T.);
#6260 = ORIENTED_EDGE('',*,*,#5621,.T.);
#6261 = ORIENTED_EDGE('',*,*,#6262,.F.);
#6262 = EDGE_CURVE('',#6238,#5594,#6263,.T.);
#6263 = SURFACE_CURVE('',#6264,(#6268,#6274),.PCURVE_S1.);
#6264 = LINE('',#6265,#6266);
#6265 = CARTESIAN_POINT('',(-6.897877815368,101.18183619558,
    31.639081690515));
#6266 = VECTOR('',#6267,1.);
#6267 = DIRECTION('',(-0.809928260534,2.928694407811E-02,0.585797309396)
  );
#6268 = PCURVE('',#5637,#6269);
#6269 = DEFINITIONAL_REPRESENTATION('',(#6270),#6273);
#6270 = B_SPLINE_CURVE_WITH_KNOTS('',1,(#6271,#6272),.UNSPECIFIED.,.F.,
  .F.,(2,2),(-2.205926891645,4.929550848239),.PIECEWISE_BEZIER_KNOTS.);
#6271 = CARTESIAN_POINT('',(-27.97894255987,45.307370188259));
#6272 = CARTESIAN_POINT('',(-21.76989397498,48.823441610576));
#6273 = ( GEOMETRIC_REPRESENTATION_CONTEXT(2) 
PARAMETRIC_REPRESENTATION_CONTEXT() REPRESENTATION_CONTEXT('2D SPACE',''
  ) );
#6274 = PCURVE('',#5609,#6275);
#6275 = DEFINITIONAL_REPRESENTATION('',(#6276),#6279);
#6276 = B_SPLINE_CURVE_WITH_KNOTS('',1,(#6277,#6278),.UNSPECIFIED.,.F.,
  .F.,(2,2),(-2.205926891645,4.929550848239),.PIECEWISE_BEZIER_KNOTS.);
#6277 = CARTESIAN_POINT('',(-6.972043233094,7.699739700037));
#6278 = CARTESIAN_POINT('',(-0.722279724272,11.142921173643));
#6279 = ( GEOMETRIC_REPRESENTATION_CONTEXT(2) 
PARAMETRIC_REPRESENTATION_CONTEXT() REPRESENTATION_CONTEXT('2D SPACE',''
  ) );
#6280 = ADVANCED_FACE('',(#6281),#5609,.T.);
#6281 = FACE_BOUND('',#6282,.T.);
#6282 = EDGE_LOOP('',(#6283,#6311,#6312,#6313));
#6283 = ORIENTED_EDGE('',*,*,#6284,.F.);
#6284 = EDGE_CURVE('',#6238,#6285,#6287,.T.);
#6285 = VERTEX_POINT('',#6286);
#6286 = CARTESIAN_POINT('',(-6.5,129.17420152852,29.670903205275));
#6287 = SURFACE_CURVE('',#6288,(#6292,#6299),.PCURVE_S1.);
#6288 = LINE('',#6289,#6290);
#6289 = CARTESIAN_POINT('',(-6.5,79.17420152852,32.670903205275));
#6290 = VECTOR('',#6291,1.);
#6291 = DIRECTION('',(5.030345560186E-32,0.998204845466,
    -5.989229072795E-02));
#6292 = PCURVE('',#5609,#6293);
#6293 = DEFINITIONAL_REPRESENTATION('',(#6294),#6298);
#6294 = LINE('',#6295,#6296);
#6295 = CARTESIAN_POINT('',(5.274305030644,-10.70823074447));
#6296 = VECTOR('',#6297,1.);
#6297 = DIRECTION('',(-0.487659849094,0.873033717322));
#6298 = ( GEOMETRIC_REPRESENTATION_CONTEXT(2) 
PARAMETRIC_REPRESENTATION_CONTEXT() REPRESENTATION_CONTEXT('2D SPACE',''
  ) );
#6299 = PCURVE('',#6300,#6305);
#6300 = PLANE('',#6301);
#6301 = AXIS2_PLACEMENT_3D('',#6302,#6303,#6304);
#6302 = CARTESIAN_POINT('',(6.5,79.17420152852,32.670903205275));
#6303 = DIRECTION('',(1.224646799147E-16,-5.989229072795E-02,
    -0.998204845466));
#6304 = DIRECTION('',(-1.,-7.334690213358E-18,-1.222448368893E-16));
#6305 = DEFINITIONAL_REPRESENTATION('',(#6306),#6310);
#6306 = LINE('',#6307,#6308);
#6307 = CARTESIAN_POINT('',(13.,-6.539449228242E-31));
#6308 = VECTOR('',#6309,1.);
#6309 = DIRECTION('',(-5.410949299604E-34,1.));
#6310 = ( GEOMETRIC_REPRESENTATION_CONTEXT(2) 
PARAMETRIC_REPRESENTATION_CONTEXT() REPRESENTATION_CONTEXT('2D SPACE',''
  ) );
#6311 = ORIENTED_EDGE('',*,*,#6262,.T.);
#6312 = ORIENTED_EDGE('',*,*,#5593,.T.);
#6313 = ORIENTED_EDGE('',*,*,#6314,.F.);
#6314 = EDGE_CURVE('',#6285,#5566,#6315,.T.);
#6315 = SURFACE_CURVE('',#6316,(#6320,#6327),.PCURVE_S1.);
#6316 = LINE('',#6317,#6318);
#6317 = CARTESIAN_POINT('',(-6.5,129.17420152852,29.670903205275));
#6318 = VECTOR('',#6319,1.);
#6319 = DIRECTION('',(-0.707106781187,-0.456117005574,0.540330710978));
#6320 = PCURVE('',#5609,#6321);
#6321 = DEFINITIONAL_REPRESENTATION('',(#6322),#6326);
#6322 = LINE('',#6323,#6324);
#6323 = CARTESIAN_POINT('',(-19.15253738097,33.021957567463));
#6324 = VECTOR('',#6325,1.);
#6325 = DIRECTION('',(1.,-1.656171506654E-16));
#6326 = ( GEOMETRIC_REPRESENTATION_CONTEXT(2) 
PARAMETRIC_REPRESENTATION_CONTEXT() REPRESENTATION_CONTEXT('2D SPACE',''
  ) );
#6327 = PCURVE('',#5581,#6328);
#6328 = DEFINITIONAL_REPRESENTATION('',(#6329),#6333);
#6329 = LINE('',#6330,#6331);
#6330 = CARTESIAN_POINT('',(-2.,-6.5));
#6331 = VECTOR('',#6332,1.);
#6332 = DIRECTION('',(0.707106781187,-0.707106781187));
#6333 = ( GEOMETRIC_REPRESENTATION_CONTEXT(2) 
PARAMETRIC_REPRESENTATION_CONTEXT() REPRESENTATION_CONTEXT('2D SPACE',''
  ) );
#6334 = ADVANCED_FACE('',(#6335),#5581,.T.);
#6335 = FACE_BOUND('',#6336,.T.);
#6336 = EDGE_LOOP('',(#6337,#6360,#6388,#6409,#6410,#6433,#6454,#6455));
#6337 = ORIENTED_EDGE('',*,*,#6338,.T.);
#6338 = EDGE_CURVE('',#5538,#6339,#6341,.T.);
#6339 = VERTEX_POINT('',#6340);
#6340 = CARTESIAN_POINT('',(-6.5,126.59401410727,32.727475283805));
#6341 = SURFACE_CURVE('',#6342,(#6346,#6353),.PCURVE_S1.);
#6342 = LINE('',#6343,#6344);
#6343 = CARTESIAN_POINT('',(-7.5,127.23906096258,31.963332264173));
#6344 = VECTOR('',#6345,1.);
#6345 = DIRECTION('',(0.707106781187,-0.456117005574,0.540330710978));
#6346 = PCURVE('',#5581,#6347);
#6347 = DEFINITIONAL_REPRESENTATION('',(#6348),#6352);
#6348 = LINE('',#6349,#6350);
#6349 = CARTESIAN_POINT('',(1.,-7.5));
#6350 = VECTOR('',#6351,1.);
#6351 = DIRECTION('',(0.707106781187,0.707106781187));
#6352 = ( GEOMETRIC_REPRESENTATION_CONTEXT(2) 
PARAMETRIC_REPRESENTATION_CONTEXT() REPRESENTATION_CONTEXT('2D SPACE',''
  ) );
#6353 = PCURVE('',#5553,#6354);
#6354 = DEFINITIONAL_REPRESENTATION('',(#6355),#6359);
#6355 = LINE('',#6356,#6357);
#6356 = CARTESIAN_POINT('',(-19.15253738097,33.021957567463));
#6357 = VECTOR('',#6358,1.);
#6358 = DIRECTION('',(1.,-1.974747055257E-17));
#6359 = ( GEOMETRIC_REPRESENTATION_CONTEXT(2) 
PARAMETRIC_REPRESENTATION_CONTEXT() REPRESENTATION_CONTEXT('2D SPACE',''
  ) );
#6360 = ORIENTED_EDGE('',*,*,#6361,.T.);
#6361 = EDGE_CURVE('',#6339,#6362,#6364,.T.);
#6362 = VERTEX_POINT('',#6363);
#6363 = CARTESIAN_POINT('',(6.5,126.59401410727,32.727475283805));
#6364 = SURFACE_CURVE('',#6365,(#6369,#6376),.PCURVE_S1.);
#6365 = LINE('',#6366,#6367);
#6366 = CARTESIAN_POINT('',(-6.5,126.59401410727,32.727475283805));
#6367 = VECTOR('',#6368,1.);
#6368 = DIRECTION('',(1.,7.334690213358E-18,1.222448368893E-16));
#6369 = PCURVE('',#5581,#6370);
#6370 = DEFINITIONAL_REPRESENTATION('',(#6371),#6375);
#6371 = LINE('',#6372,#6373);
#6372 = CARTESIAN_POINT('',(2.,-6.5));
#6373 = VECTOR('',#6374,1.);
#6374 = DIRECTION('',(8.868131993826E-17,1.));
#6375 = ( GEOMETRIC_REPRESENTATION_CONTEXT(2) 
PARAMETRIC_REPRESENTATION_CONTEXT() REPRESENTATION_CONTEXT('2D SPACE',''
  ) );
#6376 = PCURVE('',#6377,#6382);
#6377 = PLANE('',#6378);
#6378 = AXIS2_PLACEMENT_3D('',#6379,#6380,#6381);
#6379 = CARTESIAN_POINT('',(-6.5,76.594014107274,35.727475283805));
#6380 = DIRECTION('',(-1.224646799147E-16,5.989229072795E-02,
    0.998204845466));
#6381 = DIRECTION('',(1.,7.334690213358E-18,1.222448368893E-16));
#6382 = DEFINITIONAL_REPRESENTATION('',(#6383),#6387);
#6383 = LINE('',#6384,#6385);
#6384 = CARTESIAN_POINT('',(-2.679761134941E-30,50.089919145473));
#6385 = VECTOR('',#6386,1.);
#6386 = DIRECTION('',(1.,6.053799267387E-34));
#6387 = ( GEOMETRIC_REPRESENTATION_CONTEXT(2) 
PARAMETRIC_REPRESENTATION_CONTEXT() REPRESENTATION_CONTEXT('2D SPACE',''
  ) );
#6388 = ORIENTED_EDGE('',*,*,#6389,.T.);
#6389 = EDGE_CURVE('',#6362,#5939,#6390,.T.);
#6390 = SURFACE_CURVE('',#6391,(#6395,#6402),.PCURVE_S1.);
#6391 = LINE('',#6392,#6393);
#6392 = CARTESIAN_POINT('',(6.5,126.59401410727,32.727475283805));
#6393 = VECTOR('',#6394,1.);
#6394 = DIRECTION('',(0.707106781187,0.456117005574,-0.540330710978));
#6395 = PCURVE('',#5581,#6396);
#6396 = DEFINITIONAL_REPRESENTATION('',(#6397),#6401);
#6397 = LINE('',#6398,#6399);
#6398 = CARTESIAN_POINT('',(2.,6.5));
#6399 = VECTOR('',#6400,1.);
#6400 = DIRECTION('',(-0.707106781187,0.707106781187));
#6401 = ( GEOMETRIC_REPRESENTATION_CONTEXT(2) 
PARAMETRIC_REPRESENTATION_CONTEXT() REPRESENTATION_CONTEXT('2D SPACE',''
  ) );
#6402 = PCURVE('',#5977,#6403);
#6403 = DEFINITIONAL_REPRESENTATION('',(#6404),#6408);
#6404 = LINE('',#6405,#6406);
#6405 = CARTESIAN_POINT('',(17.738323818603,33.021957567463));
#6406 = VECTOR('',#6407,1.);
#6407 = DIRECTION('',(1.,1.656171506654E-16));
#6408 = ( GEOMETRIC_REPRESENTATION_CONTEXT(2) 
PARAMETRIC_REPRESENTATION_CONTEXT() REPRESENTATION_CONTEXT('2D SPACE',''
  ) );
#6409 = ORIENTED_EDGE('',*,*,#5938,.T.);
#6410 = ORIENTED_EDGE('',*,*,#6411,.T.);
#6411 = EDGE_CURVE('',#5911,#6412,#6414,.T.);
#6412 = VERTEX_POINT('',#6413);
#6413 = CARTESIAN_POINT('',(6.5,129.17420152852,29.670903205275));
#6414 = SURFACE_CURVE('',#6415,(#6419,#6426),.PCURVE_S1.);
#6415 = LINE('',#6416,#6417);
#6416 = CARTESIAN_POINT('',(7.5,128.5291546732,30.435046224908));
#6417 = VECTOR('',#6418,1.);
#6418 = DIRECTION('',(-0.707106781187,0.456117005574,-0.540330710978));
#6419 = PCURVE('',#5581,#6420);
#6420 = DEFINITIONAL_REPRESENTATION('',(#6421),#6425);
#6421 = LINE('',#6422,#6423);
#6422 = CARTESIAN_POINT('',(-1.,7.5));
#6423 = VECTOR('',#6424,1.);
#6424 = DIRECTION('',(-0.707106781187,-0.707106781187));
#6425 = ( GEOMETRIC_REPRESENTATION_CONTEXT(2) 
PARAMETRIC_REPRESENTATION_CONTEXT() REPRESENTATION_CONTEXT('2D SPACE',''
  ) );
#6426 = PCURVE('',#5926,#6427);
#6427 = DEFINITIONAL_REPRESENTATION('',(#6428),#6432);
#6428 = LINE('',#6429,#6430);
#6429 = CARTESIAN_POINT('',(17.738323818603,33.021957567463));
#6430 = VECTOR('',#6431,1.);
#6431 = DIRECTION('',(1.,1.974747055257E-17));
#6432 = ( GEOMETRIC_REPRESENTATION_CONTEXT(2) 
PARAMETRIC_REPRESENTATION_CONTEXT() REPRESENTATION_CONTEXT('2D SPACE',''
  ) );
#6433 = ORIENTED_EDGE('',*,*,#6434,.T.);
#6434 = EDGE_CURVE('',#6412,#6285,#6435,.T.);
#6435 = SURFACE_CURVE('',#6436,(#6440,#6447),.PCURVE_S1.);
#6436 = LINE('',#6437,#6438);
#6437 = CARTESIAN_POINT('',(6.5,129.17420152852,29.670903205275));
#6438 = VECTOR('',#6439,1.);
#6439 = DIRECTION('',(-1.,-7.334690213358E-18,-1.222448368893E-16));
#6440 = PCURVE('',#5581,#6441);
#6441 = DEFINITIONAL_REPRESENTATION('',(#6442),#6446);
#6442 = LINE('',#6443,#6444);
#6443 = CARTESIAN_POINT('',(-2.,6.5));
#6444 = VECTOR('',#6445,1.);
#6445 = DIRECTION('',(-8.868131993826E-17,-1.));
#6446 = ( GEOMETRIC_REPRESENTATION_CONTEXT(2) 
PARAMETRIC_REPRESENTATION_CONTEXT() REPRESENTATION_CONTEXT('2D SPACE',''
  ) );
#6447 = PCURVE('',#6300,#6448);
#6448 = DEFINITIONAL_REPRESENTATION('',(#6449),#6453);
#6449 = LINE('',#6450,#6451);
#6450 = CARTESIAN_POINT('',(2.679761134941E-30,50.089919145473));
#6451 = VECTOR('',#6452,1.);
#6452 = DIRECTION('',(1.,-6.053799267387E-34));
#6453 = ( GEOMETRIC_REPRESENTATION_CONTEXT(2) 
PARAMETRIC_REPRESENTATION_CONTEXT() REPRESENTATION_CONTEXT('2D SPACE',''
  ) );
#6454 = ORIENTED_EDGE('',*,*,#6314,.T.);
#6455 = ORIENTED_EDGE('',*,*,#5565,.T.);
#6456 = ADVANCED_FACE('',(#6457),#5553,.T.);
#6457 = FACE_BOUND('',#6458,.T.);
#6458 = EDGE_LOOP('',(#6459,#6460,#6481,#6502));
#6459 = ORIENTED_EDGE('',*,*,#5537,.F.);
#6460 = ORIENTED_EDGE('',*,*,#6461,.F.);
#6461 = EDGE_CURVE('',#6462,#5510,#6464,.T.);
#6462 = VERTEX_POINT('',#6463);
#6463 = CARTESIAN_POINT('',(-6.5,101.31208865885,34.24439081071));
#6464 = SURFACE_CURVE('',#6465,(#6469,#6475),.PCURVE_S1.);
#6465 = LINE('',#6466,#6467);
#6466 = CARTESIAN_POINT('',(-7.102224865235,101.2903122537,
    33.808819263332));
#6467 = VECTOR('',#6468,1.);
#6468 = DIRECTION('',(-0.809928260534,-2.92869440781E-02,-0.585797309396
    ));
#6469 = PCURVE('',#5553,#6470);
#6470 = DEFINITIONAL_REPRESENTATION('',(#6471),#6474);
#6471 = B_SPLINE_CURVE_WITH_KNOTS('',1,(#6472,#6473),.UNSPECIFIED.,.F.,
  .F.,(2,2),(-1.225645866012,1.034162474969),.PIECEWISE_BEZIER_KNOTS.);
#6472 = CARTESIAN_POINT('',(-4.964920411447,11.142921173644));
#6473 = CARTESIAN_POINT('',(-6.94422274007,10.052464374925));
#6474 = ( GEOMETRIC_REPRESENTATION_CONTEXT(2) 
PARAMETRIC_REPRESENTATION_CONTEXT() REPRESENTATION_CONTEXT('2D SPACE',''
  ) );
#6475 = PCURVE('',#5525,#6476);
#6476 = DEFINITIONAL_REPRESENTATION('',(#6477),#6480);
#6477 = B_SPLINE_CURVE_WITH_KNOTS('',1,(#6478,#6479),.UNSPECIFIED.,.F.,
  .F.,(2,2),(-1.225645866012,1.034162474969),.PIECEWISE_BEZIER_KNOTS.);
#6478 = CARTESIAN_POINT('',(-26.01253466216,48.823441610576));
#6479 = CARTESIAN_POINT('',(-27.97894255987,47.709900539146));
#6480 = ( GEOMETRIC_REPRESENTATION_CONTEXT(2) 
PARAMETRIC_REPRESENTATION_CONTEXT() REPRESENTATION_CONTEXT('2D SPACE',''
  ) );
#6481 = ORIENTED_EDGE('',*,*,#6482,.T.);
#6482 = EDGE_CURVE('',#6462,#6339,#6483,.T.);
#6483 = SURFACE_CURVE('',#6484,(#6488,#6495),.PCURVE_S1.);
#6484 = LINE('',#6485,#6486);
#6485 = CARTESIAN_POINT('',(-6.5,76.594014107274,35.727475283805));
#6486 = VECTOR('',#6487,1.);
#6487 = DIRECTION('',(0.,0.998204845466,-5.989229072795E-02));
#6488 = PCURVE('',#5553,#6489);
#6489 = DEFINITIONAL_REPRESENTATION('',(#6490),#6494);
#6490 = LINE('',#6491,#6492);
#6491 = CARTESIAN_POINT('',(6.688518593018,-10.70823074447));
#6492 = VECTOR('',#6493,1.);
#6493 = DIRECTION('',(-0.487659849094,0.873033717322));
#6494 = ( GEOMETRIC_REPRESENTATION_CONTEXT(2) 
PARAMETRIC_REPRESENTATION_CONTEXT() REPRESENTATION_CONTEXT('2D SPACE',''
  ) );
#6495 = PCURVE('',#6377,#6496);
#6496 = DEFINITIONAL_REPRESENTATION('',(#6497),#6501);
#6497 = LINE('',#6498,#6499);
#6498 = CARTESIAN_POINT('',(0.,0.));
#6499 = VECTOR('',#6500,1.);
#6500 = DIRECTION('',(-5.030345560186E-32,1.));
#6501 = ( GEOMETRIC_REPRESENTATION_CONTEXT(2) 
PARAMETRIC_REPRESENTATION_CONTEXT() REPRESENTATION_CONTEXT('2D SPACE',''
  ) );
#6502 = ORIENTED_EDGE('',*,*,#6338,.F.);
#6503 = ADVANCED_FACE('',(#6504),#5525,.T.);
#6504 = FACE_BOUND('',#6505,.T.);
#6505 = EDGE_LOOP('',(#6506,#6507,#6528,#6554));
#6506 = ORIENTED_EDGE('',*,*,#5509,.F.);
#6507 = ORIENTED_EDGE('',*,*,#6508,.F.);
#6508 = EDGE_CURVE('',#6509,#5482,#6511,.T.);
#6509 = VERTEX_POINT('',#6510);
#6510 = CARTESIAN_POINT('',(-6.5,45.447510952005,36.478973918985));
#6511 = SURFACE_CURVE('',#6512,(#6516,#6522),.PCURVE_S1.);
#6512 = LINE('',#6513,#6514);
#6513 = CARTESIAN_POINT('',(-8.808559218895,45.73714809344,
    34.79433629917));
#6514 = VECTOR('',#6515,1.);
#6515 = DIRECTION('',(-0.80367192615,0.100830525566,-0.586467936235));
#6516 = PCURVE('',#5525,#6517);
#6517 = DEFINITIONAL_REPRESENTATION('',(#6518),#6521);
#6518 = B_SPLINE_CURVE_WITH_KNOTS('',1,(#6519,#6520),.UNSPECIFIED.,.F.,
  .F.,(2,2),(-11.15196556542,2.28252305468),.PIECEWISE_BEZIER_KNOTS.);
#6519 = CARTESIAN_POINT('',(8.506368170222,2.883848846653));
#6520 = CARTESIAN_POINT('',(-3.945220200523,-2.160299399499));
#6521 = ( GEOMETRIC_REPRESENTATION_CONTEXT(2) 
PARAMETRIC_REPRESENTATION_CONTEXT() REPRESENTATION_CONTEXT('2D SPACE',''
  ) );
#6522 = PCURVE('',#5497,#6523);
#6523 = DEFINITIONAL_REPRESENTATION('',(#6524),#6527);
#6524 = B_SPLINE_CURVE_WITH_KNOTS('',1,(#6525,#6526),.UNSPECIFIED.,.F.,
  .F.,(2,2),(-11.15196556542,2.28252305468),.PIECEWISE_BEZIER_KNOTS.);
#6525 = CARTESIAN_POINT('',(-10.24501029497,36.453530002056));
#6526 = CARTESIAN_POINT('',(-21.06934776573,28.496193588243));
#6527 = ( GEOMETRIC_REPRESENTATION_CONTEXT(2) 
PARAMETRIC_REPRESENTATION_CONTEXT() REPRESENTATION_CONTEXT('2D SPACE',''
  ) );
#6528 = ORIENTED_EDGE('',*,*,#6529,.T.);
#6529 = EDGE_CURVE('',#6509,#6462,#6530,.T.);
#6530 = SURFACE_CURVE('',#6531,(#6535,#6542),.PCURVE_S1.);
#6531 = LINE('',#6532,#6533);
#6532 = CARTESIAN_POINT('',(-6.5,26.045559833725,37.255051963716));
#6533 = VECTOR('',#6534,1.);
#6534 = DIRECTION('',(0.,0.999200958722,-3.996803834887E-02));
#6535 = PCURVE('',#5525,#6536);
#6536 = DEFINITIONAL_REPRESENTATION('',(#6537),#6541);
#6537 = LINE('',#6538,#6539);
#6538 = CARTESIAN_POINT('',(10.301780842805,-17.17687846983));
#6539 = VECTOR('',#6540,1.);
#6540 = DIRECTION('',(-0.487659849094,0.873033717322));
#6541 = ( GEOMETRIC_REPRESENTATION_CONTEXT(2) 
PARAMETRIC_REPRESENTATION_CONTEXT() REPRESENTATION_CONTEXT('2D SPACE',''
  ) );
#6542 = PCURVE('',#6543,#6548);
#6543 = PLANE('',#6544);
#6544 = AXIS2_PLACEMENT_3D('',#6545,#6546,#6547);
#6545 = CARTESIAN_POINT('',(-6.5,26.045559833725,37.255051963716));
#6546 = DIRECTION('',(-1.224646799147E-16,3.996803834887E-02,
    0.999200958722));
#6547 = DIRECTION('',(1.,4.894673023214E-18,1.223668255804E-16));
#6548 = DEFINITIONAL_REPRESENTATION('',(#6549),#6553);
#6549 = LINE('',#6550,#6551);
#6550 = CARTESIAN_POINT('',(0.,0.));
#6551 = VECTOR('',#6552,1.);
#6552 = DIRECTION('',(8.784400783511E-32,1.));
#6553 = ( GEOMETRIC_REPRESENTATION_CONTEXT(2) 
PARAMETRIC_REPRESENTATION_CONTEXT() REPRESENTATION_CONTEXT('2D SPACE',''
  ) );
#6554 = ORIENTED_EDGE('',*,*,#6461,.T.);
#6555 = ADVANCED_FACE('',(#6556),#5497,.T.);
#6556 = FACE_BOUND('',#6557,.T.);
#6557 = EDGE_LOOP('',(#6558,#6559,#6560,#6581));
#6558 = ORIENTED_EDGE('',*,*,#5481,.F.);
#6559 = ORIENTED_EDGE('',*,*,#5698,.F.);
#6560 = ORIENTED_EDGE('',*,*,#6561,.T.);
#6561 = EDGE_CURVE('',#5676,#6509,#6562,.T.);
#6562 = SURFACE_CURVE('',#6563,(#6567,#6574),.PCURVE_S1.);
#6563 = LINE('',#6564,#6565);
#6564 = CARTESIAN_POINT('',(-6.5,7.006603658276,21.102611001493));
#6565 = VECTOR('',#6566,1.);
#6566 = DIRECTION('',(0.,0.928476690885,0.371390676354));
#6567 = PCURVE('',#5497,#6568);
#6568 = DEFINITIONAL_REPRESENTATION('',(#6569),#6573);
#6569 = LINE('',#6570,#6571);
#6570 = CARTESIAN_POINT('',(3.274284828098,-4.595894038613));
#6571 = VECTOR('',#6572,1.);
#6572 = DIRECTION('',(-0.487659849094,0.873033717322));
#6573 = ( GEOMETRIC_REPRESENTATION_CONTEXT(2) 
PARAMETRIC_REPRESENTATION_CONTEXT() REPRESENTATION_CONTEXT('2D SPACE',''
  ) );
#6574 = PCURVE('',#5763,#6575);
#6575 = DEFINITIONAL_REPRESENTATION('',(#6576),#6580);
#6576 = LINE('',#6577,#6578);
#6577 = CARTESIAN_POINT('',(-4.039634431676E-32,8.246529600389E-16));
#6578 = VECTOR('',#6579,1.);
#6579 = DIRECTION('',(-1.35144562943E-31,1.));
#6580 = ( GEOMETRIC_REPRESENTATION_CONTEXT(2) 
PARAMETRIC_REPRESENTATION_CONTEXT() REPRESENTATION_CONTEXT('2D SPACE',''
  ) );
#6581 = ORIENTED_EDGE('',*,*,#6508,.T.);
#6582 = ADVANCED_FACE('',(#6583),#5763,.T.);
#6583 = FACE_BOUND('',#6584,.T.);
#6584 = EDGE_LOOP('',(#6585,#6586,#6587,#6610));
#6585 = ORIENTED_EDGE('',*,*,#6561,.F.);
#6586 = ORIENTED_EDGE('',*,*,#5750,.F.);
#6587 = ORIENTED_EDGE('',*,*,#6588,.T.);
#6588 = EDGE_CURVE('',#5728,#6589,#6591,.T.);
#6589 = VERTEX_POINT('',#6590);
#6590 = CARTESIAN_POINT('',(6.5,45.447510952005,36.478973918985));
#6591 = SURFACE_CURVE('',#6592,(#6596,#6603),.PCURVE_S1.);
#6592 = LINE('',#6593,#6594);
#6593 = CARTESIAN_POINT('',(6.5,7.006603658276,21.102611001493));
#6594 = VECTOR('',#6595,1.);
#6595 = DIRECTION('',(1.35144562943E-31,0.928476690885,0.371390676354));
#6596 = PCURVE('',#5763,#6597);
#6597 = DEFINITIONAL_REPRESENTATION('',(#6598),#6602);
#6598 = LINE('',#6599,#6600);
#6599 = CARTESIAN_POINT('',(13.,-1.649305920078E-15));
#6600 = VECTOR('',#6601,1.);
#6601 = DIRECTION('',(4.409051418798E-34,1.));
#6602 = ( GEOMETRIC_REPRESENTATION_CONTEXT(2) 
PARAMETRIC_REPRESENTATION_CONTEXT() REPRESENTATION_CONTEXT('2D SPACE',''
  ) );
#6603 = PCURVE('',#5815,#6604);
#6604 = DEFINITIONAL_REPRESENTATION('',(#6605),#6609);
#6605 = LINE('',#6606,#6607);
#6606 = CARTESIAN_POINT('',(-3.274284828098,-4.595894038613));
#6607 = VECTOR('',#6608,1.);
#6608 = DIRECTION('',(0.487659849094,0.873033717322));
#6609 = ( GEOMETRIC_REPRESENTATION_CONTEXT(2) 
PARAMETRIC_REPRESENTATION_CONTEXT() REPRESENTATION_CONTEXT('2D SPACE',''
  ) );
#6610 = ORIENTED_EDGE('',*,*,#6611,.T.);
#6611 = EDGE_CURVE('',#6589,#6509,#6612,.T.);
#6612 = SURFACE_CURVE('',#6613,(#6617,#6623),.PCURVE_S1.);
#6613 = LINE('',#6614,#6615);
#6614 = CARTESIAN_POINT('',(-6.5,45.447510952005,36.478973918985));
#6615 = VECTOR('',#6616,1.);
#6616 = DIRECTION('',(-1.,2.121791903972E-17,-1.234113292629E-16));
#6617 = PCURVE('',#5763,#6618);
#6618 = DEFINITIONAL_REPRESENTATION('',(#6619),#6622);
#6619 = B_SPLINE_CURVE_WITH_KNOTS('',1,(#6620,#6621),.UNSPECIFIED.,.F.,
  .F.,(2,2),(-13.,3.648934180908E-31),.PIECEWISE_BEZIER_KNOTS.);
#6620 = CARTESIAN_POINT('',(13.,41.402124222501));
#6621 = CARTESIAN_POINT('',(-6.394797510005E-30,41.402124222501));
#6622 = ( GEOMETRIC_REPRESENTATION_CONTEXT(2) 
PARAMETRIC_REPRESENTATION_CONTEXT() REPRESENTATION_CONTEXT('2D SPACE',''
  ) );
#6623 = PCURVE('',#6543,#6624);
#6624 = DEFINITIONAL_REPRESENTATION('',(#6625),#6628);
#6625 = B_SPLINE_CURVE_WITH_KNOTS('',1,(#6626,#6627),.UNSPECIFIED.,.F.,
  .F.,(2,2),(-13.,3.648934180908E-31),.PIECEWISE_BEZIER_KNOTS.);
#6626 = CARTESIAN_POINT('',(13.,19.417466475512));
#6627 = CARTESIAN_POINT('',(2.658236587807E-30,19.417466475512));
#6628 = ( GEOMETRIC_REPRESENTATION_CONTEXT(2) 
PARAMETRIC_REPRESENTATION_CONTEXT() REPRESENTATION_CONTEXT('2D SPACE',''
  ) );
#6629 = ADVANCED_FACE('',(#6630),#5815,.T.);
#6630 = FACE_BOUND('',#6631,.T.);
#6631 = EDGE_LOOP('',(#6632,#6633,#6634,#6635));
#6632 = ORIENTED_EDGE('',*,*,#6588,.F.);
#6633 = ORIENTED_EDGE('',*,*,#5802,.F.);
#6634 = ORIENTED_EDGE('',*,*,#6017,.T.);
#6635 = ORIENTED_EDGE('',*,*,#6636,.T.);
#6636 = EDGE_CURVE('',#5990,#6589,#6637,.T.);
#6637 = SURFACE_CURVE('',#6638,(#6642,#6648),.PCURVE_S1.);
#6638 = LINE('',#6639,#6640);
#6639 = CARTESIAN_POINT('',(8.808559218895,45.73714809344,34.79433629917
    ));
#6640 = VECTOR('',#6641,1.);
#6641 = DIRECTION('',(-0.80367192615,-0.100830525566,0.586467936235));
#6642 = PCURVE('',#5815,#6643);
#6643 = DEFINITIONAL_REPRESENTATION('',(#6644),#6647);
#6644 = B_SPLINE_CURVE_WITH_KNOTS('',1,(#6645,#6646),.UNSPECIFIED.,.F.,
  .F.,(2,2),(-2.28252305468,11.151965565421),.PIECEWISE_BEZIER_KNOTS.);
#6645 = CARTESIAN_POINT('',(21.069347765737,28.496193588242));
#6646 = CARTESIAN_POINT('',(10.245010294972,36.453530002056));
#6647 = ( GEOMETRIC_REPRESENTATION_CONTEXT(2) 
PARAMETRIC_REPRESENTATION_CONTEXT() REPRESENTATION_CONTEXT('2D SPACE',''
  ) );
#6648 = PCURVE('',#6005,#6649);
#6649 = DEFINITIONAL_REPRESENTATION('',(#6650),#6653);
#6650 = B_SPLINE_CURVE_WITH_KNOTS('',1,(#6651,#6652),.UNSPECIFIED.,.F.,
  .F.,(2,2),(-2.28252305468,11.151965565421),.PIECEWISE_BEZIER_KNOTS.);
#6651 = CARTESIAN_POINT('',(3.945220200523,-2.160299399499));
#6652 = CARTESIAN_POINT('',(-8.506368170222,2.883848846653));
#6653 = ( GEOMETRIC_REPRESENTATION_CONTEXT(2) 
PARAMETRIC_REPRESENTATION_CONTEXT() REPRESENTATION_CONTEXT('2D SPACE',''
  ) );
#6654 = ADVANCED_FACE('',(#6655),#6005,.T.);
#6655 = FACE_BOUND('',#6656,.T.);
#6656 = EDGE_LOOP('',(#6657,#6680,#6681,#6682));
#6657 = ORIENTED_EDGE('',*,*,#6658,.F.);
#6658 = EDGE_CURVE('',#6589,#6659,#6661,.T.);
#6659 = VERTEX_POINT('',#6660);
#6660 = CARTESIAN_POINT('',(6.5,101.31208865885,34.24439081071));
#6661 = SURFACE_CURVE('',#6662,(#6666,#6673),.PCURVE_S1.);
#6662 = LINE('',#6663,#6664);
#6663 = CARTESIAN_POINT('',(6.5,26.045559833725,37.255051963716));
#6664 = VECTOR('',#6665,1.);
#6665 = DIRECTION('',(-8.784400783511E-32,0.999200958722,
    -3.996803834887E-02));
#6666 = PCURVE('',#6005,#6667);
#6667 = DEFINITIONAL_REPRESENTATION('',(#6668),#6672);
#6668 = LINE('',#6669,#6670);
#6669 = CARTESIAN_POINT('',(-10.3017808428,-17.17687846983));
#6670 = VECTOR('',#6671,1.);
#6671 = DIRECTION('',(0.487659849094,0.873033717322));
#6672 = ( GEOMETRIC_REPRESENTATION_CONTEXT(2) 
PARAMETRIC_REPRESENTATION_CONTEXT() REPRESENTATION_CONTEXT('2D SPACE',''
  ) );
#6673 = PCURVE('',#6543,#6674);
#6674 = DEFINITIONAL_REPRESENTATION('',(#6675),#6679);
#6675 = LINE('',#6676,#6677);
#6676 = CARTESIAN_POINT('',(13.,-1.141972101856E-30));
#6677 = VECTOR('',#6678,1.);
#6678 = DIRECTION('',(2.160237105697E-35,1.));
#6679 = ( GEOMETRIC_REPRESENTATION_CONTEXT(2) 
PARAMETRIC_REPRESENTATION_CONTEXT() REPRESENTATION_CONTEXT('2D SPACE',''
  ) );
#6680 = ORIENTED_EDGE('',*,*,#6636,.F.);
#6681 = ORIENTED_EDGE('',*,*,#5989,.T.);
#6682 = ORIENTED_EDGE('',*,*,#6683,.T.);
#6683 = EDGE_CURVE('',#5962,#6659,#6684,.T.);
#6684 = SURFACE_CURVE('',#6685,(#6689,#6695),.PCURVE_S1.);
#6685 = LINE('',#6686,#6687);
#6686 = CARTESIAN_POINT('',(7.102224865235,101.29031225367,
    33.808819263334));
#6687 = VECTOR('',#6688,1.);
#6688 = DIRECTION('',(-0.809928260534,2.928694407811E-02,0.585797309396)
  );
#6689 = PCURVE('',#6005,#6690);
#6690 = DEFINITIONAL_REPRESENTATION('',(#6691),#6694);
#6691 = B_SPLINE_CURVE_WITH_KNOTS('',1,(#6692,#6693),.UNSPECIFIED.,.F.,
  .F.,(2,2),(-1.034162474985,1.225645866062),.PIECEWISE_BEZIER_KNOTS.);
#6692 = CARTESIAN_POINT('',(27.978942559877,47.709900539113));
#6693 = CARTESIAN_POINT('',(26.012534662102,48.823441610576));
#6694 = ( GEOMETRIC_REPRESENTATION_CONTEXT(2) 
PARAMETRIC_REPRESENTATION_CONTEXT() REPRESENTATION_CONTEXT('2D SPACE',''
  ) );
#6695 = PCURVE('',#5977,#6696);
#6696 = DEFINITIONAL_REPRESENTATION('',(#6697),#6700);
#6697 = B_SPLINE_CURVE_WITH_KNOTS('',1,(#6698,#6699),.UNSPECIFIED.,.F.,
  .F.,(2,2),(-1.034162474985,1.225645866062),.PIECEWISE_BEZIER_KNOTS.);
#6698 = CARTESIAN_POINT('',(6.94422274007,10.052464374892));
#6699 = CARTESIAN_POINT('',(4.964920411389,11.142921173643));
#6700 = ( GEOMETRIC_REPRESENTATION_CONTEXT(2) 
PARAMETRIC_REPRESENTATION_CONTEXT() REPRESENTATION_CONTEXT('2D SPACE',''
  ) );
#6701 = ADVANCED_FACE('',(#6702),#5977,.T.);
#6702 = FACE_BOUND('',#6703,.T.);
#6703 = EDGE_LOOP('',(#6704,#6725,#6726,#6727));
#6704 = ORIENTED_EDGE('',*,*,#6705,.F.);
#6705 = EDGE_CURVE('',#6659,#6362,#6706,.T.);
#6706 = SURFACE_CURVE('',#6707,(#6711,#6718),.PCURVE_S1.);
#6707 = LINE('',#6708,#6709);
#6708 = CARTESIAN_POINT('',(6.5,76.594014107274,35.727475283805));
#6709 = VECTOR('',#6710,1.);
#6710 = DIRECTION('',(5.030345560186E-32,0.998204845466,
    -5.989229072795E-02));
#6711 = PCURVE('',#5977,#6712);
#6712 = DEFINITIONAL_REPRESENTATION('',(#6713),#6717);
#6713 = LINE('',#6714,#6715);
#6714 = CARTESIAN_POINT('',(-6.688518593018,-10.70823074447));
#6715 = VECTOR('',#6716,1.);
#6716 = DIRECTION('',(0.487659849094,0.873033717322));
#6717 = ( GEOMETRIC_REPRESENTATION_CONTEXT(2) 
PARAMETRIC_REPRESENTATION_CONTEXT() REPRESENTATION_CONTEXT('2D SPACE',''
  ) );
#6718 = PCURVE('',#6377,#6719);
#6719 = DEFINITIONAL_REPRESENTATION('',(#6720),#6724);
#6720 = LINE('',#6721,#6722);
#6721 = CARTESIAN_POINT('',(13.,6.539449228242E-31));
#6722 = VECTOR('',#6723,1.);
#6723 = DIRECTION('',(5.410949299604E-34,1.));
#6724 = ( GEOMETRIC_REPRESENTATION_CONTEXT(2) 
PARAMETRIC_REPRESENTATION_CONTEXT() REPRESENTATION_CONTEXT('2D SPACE',''
  ) );
#6725 = ORIENTED_EDGE('',*,*,#6683,.F.);
#6726 = ORIENTED_EDGE('',*,*,#5961,.T.);
#6727 = ORIENTED_EDGE('',*,*,#6389,.F.);
#6728 = ADVANCED_FACE('',(#6729),#5926,.T.);
#6729 = FACE_BOUND('',#6730,.T.);
#6730 = EDGE_LOOP('',(#6731,#6732,#6753,#6774));
#6731 = ORIENTED_EDGE('',*,*,#5910,.F.);
#6732 = ORIENTED_EDGE('',*,*,#6733,.T.);
#6733 = EDGE_CURVE('',#5883,#6734,#6736,.T.);
#6734 = VERTEX_POINT('',#6735);
#6735 = CARTESIAN_POINT('',(6.5,101.16744896418,31.351308359136));
#6736 = SURFACE_CURVE('',#6737,(#6741,#6747),.PCURVE_S1.);
#6737 = LINE('',#6738,#6739);
#6738 = CARTESIAN_POINT('',(6.897877815368,101.18183619561,
    31.639081690514));
#6739 = VECTOR('',#6740,1.);
#6740 = DIRECTION('',(-0.809928260534,-2.92869440781E-02,-0.585797309396
    ));
#6741 = PCURVE('',#5926,#6742);
#6742 = DEFINITIONAL_REPRESENTATION('',(#6743),#6746);
#6743 = B_SPLINE_CURVE_WITH_KNOTS('',1,(#6744,#6745),.UNSPECIFIED.,.F.,
  .F.,(2,2),(-4.929550848192,2.20592689163),.PIECEWISE_BEZIER_KNOTS.);
#6744 = CARTESIAN_POINT('',(0.722279724326,11.142921173644));
#6745 = CARTESIAN_POINT('',(6.972043233093,7.699739700068));
#6746 = ( GEOMETRIC_REPRESENTATION_CONTEXT(2) 
PARAMETRIC_REPRESENTATION_CONTEXT() REPRESENTATION_CONTEXT('2D SPACE',''
  ) );
#6747 = PCURVE('',#5898,#6748);
#6748 = DEFINITIONAL_REPRESENTATION('',(#6749),#6752);
#6749 = B_SPLINE_CURVE_WITH_KNOTS('',1,(#6750,#6751),.UNSPECIFIED.,.F.,
  .F.,(2,2),(-4.929550848192,2.20592689163),.PIECEWISE_BEZIER_KNOTS.);
#6750 = CARTESIAN_POINT('',(21.769893975039,48.823441610576));
#6751 = CARTESIAN_POINT('',(27.978942559877,45.30737018829));
#6752 = ( GEOMETRIC_REPRESENTATION_CONTEXT(2) 
PARAMETRIC_REPRESENTATION_CONTEXT() REPRESENTATION_CONTEXT('2D SPACE',''
  ) );
#6753 = ORIENTED_EDGE('',*,*,#6754,.T.);
#6754 = EDGE_CURVE('',#6734,#6412,#6755,.T.);
#6755 = SURFACE_CURVE('',#6756,(#6760,#6767),.PCURVE_S1.);
#6756 = LINE('',#6757,#6758);
#6757 = CARTESIAN_POINT('',(6.5,79.17420152852,32.670903205275));
#6758 = VECTOR('',#6759,1.);
#6759 = DIRECTION('',(0.,0.998204845466,-5.989229072795E-02));
#6760 = PCURVE('',#5926,#6761);
#6761 = DEFINITIONAL_REPRESENTATION('',(#6762),#6766);
#6762 = LINE('',#6763,#6764);
#6763 = CARTESIAN_POINT('',(-5.274305030644,-10.70823074447));
#6764 = VECTOR('',#6765,1.);
#6765 = DIRECTION('',(0.487659849094,0.873033717322));
#6766 = ( GEOMETRIC_REPRESENTATION_CONTEXT(2) 
PARAMETRIC_REPRESENTATION_CONTEXT() REPRESENTATION_CONTEXT('2D SPACE',''
  ) );
#6767 = PCURVE('',#6300,#6768);
#6768 = DEFINITIONAL_REPRESENTATION('',(#6769),#6773);
#6769 = LINE('',#6770,#6771);
#6770 = CARTESIAN_POINT('',(-0.,0.));
#6771 = VECTOR('',#6772,1.);
#6772 = DIRECTION('',(5.030345560186E-32,1.));
#6773 = ( GEOMETRIC_REPRESENTATION_CONTEXT(2) 
PARAMETRIC_REPRESENTATION_CONTEXT() REPRESENTATION_CONTEXT('2D SPACE',''
  ) );
#6774 = ORIENTED_EDGE('',*,*,#6411,.F.);
#6775 = ADVANCED_FACE('',(#6776),#5898,.T.);
#6776 = FACE_BOUND('',#6777,.T.);
#6777 = EDGE_LOOP('',(#6778,#6779,#6798,#6819));
#6778 = ORIENTED_EDGE('',*,*,#5882,.F.);
#6779 = ORIENTED_EDGE('',*,*,#6780,.T.);
#6780 = EDGE_CURVE('',#5855,#6139,#6781,.T.);
#6781 = SURFACE_CURVE('',#6782,(#6786,#6792),.PCURVE_S1.);
#6782 = LINE('',#6783,#6784);
#6783 = CARTESIAN_POINT('',(5.237710197827,46.107729915951,
    32.638894230082));
#6784 = VECTOR('',#6785,1.);
#6785 = DIRECTION('',(-0.80367192615,0.100830525566,-0.586467936235));
#6786 = PCURVE('',#5898,#6787);
#6787 = DEFINITIONAL_REPRESENTATION('',(#6788),#6791);
#6788 = B_SPLINE_CURVE_WITH_KNOTS('',1,(#6789,#6790),.UNSPECIFIED.,.F.,
  .F.,(2,2),(-14.82725953447,3.872928550764),.PIECEWISE_BEZIER_KNOTS.);
#6789 = CARTESIAN_POINT('',(-12.74900885734,2.883848846653));
#6790 = CARTESIAN_POINT('',(4.583027446929,-4.137372697406));
#6791 = ( GEOMETRIC_REPRESENTATION_CONTEXT(2) 
PARAMETRIC_REPRESENTATION_CONTEXT() REPRESENTATION_CONTEXT('2D SPACE',''
  ) );
#6792 = PCURVE('',#5870,#6793);
#6793 = DEFINITIONAL_REPRESENTATION('',(#6794),#6797);
#6794 = B_SPLINE_CURVE_WITH_KNOTS('',1,(#6795,#6796),.UNSPECIFIED.,.F.,
  .F.,(2,2),(-14.82725953447,3.872928550764),.PIECEWISE_BEZIER_KNOTS.);
#6795 = CARTESIAN_POINT('',(6.002369607852,36.453530002056));
#6796 = CARTESIAN_POINT('',(21.069347765737,25.377284987922));
#6797 = ( GEOMETRIC_REPRESENTATION_CONTEXT(2) 
PARAMETRIC_REPRESENTATION_CONTEXT() REPRESENTATION_CONTEXT('2D SPACE',''
  ) );
#6798 = ORIENTED_EDGE('',*,*,#6799,.T.);
#6799 = EDGE_CURVE('',#6139,#6734,#6800,.T.);
#6800 = SURFACE_CURVE('',#6801,(#6805,#6812),.PCURVE_S1.);
#6801 = LINE('',#6802,#6803);
#6802 = CARTESIAN_POINT('',(6.5,28.686206781188,34.250558046456));
#6803 = VECTOR('',#6804,1.);
#6804 = DIRECTION('',(0.,0.999200958722,-3.996803834887E-02));
#6805 = PCURVE('',#5898,#6806);
#6806 = DEFINITIONAL_REPRESENTATION('',(#6807),#6811);
#6807 = LINE('',#6808,#6809);
#6808 = CARTESIAN_POINT('',(-8.887567280432,-17.17687846983));
#6809 = VECTOR('',#6810,1.);
#6810 = DIRECTION('',(0.487659849094,0.873033717322));
#6811 = ( GEOMETRIC_REPRESENTATION_CONTEXT(2) 
PARAMETRIC_REPRESENTATION_CONTEXT() REPRESENTATION_CONTEXT('2D SPACE',''
  ) );
#6812 = PCURVE('',#6198,#6813);
#6813 = DEFINITIONAL_REPRESENTATION('',(#6814),#6818);
#6814 = LINE('',#6815,#6816);
#6815 = CARTESIAN_POINT('',(-0.,0.));
#6816 = VECTOR('',#6817,1.);
#6817 = DIRECTION('',(-8.784400783511E-32,1.));
#6818 = ( GEOMETRIC_REPRESENTATION_CONTEXT(2) 
PARAMETRIC_REPRESENTATION_CONTEXT() REPRESENTATION_CONTEXT('2D SPACE',''
  ) );
#6819 = ORIENTED_EDGE('',*,*,#6733,.F.);
#6820 = ADVANCED_FACE('',(#6821),#5870,.T.);
#6821 = FACE_BOUND('',#6822,.T.);
#6822 = EDGE_LOOP('',(#6823,#6824,#6825,#6826));
#6823 = ORIENTED_EDGE('',*,*,#5854,.F.);
#6824 = ORIENTED_EDGE('',*,*,#6044,.T.);
#6825 = ORIENTED_EDGE('',*,*,#6138,.T.);
#6826 = ORIENTED_EDGE('',*,*,#6780,.F.);
#6827 = ADVANCED_FACE('',(#6828),#6198,.T.);
#6828 = FACE_BOUND('',#6829,.T.);
#6829 = EDGE_LOOP('',(#6830,#6831,#6832,#6833));
#6830 = ORIENTED_EDGE('',*,*,#6799,.F.);
#6831 = ORIENTED_EDGE('',*,*,#6185,.T.);
#6832 = ORIENTED_EDGE('',*,*,#6237,.T.);
#6833 = ORIENTED_EDGE('',*,*,#6834,.F.);
#6834 = EDGE_CURVE('',#6734,#6238,#6835,.T.);
#6835 = SURFACE_CURVE('',#6836,(#6840,#6846),.PCURVE_S1.);
#6836 = LINE('',#6837,#6838);
#6837 = CARTESIAN_POINT('',(6.5,101.16744896419,31.351308359135));
#6838 = VECTOR('',#6839,1.);
#6839 = DIRECTION('',(-1.,-6.115290040836E-18,-1.223180008997E-16));
#6840 = PCURVE('',#6198,#6841);
#6841 = DEFINITIONAL_REPRESENTATION('',(#6842),#6845);
#6842 = B_SPLINE_CURVE_WITH_KNOTS('',1,(#6843,#6844),.UNSPECIFIED.,.F.,
  .F.,(2,2),(6.394894160026E-29,13.),.PIECEWISE_BEZIER_KNOTS.);
#6843 = CARTESIAN_POINT('',(7.736505618114E-29,72.539204001295));
#6844 = CARTESIAN_POINT('',(13.,72.539204001295));
#6845 = ( GEOMETRIC_REPRESENTATION_CONTEXT(2) 
PARAMETRIC_REPRESENTATION_CONTEXT() REPRESENTATION_CONTEXT('2D SPACE',''
  ) );
#6846 = PCURVE('',#6300,#6847);
#6847 = DEFINITIONAL_REPRESENTATION('',(#6848),#6851);
#6848 = B_SPLINE_CURVE_WITH_KNOTS('',1,(#6849,#6850),.UNSPECIFIED.,.F.,
  .F.,(2,2),(6.394894160026E-29,13.),.PIECEWISE_BEZIER_KNOTS.);
#6849 = CARTESIAN_POINT('',(-1.293606912295E-30,22.03279971599));
#6850 = CARTESIAN_POINT('',(13.,22.03279971599));
#6851 = ( GEOMETRIC_REPRESENTATION_CONTEXT(2) 
PARAMETRIC_REPRESENTATION_CONTEXT() REPRESENTATION_CONTEXT('2D SPACE',''
  ) );
#6852 = ADVANCED_FACE('',(#6853),#6300,.T.);
#6853 = FACE_BOUND('',#6854,.T.);
#6854 = EDGE_LOOP('',(#6855,#6856,#6857,#6858));
#6855 = ORIENTED_EDGE('',*,*,#6754,.F.);
#6856 = ORIENTED_EDGE('',*,*,#6834,.T.);
#6857 = ORIENTED_EDGE('',*,*,#6284,.T.);
#6858 = ORIENTED_EDGE('',*,*,#6434,.F.);
#6859 = ADVANCED_FACE('',(#6860),#6377,.T.);
#6860 = FACE_BOUND('',#6861,.T.);
#6861 = EDGE_LOOP('',(#6862,#6863,#6882,#6883));
#6862 = ORIENTED_EDGE('',*,*,#6482,.F.);
#6863 = ORIENTED_EDGE('',*,*,#6864,.F.);
#6864 = EDGE_CURVE('',#6659,#6462,#6865,.T.);
#6865 = SURFACE_CURVE('',#6866,(#6870,#6876),.PCURVE_S1.);
#6866 = LINE('',#6867,#6868);
#6867 = CARTESIAN_POINT('',(-6.5,101.31208865887,34.24439081071));
#6868 = VECTOR('',#6869,1.);
#6869 = DIRECTION('',(-1.,-6.115290040836E-18,-1.223180008997E-16));
#6870 = PCURVE('',#6377,#6871);
#6871 = DEFINITIONAL_REPRESENTATION('',(#6872),#6875);
#6872 = B_SPLINE_CURVE_WITH_KNOTS('',1,(#6873,#6874),.UNSPECIFIED.,.F.,
  .F.,(2,2),(-13.,-1.810118261324E-29),.PIECEWISE_BEZIER_KNOTS.);
#6873 = CARTESIAN_POINT('',(13.,24.762527114429));
#6874 = CARTESIAN_POINT('',(8.549984547594E-29,24.762527114429));
#6875 = ( GEOMETRIC_REPRESENTATION_CONTEXT(2) 
PARAMETRIC_REPRESENTATION_CONTEXT() REPRESENTATION_CONTEXT('2D SPACE',''
  ) );
#6876 = PCURVE('',#6543,#6877);
#6877 = DEFINITIONAL_REPRESENTATION('',(#6878),#6881);
#6878 = B_SPLINE_CURVE_WITH_KNOTS('',1,(#6879,#6880),.UNSPECIFIED.,.F.,
  .F.,(2,2),(-13.,-1.810118261324E-29),.PIECEWISE_BEZIER_KNOTS.);
#6879 = CARTESIAN_POINT('',(13.,75.32671798217));
#6880 = CARTESIAN_POINT('',(1.705708077213E-30,75.32671798217));
#6881 = ( GEOMETRIC_REPRESENTATION_CONTEXT(2) 
PARAMETRIC_REPRESENTATION_CONTEXT() REPRESENTATION_CONTEXT('2D SPACE',''
  ) );
#6882 = ORIENTED_EDGE('',*,*,#6705,.T.);
#6883 = ORIENTED_EDGE('',*,*,#6361,.F.);
#6884 = ADVANCED_FACE('',(#6885),#6543,.T.);
#6885 = FACE_BOUND('',#6886,.T.);
#6886 = EDGE_LOOP('',(#6887,#6888,#6889,#6890));
#6887 = ORIENTED_EDGE('',*,*,#6529,.F.);
#6888 = ORIENTED_EDGE('',*,*,#6611,.F.);
#6889 = ORIENTED_EDGE('',*,*,#6658,.T.);
#6890 = ORIENTED_EDGE('',*,*,#6864,.T.);
#6891 = ( GEOMETRIC_REPRESENTATION_CONTEXT(3) 
GLOBAL_UNCERTAINTY_ASSIGNED_CONTEXT((#6895)) 
GLOBAL_UNIT_ASSIGNED_CONTEXT((#6892,#6893,#6894)) REPRESENTATION_CONTEXT
('Context #1','3D Context with UNIT and UNCERTAINTY') );
#6892 = ( LENGTH_UNIT() NAMED_UNIT(*) SI_UNIT(.MILLI.,.METRE.) );
#6893 = ( NAMED_UNIT(*) PLANE_ANGLE_UNIT() SI_UNIT($,.RADIAN.) );
#6894 = ( NAMED_UNIT(*) SI_UNIT($,.STERADIAN.) SOLID_ANGLE_UNIT() );
#6895 = UNCERTAINTY_MEASURE_WITH_UNIT(LENGTH_MEASURE(2.E-06),#6892,
  'distance_accuracy_value','confusion accuracy');
#6896 = PRODUCT_RELATED_PRODUCT_CATEGORY('part',$,(#7));
ENDSEC;
END-ISO-10303-21;
